2026-04-12,지금 매수,LF,093050,최근 급등 뒤 숨고르기 구간에 진입했습니다.,66.7%,6.3%
2026-04-12,신중히 매수,DL이앤씨2우(전환),37550L,거래량 급증,50.0%,5.3%
2026-04-12,신중히 매수,동부건설,005960,"거래가 조용해져 다음 움직임을 준비하는 모습입니다., 거래가 조용해지며 다음 변동성을 준비하는 구간입니다.",52.2%,6.5%
2026-04-12,신중히 매수,GS리테일,007070,거래가 조용해지며 다음 변동성을 준비하는 구간입니다.,56.0%,1.2%
2026-04-12,신중히 매수,대림바스,005750,거래가 조용해지며 다음 변동성을 준비하는 구간입니다.,59.3%,5.6%
2026-04-12,신중히 매수,TBH글로벌,084870,거래가 조용해지며 다음 변동성을 준비하는 구간입니다.,56.2%,2.2%
2026-04-12,신중히 매수,진도,088790,거래가 조용해지며 다음 변동성을 준비하는 구간입니다.,52.9%,0.6%
2026-04-12,신중히 매수,케이비아이동국실업,001620,"거래가 조용해지며 다음 변동성을 준비하는 구간입니다., 거래량 급증",66.7%,3.5%
2026-04-12,신중히 매수,한국토지신탁,034830,거래가 조용해지며 다음 변동성을 준비하는 구간입니다.,53.3%,2.5%
2026-04-12,신중히 매수,한솔홀딩스,004150,거래가 조용해져 다음 움직임을 준비하는 모습입니다.,75.0%,2.2%
2026-04-12,신중히 매수,세방,004360,거래가 조용해져 다음 움직임을 준비하는 모습입니다.,50.0%,0.3%
2026-04-12,신중히 매수,미창석유,003650,거래가 조용해지며 다음 변동성을 준비하는 구간입니다.,50.0%,2.9%
2026-04-12,신중히 매수,신세계푸드,031440,"거래가 조용해져 다음 움직임을 준비하는 모습입니다., 바닥권 반등 신호(BB 하단), 과매도 반등 신호",50.0%,1.1%
2026-04-12,신중히 매수,현대차,005380,거래가 조용해지며 다음 변동성을 준비하는 구간입니다.,54.5%,7.0%
2026-04-12,신중히 매수,한전기술,052690,거래가 조용해지며 다음 변동성을 준비하는 구간입니다.,51.9%,0.6%
2026-04-12,신중히 매수,현대약품,004310,RSI 반전 신호(상승 가능성),57.1%,0.6%
2026-04-12,신중히 매수,신도리코,029530,"RSI 반전 신호(상승 가능성), 거래가 조용해져 다음 움직임을 준비하는 모습입니다.",62.5%,9.2%
2026-04-12,신중히 매수,한신기계,011700,거래가 조용해져 다음 움직임을 준비하는 모습입니다.,50.0%,1.2%
2026-04-12,신중히 매수,두산퓨얼셀1우,33626K,거래가 조용해져 다음 움직임을 준비하는 모습입니다.,63.2%,0.5%
2026-04-12,추가 확인 후 매수,삼일씨엔에스,004440,거래가 조용해져 다음 움직임을 준비하는 모습입니다.,40.0%,1.9%
2026-04-12,추가 확인 후 매수,한신공영,004960,거래가 조용해져 다음 움직임을 준비하는 모습입니다.,47.4%,3.5%
2026-04-12,추가 확인 후 매수,삼화콘덴서,001820,거래가 조용해지며 다음 변동성을 준비하는 구간입니다.,41.7%,3.7%
2026-04-12,추가 확인 후 매수,부광약품,003000,"거래가 조용해져 다음 움직임을 준비하는 모습입니다., 과매도 반등 신호",45.5%,10.7%
2026-04-12,추가 확인 후 매수,LS,006260,거래가 조용해지며 다음 변동성을 준비하는 구간입니다.,47.1%,2.4%
2026-04-12,추가 확인 후 매수,BYC우,001465,거래량 급증,44.0%,-0.4%
2026-04-12,추가 확인 후 매수,롯데쇼핑,023530,"거래가 조용해져 다음 움직임을 준비하는 모습입니다., 거래가 조용해지며 다음 변동성을 준비하는 구간입니다.",42.9%,-1.2%
2026-04-12,추가 확인 후 매수,가온전선,000500,"거래가 조용해져 다음 움직임을 준비하는 모습입니다., 거래가 조용해지며 다음 변동성을 준비하는 구간입니다.",40.6%,5.8%
2026-04-12,추가 확인 후 매수,대덕,008060,거래가 조용해져 다음 움직임을 준비하는 모습입니다.,42.9%,0.7%
2026-04-12,추가 확인 후 매수,영화금속,012280,거래량 급증,45.7%,3.2%
2026-04-12,추가 확인 후 매수,F&amp;F홀딩스,007700,RSI 반전 신호(상승 가능성),50.0%,-1.3%
2026-04-12,추가 확인 후 매수,농심,004370,거래가 조용해지며 다음 변동성을 준비하는 구간입니다.,100.0%,1.9%
2026-04-12,추가 확인 후 매수,삼양통상,002170,거래가 조용해지며 다음 변동성을 준비하는 구간입니다.,41.2%,0.3%
2026-04-12,추가 확인 후 매수,진흥기업우B,002785,"거래가 조용해져 다음 움직임을 준비하는 모습입니다., 거래가 조용해지며 다음 변동성을 준비하는 구간입니다.",50.0%,-0.8%
2026-04-12,추가 확인 후 매수,한진칼우,18064K,거래가 조용해져 다음 움직임을 준비하는 모습입니다.,88.9%,5.5%
2026-04-12,추가 확인 후 매수,롯데칠성,005300,거래가 조용해지며 다음 변동성을 준비하는 구간입니다.,66.7%,1.2%
2026-04-12,추가 확인 후 매수,TP,007980,거래가 조용해지며 다음 변동성을 준비하는 구간입니다.,41.2%,-0.4%
2026-04-12,추가 확인 후 매수,SK디앤디,210980,"바닥권 반등 신호(BB 하단), 거래가 조용해지며 다음 변동성을 준비하는 구간입니다.",43.3%,-0.8%
2026-04-12,추가 확인 후 매수,한화비전,489790,"RSI 반전 신호(상승 가능성), 거래가 조용해져 다음 움직임을 준비하는 모습입니다.",44.4%,-2.0%
2026-04-12,추가 확인 후 매수,한국쉘석유,002960,거래가 조용해지며 다음 변동성을 준비하는 구간입니다.,44.0%,-1.8%
2026-04-12,추가 확인 후 매수,스틱인베스트먼트,026890,거래가 조용해지며 다음 변동성을 준비하는 구간입니다.,100.0%,2.2%
2026-04-12,추가 확인 후 매수,삼성에스디에스,018260,"RSI 반전 신호(상승 가능성), 거래가 조용해져 다음 움직임을 준비하는 모습입니다.",50.0%,-0.3%
2026-04-12,추가 확인 후 매수,한화시스템,272210,"최근 급등 뒤 숨고르기 구간에 진입했습니다., 거래가 조용해지며 다음 변동성을 준비하는 구간입니다.",48.4%,2.4%
2026-04-12,추가 확인 후 매수,현대차2우B,005387,거래가 조용해져 다음 움직임을 준비하는 모습입니다.,43.3%,-0.1%
2026-04-12,추가 확인 후 매수,SGC에너지,005090,"최근 급등 뒤 숨고르기 구간에 진입했습니다., 과매도 반등 신호",42.9%,-0.3%
2026-04-12,추가 확인 후 매수,티에이치엔,019180,거래가 조용해져 다음 움직임을 준비하는 모습입니다.,42.3%,0.8%
2026-04-12,추가 확인 후 매수,일동제약,249420,거래가 조용해져 다음 움직임을 준비하는 모습입니다.,41.7%,-2.1%
2026-04-12,추가 확인 후 매수,하이브,352820,거래가 조용해져 다음 움직임을 준비하는 모습입니다.,43.8%,-2.0%
2026-04-12,지금 매수,LF,093050,최근 급등 뒤 숨고르기 구간에 진입했습니다.,66.7%,6.3%
2026-04-12,신중히 매수,DL이앤씨2우(전환),37550L,거래량 급증,50.0%,5.3%
2026-04-12,신중히 매수,동부건설,005960,"거래가 조용해져 다음 움직임을 준비하는 모습입니다., 거래가 조용해지며 다음 변동성을 준비하는 구간입니다.",52.2%,6.5%
2026-04-12,신중히 매수,GS리테일,007070,거래가 조용해지며 다음 변동성을 준비하는 구간입니다.,56.0%,1.2%
2026-04-12,신중히 매수,대림바스,005750,거래가 조용해지며 다음 변동성을 준비하는 구간입니다.,59.3%,5.6%
2026-04-12,신중히 매수,TBH글로벌,084870,거래가 조용해지며 다음 변동성을 준비하는 구간입니다.,56.2%,2.2%
2026-04-12,신중히 매수,진도,088790,거래가 조용해지며 다음 변동성을 준비하는 구간입니다.,52.9%,0.6%
2026-04-12,신중히 매수,케이비아이동국실업,001620,"거래가 조용해지며 다음 변동성을 준비하는 구간입니다., 거래량 급증",66.7%,3.5%
2026-04-12,신중히 매수,한국토지신탁,034830,거래가 조용해지며 다음 변동성을 준비하는 구간입니다.,53.3%,2.5%
2026-04-12,신중히 매수,한솔홀딩스,004150,거래가 조용해져 다음 움직임을 준비하는 모습입니다.,75.0%,2.2%
2026-04-12,신중히 매수,세방,004360,거래가 조용해져 다음 움직임을 준비하는 모습입니다.,50.0%,0.3%
2026-04-12,신중히 매수,미창석유,003650,거래가 조용해지며 다음 변동성을 준비하는 구간입니다.,50.0%,2.9%
2026-04-12,신중히 매수,신세계푸드,031440,"거래가 조용해져 다음 움직임을 준비하는 모습입니다., 바닥권 반등 신호(BB 하단), 과매도 반등 신호",50.0%,1.1%
2026-04-12,신중히 매수,현대차,005380,거래가 조용해지며 다음 변동성을 준비하는 구간입니다.,54.5%,7.0%
2026-04-12,신중히 매수,한전기술,052690,거래가 조용해지며 다음 변동성을 준비하는 구간입니다.,51.9%,0.6%
2026-04-12,신중히 매수,현대약품,004310,RSI 반전 신호(상승 가능성),57.1%,0.6%
2026-04-12,신중히 매수,신도리코,029530,"RSI 반전 신호(상승 가능성), 거래가 조용해져 다음 움직임을 준비하는 모습입니다.",62.5%,9.2%
2026-04-12,신중히 매수,한신기계,011700,거래가 조용해져 다음 움직임을 준비하는 모습입니다.,50.0%,1.2%
2026-04-12,신중히 매수,두산퓨얼셀1우,33626K,거래가 조용해져 다음 움직임을 준비하는 모습입니다.,63.2%,0.5%
2026-04-12,추가 확인 후 매수,삼일씨엔에스,004440,거래가 조용해져 다음 움직임을 준비하는 모습입니다.,40.0%,1.9%
2026-04-12,추가 확인 후 매수,한신공영,004960,거래가 조용해져 다음 움직임을 준비하는 모습입니다.,47.4%,3.5%
2026-04-12,추가 확인 후 매수,삼화콘덴서,001820,거래가 조용해지며 다음 변동성을 준비하는 구간입니다.,41.7%,3.7%
2026-04-12,추가 확인 후 매수,부광약품,003000,"거래가 조용해져 다음 움직임을 준비하는 모습입니다., 과매도 반등 신호",45.5%,10.7%
2026-04-12,추가 확인 후 매수,LS,006260,거래가 조용해지며 다음 변동성을 준비하는 구간입니다.,47.1%,2.4%
2026-04-12,추가 확인 후 매수,BYC우,001465,거래량 급증,44.0%,-0.4%
2026-04-12,추가 확인 후 매수,롯데쇼핑,023530,"거래가 조용해져 다음 움직임을 준비하는 모습입니다., 거래가 조용해지며 다음 변동성을 준비하는 구간입니다.",42.9%,-1.2%
2026-04-12,추가 확인 후 매수,가온전선,000500,"거래가 조용해져 다음 움직임을 준비하는 모습입니다., 거래가 조용해지며 다음 변동성을 준비하는 구간입니다.",40.6%,5.8%
2026-04-12,추가 확인 후 매수,대덕,008060,거래가 조용해져 다음 움직임을 준비하는 모습입니다.,42.9%,0.7%
2026-04-12,추가 확인 후 매수,영화금속,012280,거래량 급증,45.7%,3.2%
2026-04-12,추가 확인 후 매수,F&amp;F홀딩스,007700,RSI 반전 신호(상승 가능성),50.0%,-1.3%
2026-04-12,추가 확인 후 매수,농심,004370,거래가 조용해지며 다음 변동성을 준비하는 구간입니다.,100.0%,1.9%
2026-04-12,추가 확인 후 매수,삼양통상,002170,거래가 조용해지며 다음 변동성을 준비하는 구간입니다.,41.2%,0.3%
2026-04-12,추가 확인 후 매수,진흥기업우B,002785,"거래가 조용해져 다음 움직임을 준비하는 모습입니다., 거래가 조용해지며 다음 변동성을 준비하는 구간입니다.",50.0%,-0.8%
2026-04-12,추가 확인 후 매수,한진칼우,18064K,거래가 조용해져 다음 움직임을 준비하는 모습입니다.,88.9%,5.5%
2026-04-12,추가 확인 후 매수,롯데칠성,005300,거래가 조용해지며 다음 변동성을 준비하는 구간입니다.,66.7%,1.2%
2026-04-12,추가 확인 후 매수,TP,007980,거래가 조용해지며 다음 변동성을 준비하는 구간입니다.,41.2%,-0.4%
2026-04-12,추가 확인 후 매수,SK디앤디,210980,"바닥권 반등 신호(BB 하단), 거래가 조용해지며 다음 변동성을 준비하는 구간입니다.",43.3%,-0.8%
2026-04-12,추가 확인 후 매수,한화비전,489790,"RSI 반전 신호(상승 가능성), 거래가 조용해져 다음 움직임을 준비하는 모습입니다.",44.4%,-2.0%
2026-04-12,추가 확인 후 매수,한국쉘석유,002960,거래가 조용해지며 다음 변동성을 준비하는 구간입니다.,44.0%,-1.8%
2026-04-12,추가 확인 후 매수,스틱인베스트먼트,026890,거래가 조용해지며 다음 변동성을 준비하는 구간입니다.,100.0%,2.2%
2026-04-12,추가 확인 후 매수,삼성에스디에스,018260,"RSI 반전 신호(상승 가능성), 거래가 조용해져 다음 움직임을 준비하는 모습입니다.",50.0%,-0.3%
2026-04-12,추가 확인 후 매수,한화시스템,272210,"최근 급등 뒤 숨고르기 구간에 진입했습니다., 거래가 조용해지며 다음 변동성을 준비하는 구간입니다.",48.4%,2.4%
2026-04-12,추가 확인 후 매수,현대차2우B,005387,거래가 조용해져 다음 움직임을 준비하는 모습입니다.,43.3%,-0.1%
2026-04-12,추가 확인 후 매수,SGC에너지,005090,"최근 급등 뒤 숨고르기 구간에 진입했습니다., 과매도 반등 신호",42.9%,-0.3%
2026-04-12,추가 확인 후 매수,티에이치엔,019180,거래가 조용해져 다음 움직임을 준비하는 모습입니다.,42.3%,0.8%
2026-04-12,추가 확인 후 매수,일동제약,249420,거래가 조용해져 다음 움직임을 준비하는 모습입니다.,41.7%,-2.1%
2026-04-12,추가 확인 후 매수,하이브,352820,거래가 조용해져 다음 움직임을 준비하는 모습입니다.,43.8%,-2.0%
2026-04-12,지금 매수,LF,093050,최근 급등 뒤 숨고르기 구간에 진입했습니다.,66.7%,6.3%
2026-04-12,신중히 매수,DL이앤씨2우(전환),37550L,거래량 급증,50.0%,5.3%
2026-04-12,신중히 매수,동부건설,005960,"거래가 조용해져 다음 움직임을 준비하는 모습입니다., 거래가 조용해지며 다음 변동성을 준비하는 구간입니다.",52.2%,6.5%
2026-04-12,신중히 매수,GS리테일,007070,거래가 조용해지며 다음 변동성을 준비하는 구간입니다.,56.0%,1.2%
2026-04-12,신중히 매수,대림바스,005750,거래가 조용해지며 다음 변동성을 준비하는 구간입니다.,59.3%,5.6%
2026-04-12,신중히 매수,TBH글로벌,084870,거래가 조용해지며 다음 변동성을 준비하는 구간입니다.,56.2%,2.2%
2026-04-12,신중히 매수,진도,088790,거래가 조용해지며 다음 변동성을 준비하는 구간입니다.,52.9%,0.6%
2026-04-12,신중히 매수,케이비아이동국실업,001620,"거래가 조용해지며 다음 변동성을 준비하는 구간입니다., 거래량 급증",66.7%,3.5%
2026-04-12,신중히 매수,한국토지신탁,034830,거래가 조용해지며 다음 변동성을 준비하는 구간입니다.,53.3%,2.5%
2026-04-12,신중히 매수,한솔홀딩스,004150,거래가 조용해져 다음 움직임을 준비하는 모습입니다.,75.0%,2.2%
2026-04-12,신중히 매수,세방,004360,거래가 조용해져 다음 움직임을 준비하는 모습입니다.,50.0%,0.3%
2026-04-12,신중히 매수,미창석유,003650,거래가 조용해지며 다음 변동성을 준비하는 구간입니다.,50.0%,2.9%
2026-04-12,신중히 매수,신세계푸드,031440,"거래가 조용해져 다음 움직임을 준비하는 모습입니다., 바닥권 반등 신호(BB 하단), 과매도 반등 신호",50.0%,1.1%
2026-04-12,신중히 매수,현대차,005380,거래가 조용해지며 다음 변동성을 준비하는 구간입니다.,54.5%,7.0%
2026-04-12,신중히 매수,한전기술,052690,거래가 조용해지며 다음 변동성을 준비하는 구간입니다.,51.9%,0.6%
2026-04-12,신중히 매수,현대약품,004310,RSI 반전 신호(상승 가능성),57.1%,0.6%
2026-04-12,신중히 매수,신도리코,029530,"RSI 반전 신호(상승 가능성), 거래가 조용해져 다음 움직임을 준비하는 모습입니다.",62.5%,9.2%
2026-04-12,신중히 매수,한신기계,011700,거래가 조용해져 다음 움직임을 준비하는 모습입니다.,50.0%,1.2%
2026-04-12,신중히 매수,두산퓨얼셀1우,33626K,거래가 조용해져 다음 움직임을 준비하는 모습입니다.,63.2%,0.5%
2026-04-12,추가 확인 후 매수,삼일씨엔에스,004440,거래가 조용해져 다음 움직임을 준비하는 모습입니다.,40.0%,1.9%
2026-04-12,추가 확인 후 매수,한신공영,004960,거래가 조용해져 다음 움직임을 준비하는 모습입니다.,47.4%,3.5%
2026-04-12,추가 확인 후 매수,삼화콘덴서,001820,거래가 조용해지며 다음 변동성을 준비하는 구간입니다.,41.7%,3.7%
2026-04-12,추가 확인 후 매수,부광약품,003000,"거래가 조용해져 다음 움직임을 준비하는 모습입니다., 과매도 반등 신호",45.5%,10.7%
2026-04-12,추가 확인 후 매수,LS,006260,거래가 조용해지며 다음 변동성을 준비하는 구간입니다.,47.1%,2.4%
2026-04-12,추가 확인 후 매수,BYC우,001465,거래량 급증,44.0%,-0.4%
2026-04-12,추가 확인 후 매수,롯데쇼핑,023530,"거래가 조용해져 다음 움직임을 준비하는 모습입니다., 거래가 조용해지며 다음 변동성을 준비하는 구간입니다.",42.9%,-1.2%
2026-04-12,추가 확인 후 매수,가온전선,000500,"거래가 조용해져 다음 움직임을 준비하는 모습입니다., 거래가 조용해지며 다음 변동성을 준비하는 구간입니다.",40.6%,5.8%
2026-04-12,추가 확인 후 매수,대덕,008060,거래가 조용해져 다음 움직임을 준비하는 모습입니다.,42.9%,0.7%
2026-04-12,추가 확인 후 매수,영화금속,012280,거래량 급증,45.7%,3.2%
2026-04-12,추가 확인 후 매수,F&amp;F홀딩스,007700,RSI 반전 신호(상승 가능성),50.0%,-1.3%
2026-04-12,추가 확인 후 매수,농심,004370,거래가 조용해지며 다음 변동성을 준비하는 구간입니다.,100.0%,1.9%
2026-04-12,추가 확인 후 매수,삼양통상,002170,거래가 조용해지며 다음 변동성을 준비하는 구간입니다.,41.2%,0.3%
2026-04-12,추가 확인 후 매수,진흥기업우B,002785,"거래가 조용해져 다음 움직임을 준비하는 모습입니다., 거래가 조용해지며 다음 변동성을 준비하는 구간입니다.",50.0%,-0.8%
2026-04-12,추가 확인 후 매수,한진칼우,18064K,거래가 조용해져 다음 움직임을 준비하는 모습입니다.,88.9%,5.5%
2026-04-12,추가 확인 후 매수,롯데칠성,005300,거래가 조용해지며 다음 변동성을 준비하는 구간입니다.,66.7%,1.2%
2026-04-12,추가 확인 후 매수,TP,007980,거래가 조용해지며 다음 변동성을 준비하는 구간입니다.,41.2%,-0.4%
2026-04-12,추가 확인 후 매수,SK디앤디,210980,"바닥권 반등 신호(BB 하단), 거래가 조용해지며 다음 변동성을 준비하는 구간입니다.",43.3%,-0.8%
2026-04-12,추가 확인 후 매수,한화비전,489790,"RSI 반전 신호(상승 가능성), 거래가 조용해져 다음 움직임을 준비하는 모습입니다.",44.4%,-2.0%
2026-04-12,추가 확인 후 매수,한국쉘석유,002960,거래가 조용해지며 다음 변동성을 준비하는 구간입니다.,44.0%,-1.8%
2026-04-12,추가 확인 후 매수,스틱인베스트먼트,026890,거래가 조용해지며 다음 변동성을 준비하는 구간입니다.,100.0%,2.2%
2026-04-12,추가 확인 후 매수,삼성에스디에스,018260,"RSI 반전 신호(상승 가능성), 거래가 조용해져 다음 움직임을 준비하는 모습입니다.",50.0%,-0.3%
2026-04-12,추가 확인 후 매수,한화시스템,272210,"최근 급등 뒤 숨고르기 구간에 진입했습니다., 거래가 조용해지며 다음 변동성을 준비하는 구간입니다.",48.4%,2.4%
2026-04-12,추가 확인 후 매수,현대차2우B,005387,거래가 조용해져 다음 움직임을 준비하는 모습입니다.,43.3%,-0.1%
2026-04-12,추가 확인 후 매수,SGC에너지,005090,"최근 급등 뒤 숨고르기 구간에 진입했습니다., 과매도 반등 신호",42.9%,-0.3%
2026-04-12,추가 확인 후 매수,티에이치엔,019180,거래가 조용해져 다음 움직임을 준비하는 모습입니다.,42.3%,0.8%
2026-04-12,추가 확인 후 매수,일동제약,249420,거래가 조용해져 다음 움직임을 준비하는 모습입니다.,41.7%,-2.1%
2026-04-12,추가 확인 후 매수,하이브,352820,거래가 조용해져 다음 움직임을 준비하는 모습입니다.,43.8%,-2.0%
2026-04-12,지금 매수,LF,093050,최근 급등 뒤 숨고르기 구간에 진입했습니다.,66.7%,6.3%
2026-04-12,신중히 매수,DL이앤씨2우(전환),37550L,거래량 급증,50.0%,5.3%
2026-04-12,신중히 매수,동부건설,005960,"거래가 조용해져 다음 움직임을 준비하는 모습입니다., 거래가 조용해지며 다음 변동성을 준비하는 구간입니다.",52.2%,6.5%
2026-04-12,신중히 매수,GS리테일,007070,거래가 조용해지며 다음 변동성을 준비하는 구간입니다.,56.0%,1.2%
2026-04-12,신중히 매수,대림바스,005750,거래가 조용해지며 다음 변동성을 준비하는 구간입니다.,59.3%,5.6%
2026-04-12,신중히 매수,TBH글로벌,084870,거래가 조용해지며 다음 변동성을 준비하는 구간입니다.,56.2%,2.2%
2026-04-12,신중히 매수,진도,088790,거래가 조용해지며 다음 변동성을 준비하는 구간입니다.,52.9%,0.6%
2026-04-12,신중히 매수,케이비아이동국실업,001620,"거래가 조용해지며 다음 변동성을 준비하는 구간입니다., 거래량 급증",66.7%,3.5%
2026-04-12,신중히 매수,한국토지신탁,034830,거래가 조용해지며 다음 변동성을 준비하는 구간입니다.,53.3%,2.5%
2026-04-12,신중히 매수,한솔홀딩스,004150,거래가 조용해져 다음 움직임을 준비하는 모습입니다.,75.0%,2.2%
2026-04-12,신중히 매수,세방,004360,거래가 조용해져 다음 움직임을 준비하는 모습입니다.,50.0%,0.3%
2026-04-12,신중히 매수,미창석유,003650,거래가 조용해지며 다음 변동성을 준비하는 구간입니다.,50.0%,2.9%
2026-04-12,신중히 매수,신세계푸드,031440,"거래가 조용해져 다음 움직임을 준비하는 모습입니다., 바닥권 반등 신호(BB 하단), 과매도 반등 신호",50.0%,1.1%
2026-04-12,신중히 매수,현대차,005380,거래가 조용해지며 다음 변동성을 준비하는 구간입니다.,54.5%,7.0%
2026-04-12,신중히 매수,한전기술,052690,거래가 조용해지며 다음 변동성을 준비하는 구간입니다.,51.9%,0.6%
2026-04-12,신중히 매수,현대약품,004310,RSI 반전 신호(상승 가능성),57.1%,0.6%
2026-04-12,신중히 매수,신도리코,029530,"RSI 반전 신호(상승 가능성), 거래가 조용해져 다음 움직임을 준비하는 모습입니다.",62.5%,9.2%
2026-04-12,신중히 매수,한신기계,011700,거래가 조용해져 다음 움직임을 준비하는 모습입니다.,50.0%,1.2%
2026-04-12,신중히 매수,두산퓨얼셀1우,33626K,거래가 조용해져 다음 움직임을 준비하는 모습입니다.,63.2%,0.5%
2026-04-12,추가 확인 후 매수,삼일씨엔에스,004440,거래가 조용해져 다음 움직임을 준비하는 모습입니다.,40.0%,1.9%
2026-04-12,추가 확인 후 매수,한신공영,004960,거래가 조용해져 다음 움직임을 준비하는 모습입니다.,47.4%,3.5%
2026-04-12,추가 확인 후 매수,삼화콘덴서,001820,거래가 조용해지며 다음 변동성을 준비하는 구간입니다.,41.7%,3.7%
2026-04-12,추가 확인 후 매수,부광약품,003000,"거래가 조용해져 다음 움직임을 준비하는 모습입니다., 과매도 반등 신호",45.5%,10.7%
2026-04-12,추가 확인 후 매수,LS,006260,거래가 조용해지며 다음 변동성을 준비하는 구간입니다.,47.1%,2.4%
2026-04-12,추가 확인 후 매수,BYC우,001465,거래량 급증,44.0%,-0.4%
2026-04-12,추가 확인 후 매수,롯데쇼핑,023530,"거래가 조용해져 다음 움직임을 준비하는 모습입니다., 거래가 조용해지며 다음 변동성을 준비하는 구간입니다.",42.9%,-1.2%
2026-04-12,추가 확인 후 매수,가온전선,000500,"거래가 조용해져 다음 움직임을 준비하는 모습입니다., 거래가 조용해지며 다음 변동성을 준비하는 구간입니다.",40.6%,5.8%
2026-04-12,추가 확인 후 매수,대덕,008060,거래가 조용해져 다음 움직임을 준비하는 모습입니다.,42.9%,0.7%
2026-04-12,추가 확인 후 매수,영화금속,012280,거래량 급증,45.7%,3.2%
2026-04-12,추가 확인 후 매수,F&amp;F홀딩스,007700,RSI 반전 신호(상승 가능성),50.0%,-1.3%
2026-04-12,추가 확인 후 매수,농심,004370,거래가 조용해지며 다음 변동성을 준비하는 구간입니다.,100.0%,1.9%
2026-04-12,추가 확인 후 매수,삼양통상,002170,거래가 조용해지며 다음 변동성을 준비하는 구간입니다.,41.2%,0.3%
2026-04-12,추가 확인 후 매수,진흥기업우B,002785,"거래가 조용해져 다음 움직임을 준비하는 모습입니다., 거래가 조용해지며 다음 변동성을 준비하는 구간입니다.",50.0%,-0.8%
2026-04-12,추가 확인 후 매수,한진칼우,18064K,거래가 조용해져 다음 움직임을 준비하는 모습입니다.,88.9%,5.5%
2026-04-12,추가 확인 후 매수,롯데칠성,005300,거래가 조용해지며 다음 변동성을 준비하는 구간입니다.,66.7%,1.2%
2026-04-12,추가 확인 후 매수,TP,007980,거래가 조용해지며 다음 변동성을 준비하는 구간입니다.,41.2%,-0.4%
2026-04-12,추가 확인 후 매수,SK디앤디,210980,"바닥권 반등 신호(BB 하단), 거래가 조용해지며 다음 변동성을 준비하는 구간입니다.",43.3%,-0.8%
2026-04-12,추가 확인 후 매수,한화비전,489790,"RSI 반전 신호(상승 가능성), 거래가 조용해져 다음 움직임을 준비하는 모습입니다.",44.4%,-2.0%
2026-04-12,추가 확인 후 매수,한국쉘석유,002960,거래가 조용해지며 다음 변동성을 준비하는 구간입니다.,44.0%,-1.8%
2026-04-12,추가 확인 후 매수,스틱인베스트먼트,026890,거래가 조용해지며 다음 변동성을 준비하는 구간입니다.,100.0%,2.2%
2026-04-12,추가 확인 후 매수,삼성에스디에스,018260,"RSI 반전 신호(상승 가능성), 거래가 조용해져 다음 움직임을 준비하는 모습입니다.",50.0%,-0.3%
2026-04-12,추가 확인 후 매수,한화시스템,272210,"최근 급등 뒤 숨고르기 구간에 진입했습니다., 거래가 조용해지며 다음 변동성을 준비하는 구간입니다.",48.4%,2.4%
2026-04-12,추가 확인 후 매수,현대차2우B,005387,거래가 조용해져 다음 움직임을 준비하는 모습입니다.,43.3%,-0.1%
2026-04-12,추가 확인 후 매수,SGC에너지,005090,"최근 급등 뒤 숨고르기 구간에 진입했습니다., 과매도 반등 신호",42.9%,-0.3%
2026-04-12,추가 확인 후 매수,티에이치엔,019180,거래가 조용해져 다음 움직임을 준비하는 모습입니다.,42.3%,0.8%
2026-04-12,추가 확인 후 매수,일동제약,249420,거래가 조용해져 다음 움직임을 준비하는 모습입니다.,41.7%,-2.1%
2026-04-12,추가 확인 후 매수,하이브,352820,거래가 조용해져 다음 움직임을 준비하는 모습입니다.,43.8%,-2.0%
2026-04-12,지금 매수,LF,093050,최근 급등 뒤 숨고르기 구간에 진입했습니다.,66.7%,6.3%
2026-04-12,신중히 매수,DL이앤씨2우(전환),37550L,거래량 급증,50.0%,5.3%
2026-04-12,신중히 매수,동부건설,005960,"거래가 조용해져 다음 움직임을 준비하는 모습입니다., 거래가 조용해지며 다음 변동성을 준비하는 구간입니다.",52.2%,6.5%
2026-04-12,신중히 매수,GS리테일,007070,거래가 조용해지며 다음 변동성을 준비하는 구간입니다.,56.0%,1.2%
2026-04-12,신중히 매수,대림바스,005750,거래가 조용해지며 다음 변동성을 준비하는 구간입니다.,59.3%,5.6%
2026-04-12,신중히 매수,TBH글로벌,084870,거래가 조용해지며 다음 변동성을 준비하는 구간입니다.,56.2%,2.2%
2026-04-12,신중히 매수,진도,088790,거래가 조용해지며 다음 변동성을 준비하는 구간입니다.,52.9%,0.6%
2026-04-12,신중히 매수,케이비아이동국실업,001620,"거래가 조용해지며 다음 변동성을 준비하는 구간입니다., 거래량 급증",66.7%,3.5%
2026-04-12,신중히 매수,한국토지신탁,034830,거래가 조용해지며 다음 변동성을 준비하는 구간입니다.,53.3%,2.5%
2026-04-12,신중히 매수,한솔홀딩스,004150,거래가 조용해져 다음 움직임을 준비하는 모습입니다.,75.0%,2.2%
2026-04-12,신중히 매수,세방,004360,거래가 조용해져 다음 움직임을 준비하는 모습입니다.,50.0%,0.3%
2026-04-12,신중히 매수,미창석유,003650,거래가 조용해지며 다음 변동성을 준비하는 구간입니다.,50.0%,2.9%
2026-04-12,신중히 매수,신세계푸드,031440,"거래가 조용해져 다음 움직임을 준비하는 모습입니다., 바닥권 반등 신호(BB 하단), 과매도 반등 신호",50.0%,1.1%
2026-04-12,신중히 매수,현대차,005380,거래가 조용해지며 다음 변동성을 준비하는 구간입니다.,54.5%,7.0%
2026-04-12,신중히 매수,한전기술,052690,거래가 조용해지며 다음 변동성을 준비하는 구간입니다.,51.9%,0.6%
2026-04-12,신중히 매수,현대약품,004310,RSI 반전 신호(상승 가능성),57.1%,0.6%
2026-04-12,신중히 매수,신도리코,029530,"RSI 반전 신호(상승 가능성), 거래가 조용해져 다음 움직임을 준비하는 모습입니다.",62.5%,9.2%
2026-04-12,신중히 매수,한신기계,011700,거래가 조용해져 다음 움직임을 준비하는 모습입니다.,50.0%,1.2%
2026-04-12,신중히 매수,두산퓨얼셀1우,33626K,거래가 조용해져 다음 움직임을 준비하는 모습입니다.,63.2%,0.5%
2026-04-12,추가 확인 후 매수,삼일씨엔에스,004440,거래가 조용해져 다음 움직임을 준비하는 모습입니다.,40.0%,1.9%
2026-04-12,추가 확인 후 매수,한신공영,004960,거래가 조용해져 다음 움직임을 준비하는 모습입니다.,47.4%,3.5%
2026-04-12,추가 확인 후 매수,삼화콘덴서,001820,거래가 조용해지며 다음 변동성을 준비하는 구간입니다.,41.7%,3.7%
2026-04-12,추가 확인 후 매수,부광약품,003000,"거래가 조용해져 다음 움직임을 준비하는 모습입니다., 과매도 반등 신호",45.5%,10.7%
2026-04-12,추가 확인 후 매수,LS,006260,거래가 조용해지며 다음 변동성을 준비하는 구간입니다.,47.1%,2.4%
2026-04-12,추가 확인 후 매수,BYC우,001465,거래량 급증,44.0%,-0.4%
2026-04-12,추가 확인 후 매수,롯데쇼핑,023530,"거래가 조용해져 다음 움직임을 준비하는 모습입니다., 거래가 조용해지며 다음 변동성을 준비하는 구간입니다.",42.9%,-1.2%
2026-04-12,추가 확인 후 매수,가온전선,000500,"거래가 조용해져 다음 움직임을 준비하는 모습입니다., 거래가 조용해지며 다음 변동성을 준비하는 구간입니다.",40.6%,5.8%
2026-04-12,추가 확인 후 매수,대덕,008060,거래가 조용해져 다음 움직임을 준비하는 모습입니다.,42.9%,0.7%
2026-04-12,추가 확인 후 매수,영화금속,012280,거래량 급증,45.7%,3.2%
2026-04-12,추가 확인 후 매수,F&amp;F홀딩스,007700,RSI 반전 신호(상승 가능성),50.0%,-1.3%
2026-04-12,추가 확인 후 매수,농심,004370,거래가 조용해지며 다음 변동성을 준비하는 구간입니다.,100.0%,1.9%
2026-04-12,추가 확인 후 매수,삼양통상,002170,거래가 조용해지며 다음 변동성을 준비하는 구간입니다.,41.2%,0.3%
2026-04-12,추가 확인 후 매수,진흥기업우B,002785,"거래가 조용해져 다음 움직임을 준비하는 모습입니다., 거래가 조용해지며 다음 변동성을 준비하는 구간입니다.",50.0%,-0.8%
2026-04-12,추가 확인 후 매수,한진칼우,18064K,거래가 조용해져 다음 움직임을 준비하는 모습입니다.,88.9%,5.5%
2026-04-12,추가 확인 후 매수,롯데칠성,005300,거래가 조용해지며 다음 변동성을 준비하는 구간입니다.,66.7%,1.2%
2026-04-12,추가 확인 후 매수,TP,007980,거래가 조용해지며 다음 변동성을 준비하는 구간입니다.,41.2%,-0.4%
2026-04-12,추가 확인 후 매수,SK디앤디,210980,"바닥권 반등 신호(BB 하단), 거래가 조용해지며 다음 변동성을 준비하는 구간입니다.",43.3%,-0.8%
2026-04-12,추가 확인 후 매수,한화비전,489790,"RSI 반전 신호(상승 가능성), 거래가 조용해져 다음 움직임을 준비하는 모습입니다.",44.4%,-2.0%
2026-04-12,추가 확인 후 매수,한국쉘석유,002960,거래가 조용해지며 다음 변동성을 준비하는 구간입니다.,44.0%,-1.8%
2026-04-12,추가 확인 후 매수,스틱인베스트먼트,026890,거래가 조용해지며 다음 변동성을 준비하는 구간입니다.,100.0%,2.2%
2026-04-12,추가 확인 후 매수,삼성에스디에스,018260,"RSI 반전 신호(상승 가능성), 거래가 조용해져 다음 움직임을 준비하는 모습입니다.",50.0%,-0.3%
2026-04-12,추가 확인 후 매수,한화시스템,272210,"최근 급등 뒤 숨고르기 구간에 진입했습니다., 거래가 조용해지며 다음 변동성을 준비하는 구간입니다.",48.4%,2.4%
2026-04-12,추가 확인 후 매수,현대차2우B,005387,거래가 조용해져 다음 움직임을 준비하는 모습입니다.,43.3%,-0.1%
2026-04-12,추가 확인 후 매수,SGC에너지,005090,"최근 급등 뒤 숨고르기 구간에 진입했습니다., 과매도 반등 신호",42.9%,-0.3%
2026-04-12,추가 확인 후 매수,티에이치엔,019180,거래가 조용해져 다음 움직임을 준비하는 모습입니다.,42.3%,0.8%
2026-04-12,추가 확인 후 매수,일동제약,249420,거래가 조용해져 다음 움직임을 준비하는 모습입니다.,41.7%,-2.1%
2026-04-12,추가 확인 후 매수,하이브,352820,거래가 조용해져 다음 움직임을 준비하는 모습입니다.,43.8%,-2.0%
2026-04-12,지금 매수,LF,093050,최근 급등 뒤 숨고르기 구간에 진입했습니다.,66.7%,6.3%
2026-04-12,신중히 매수,DL이앤씨2우(전환),37550L,거래량 급증,50.0%,5.3%
2026-04-12,신중히 매수,동부건설,005960,"거래가 조용해져 다음 움직임을 준비하는 모습입니다., 거래가 조용해지며 다음 변동성을 준비하는 구간입니다.",52.2%,6.5%
2026-04-12,신중히 매수,GS리테일,007070,거래가 조용해지며 다음 변동성을 준비하는 구간입니다.,56.0%,1.2%
2026-04-12,신중히 매수,대림바스,005750,거래가 조용해지며 다음 변동성을 준비하는 구간입니다.,59.3%,5.6%
2026-04-12,신중히 매수,TBH글로벌,084870,거래가 조용해지며 다음 변동성을 준비하는 구간입니다.,56.2%,2.2%
2026-04-12,신중히 매수,진도,088790,거래가 조용해지며 다음 변동성을 준비하는 구간입니다.,52.9%,0.6%
2026-04-12,신중히 매수,케이비아이동국실업,001620,"거래가 조용해지며 다음 변동성을 준비하는 구간입니다., 거래량 급증",66.7%,3.5%
2026-04-12,신중히 매수,한국토지신탁,034830,거래가 조용해지며 다음 변동성을 준비하는 구간입니다.,53.3%,2.5%
2026-04-12,신중히 매수,한솔홀딩스,004150,거래가 조용해져 다음 움직임을 준비하는 모습입니다.,75.0%,2.2%
2026-04-12,신중히 매수,세방,004360,거래가 조용해져 다음 움직임을 준비하는 모습입니다.,50.0%,0.3%
2026-04-12,신중히 매수,미창석유,003650,거래가 조용해지며 다음 변동성을 준비하는 구간입니다.,50.0%,2.9%
2026-04-12,신중히 매수,신세계푸드,031440,"거래가 조용해져 다음 움직임을 준비하는 모습입니다., 바닥권 반등 신호(BB 하단), 과매도 반등 신호",50.0%,1.1%
2026-04-12,신중히 매수,현대차,005380,거래가 조용해지며 다음 변동성을 준비하는 구간입니다.,54.5%,7.0%
2026-04-12,신중히 매수,한전기술,052690,거래가 조용해지며 다음 변동성을 준비하는 구간입니다.,51.9%,0.6%
2026-04-12,신중히 매수,현대약품,004310,RSI 반전 신호(상승 가능성),57.1%,0.6%
2026-04-12,신중히 매수,신도리코,029530,"RSI 반전 신호(상승 가능성), 거래가 조용해져 다음 움직임을 준비하는 모습입니다.",62.5%,9.2%
2026-04-12,신중히 매수,한신기계,011700,거래가 조용해져 다음 움직임을 준비하는 모습입니다.,50.0%,1.2%
2026-04-12,신중히 매수,두산퓨얼셀1우,33626K,거래가 조용해져 다음 움직임을 준비하는 모습입니다.,63.2%,0.5%
2026-04-12,추가 확인 후 매수,삼일씨엔에스,004440,거래가 조용해져 다음 움직임을 준비하는 모습입니다.,40.0%,1.9%
2026-04-12,추가 확인 후 매수,한신공영,004960,거래가 조용해져 다음 움직임을 준비하는 모습입니다.,47.4%,3.5%
2026-04-12,추가 확인 후 매수,삼화콘덴서,001820,거래가 조용해지며 다음 변동성을 준비하는 구간입니다.,41.7%,3.7%
2026-04-12,추가 확인 후 매수,부광약품,003000,"거래가 조용해져 다음 움직임을 준비하는 모습입니다., 과매도 반등 신호",45.5%,10.7%
2026-04-12,추가 확인 후 매수,LS,006260,거래가 조용해지며 다음 변동성을 준비하는 구간입니다.,47.1%,2.4%
2026-04-12,추가 확인 후 매수,BYC우,001465,거래량 급증,44.0%,-0.4%
2026-04-12,추가 확인 후 매수,롯데쇼핑,023530,"거래가 조용해져 다음 움직임을 준비하는 모습입니다., 거래가 조용해지며 다음 변동성을 준비하는 구간입니다.",42.9%,-1.2%
2026-04-12,추가 확인 후 매수,미원화학,134380,거래가 조용해져 다음 움직임을 준비하는 모습입니다.,41.9%,4.4%
2026-04-12,추가 확인 후 매수,가온전선,000500,"거래가 조용해져 다음 움직임을 준비하는 모습입니다., 거래가 조용해지며 다음 변동성을 준비하는 구간입니다.",40.6%,5.8%
2026-04-12,추가 확인 후 매수,대덕,008060,거래가 조용해져 다음 움직임을 준비하는 모습입니다.,42.9%,0.7%
2026-04-12,추가 확인 후 매수,영화금속,012280,거래량 급증,45.7%,3.2%
2026-04-12,추가 확인 후 매수,F&amp;F홀딩스,007700,RSI 반전 신호(상승 가능성),50.0%,-1.3%
2026-04-12,추가 확인 후 매수,농심,004370,거래가 조용해지며 다음 변동성을 준비하는 구간입니다.,100.0%,1.9%
2026-04-12,추가 확인 후 매수,삼양통상,002170,거래가 조용해지며 다음 변동성을 준비하는 구간입니다.,41.2%,0.3%
2026-04-12,추가 확인 후 매수,진흥기업우B,002785,"거래가 조용해져 다음 움직임을 준비하는 모습입니다., 거래가 조용해지며 다음 변동성을 준비하는 구간입니다.",50.0%,-0.8%
2026-04-12,추가 확인 후 매수,한진칼우,18064K,거래가 조용해져 다음 움직임을 준비하는 모습입니다.,88.9%,5.5%
2026-04-12,추가 확인 후 매수,롯데칠성,005300,거래가 조용해지며 다음 변동성을 준비하는 구간입니다.,66.7%,1.2%
2026-04-12,추가 확인 후 매수,TP,007980,거래가 조용해지며 다음 변동성을 준비하는 구간입니다.,41.2%,-0.4%
2026-04-12,추가 확인 후 매수,SK디앤디,210980,"바닥권 반등 신호(BB 하단), 거래가 조용해지며 다음 변동성을 준비하는 구간입니다.",43.3%,-0.8%
2026-04-12,추가 확인 후 매수,한화비전,489790,"RSI 반전 신호(상승 가능성), 거래가 조용해져 다음 움직임을 준비하는 모습입니다.",44.4%,-2.0%
2026-04-12,추가 확인 후 매수,한국쉘석유,002960,거래가 조용해지며 다음 변동성을 준비하는 구간입니다.,44.0%,-1.8%
2026-04-12,추가 확인 후 매수,스틱인베스트먼트,026890,거래가 조용해지며 다음 변동성을 준비하는 구간입니다.,100.0%,2.2%
2026-04-12,추가 확인 후 매수,삼성에스디에스,018260,"RSI 반전 신호(상승 가능성), 거래가 조용해져 다음 움직임을 준비하는 모습입니다.",50.0%,-0.3%
2026-04-12,추가 확인 후 매수,한화시스템,272210,"최근 급등 뒤 숨고르기 구간에 진입했습니다., 거래가 조용해지며 다음 변동성을 준비하는 구간입니다.",48.4%,2.4%
2026-04-12,추가 확인 후 매수,현대차2우B,005387,거래가 조용해져 다음 움직임을 준비하는 모습입니다.,43.3%,-0.1%
2026-04-12,추가 확인 후 매수,SGC에너지,005090,"최근 급등 뒤 숨고르기 구간에 진입했습니다., 과매도 반등 신호",42.9%,-0.3%
2026-04-12,추가 확인 후 매수,티에이치엔,019180,거래가 조용해져 다음 움직임을 준비하는 모습입니다.,42.3%,0.8%
2026-04-12,추가 확인 후 매수,일동제약,249420,거래가 조용해져 다음 움직임을 준비하는 모습입니다.,41.7%,-2.1%
2026-04-12,추가 확인 후 매수,하이브,352820,거래가 조용해져 다음 움직임을 준비하는 모습입니다.,43.8%,-2.0%
2026-04-13,신중히 매수,현대차,005380,거래가 조용해지며 다음 변동성을 준비하는 구간입니다.,54.5%,7.0%
2026-04-13,신중히 매수,한전기술,052690,거래가 조용해지며 다음 변동성을 준비하는 구간입니다.,50.0%,0.5%
2026-04-13,신중히 매수,GS리테일,007070,"거래가 조용해져 다음 움직임을 준비하는 모습입니다., 최근 급등 뒤 숨고르기 구간에 진입했습니다., 거래가 조용해지며 다음 변동성을 준비하는 구간입니다.",53.8%,1.0%
2026-04-13,신중히 매수,신도리코,029530,"RSI 반전 신호(상승 가능성), 거래가 조용해져 다음 움직임을 준비하는 모습입니다.",62.5%,9.2%
2026-04-13,신중히 매수,한국토지신탁,034830,거래가 조용해지며 다음 변동성을 준비하는 구간입니다.,50.0%,2.2%
2026-04-13,신중히 매수,한국자산신탁,123890,거래가 조용해져 다음 움직임을 준비하는 모습입니다.,100.0%,9.8%
2026-04-13,신중히 매수,세방,004360,"거래가 조용해져 다음 움직임을 준비하는 모습입니다., 거래가 조용해지며 다음 변동성을 준비하는 구간입니다.",50.0%,0.3%
2026-04-13,신중히 매수,포스코스틸리온,058430,최근 급등 뒤 숨고르기 구간에 진입했습니다.,50.0%,2.9%
2026-04-13,신중히 매수,현대약품,004310,RSI 반전 신호(상승 가능성),57.1%,0.6%
2026-04-13,신중히 매수,미원화학,134380,거래가 조용해져 다음 움직임을 준비하는 모습입니다.,56.2%,3.9%
2026-04-13,신중히 매수,동부건설,005960,"거래가 조용해져 다음 움직임을 준비하는 모습입니다., 거래가 조용해지며 다음 변동성을 준비하는 구간입니다.",50.0%,6.1%
2026-04-13,신중히 매수,삼양통상,002170,거래가 조용해지며 다음 변동성을 준비하는 구간입니다.,52.9%,1.0%
2026-04-13,신중히 매수,한신기계,011700,거래가 조용해져 다음 움직임을 준비하는 모습입니다.,50.0%,1.2%
2026-04-13,신중히 매수,한솔홀딩스,004150,거래가 조용해져 다음 움직임을 준비하는 모습입니다.,75.0%,2.2%
2026-04-13,신중히 매수,HS화성,002460,거래가 조용해져 다음 움직임을 준비하는 모습입니다.,51.7%,3.4%
2026-04-13,신중히 매수,대림바스,005750,거래가 조용해지며 다음 변동성을 준비하는 구간입니다.,57.1%,5.3%
2026-04-13,신중히 매수,케이비아이동국실업,001620,거래가 조용해지며 다음 변동성을 준비하는 구간입니다.,66.7%,3.5%
2026-04-13,신중히 매수,TBH글로벌,084870,"거래가 조용해지며 다음 변동성을 준비하는 구간입니다., 과매도 반등 신호",52.9%,1.9%
2026-04-13,신중히 매수,진도,088790,"거래가 조용해져 다음 움직임을 준비하는 모습입니다., 거래가 조용해지며 다음 변동성을 준비하는 구간입니다.",50.0%,0.4%
2026-04-13,추가 확인 후 매수,기아,000270,거래가 조용해져 다음 움직임을 준비하는 모습입니다.,47.8%,2.6%
2026-04-13,추가 확인 후 매수,삼성생명,032830,거래가 조용해지며 다음 변동성을 준비하는 구간입니다.,40.9%,-0.2%
2026-04-13,추가 확인 후 매수,한화시스템,272210,거래가 조용해지며 다음 변동성을 준비하는 구간입니다.,46.9%,2.3%
2026-04-13,추가 확인 후 매수,포스코인터내셔널,047050,과매도 반등 신호,45.8%,-0.0%
2026-04-13,추가 확인 후 매수,삼성에스디에스,018260,거래가 조용해져 다음 움직임을 준비하는 모습입니다.,50.0%,-0.3%
2026-04-13,추가 확인 후 매수,하이브,352820,거래가 조용해져 다음 움직임을 준비하는 모습입니다.,43.8%,-2.0%
2026-04-13,추가 확인 후 매수,LS,006260,"거래가 조용해져 다음 움직임을 준비하는 모습입니다., 거래가 조용해지며 다음 변동성을 준비하는 구간입니다.",44.4%,2.1%
2026-04-13,추가 확인 후 매수,현대차2우B,005387,거래가 조용해져 다음 움직임을 준비하는 모습입니다.,43.3%,-0.1%
2026-04-13,추가 확인 후 매수,현대차우,005385,거래가 조용해져 다음 움직임을 준비하는 모습입니다.,42.3%,0.0%
2026-04-13,추가 확인 후 매수,한화비전,489790,거래가 조용해져 다음 움직임을 준비하는 모습입니다.,42.1%,-2.0%
2026-04-13,추가 확인 후 매수,롯데쇼핑,023530,거래가 조용해지며 다음 변동성을 준비하는 구간입니다.,40.0%,-1.3%
2026-04-13,추가 확인 후 매수,농심,004370,"RSI 반전 신호(상승 가능성), 거래가 조용해지며 다음 변동성을 준비하는 구간입니다.",100.0%,1.9%
2026-04-13,추가 확인 후 매수,롯데칠성,005300,거래가 조용해지며 다음 변동성을 준비하는 구간입니다.,66.7%,1.2%
2026-04-13,추가 확인 후 매수,일동제약,249420,"RSI 반전 신호(상승 가능성), 거래가 조용해져 다음 움직임을 준비하는 모습입니다.",41.7%,-2.1%
2026-04-13,추가 확인 후 매수,부광약품,003000,거래가 조용해져 다음 움직임을 준비하는 모습입니다.,41.7%,9.5%
2026-04-13,추가 확인 후 매수,삼화콘덴서,001820,거래가 조용해지며 다음 변동성을 준비하는 구간입니다.,40.0%,3.5%
2026-04-13,추가 확인 후 매수,한국쉘석유,002960,거래가 조용해지며 다음 변동성을 준비하는 구간입니다.,42.3%,-1.8%
2026-04-13,추가 확인 후 매수,대덕,008060,거래가 조용해져 다음 움직임을 준비하는 모습입니다.,40.9%,0.5%
2026-04-13,추가 확인 후 매수,스틱인베스트먼트,026890,거래가 조용해지며 다음 변동성을 준비하는 구간입니다.,100.0%,2.2%
2026-04-13,추가 확인 후 매수,계룡건설,013580,거래가 조용해져 다음 움직임을 준비하는 모습입니다.,46.2%,-0.5%
2026-04-13,추가 확인 후 매수,SK디앤디,210980,"거래가 조용해지며 다음 변동성을 준비하는 구간입니다., 과매도 반등 신호",41.9%,-0.9%
2026-04-13,추가 확인 후 매수,미창석유,003650,"최근 급등 뒤 숨고르기 구간에 진입했습니다., 거래가 조용해지며 다음 변동성을 준비하는 구간입니다.",47.6%,2.6%
2026-04-13,추가 확인 후 매수,제일약품,271980,RSI 반전 신호(상승 가능성),58.3%,2.0%
2026-04-13,추가 확인 후 매수,한신공영,004960,거래가 조용해져 다음 움직임을 준비하는 모습입니다.,45.0%,3.2%
2026-04-13,추가 확인 후 매수,신세계푸드,031440,거래가 조용해져 다음 움직임을 준비하는 모습입니다.,48.1%,1.0%
2026-04-13,추가 확인 후 매수,티에이치엔,019180,거래가 조용해져 다음 움직임을 준비하는 모습입니다.,40.7%,0.6%
2026-04-13,추가 확인 후 매수,두산퓨얼셀1우,33626K,거래가 조용해져 다음 움직임을 준비하는 모습입니다.,63.2%,0.5%
2026-04-13,추가 확인 후 매수,다스코,058730,거래가 조용해지며 다음 변동성을 준비하는 구간입니다.,46.2%,-0.3%
2026-04-13,추가 확인 후 매수,SK증권우,001515,최근 급등 뒤 숨고르기 구간에 진입했습니다.,41.2%,2.0%
2026-04-13,추가 확인 후 매수,한진칼우,18064K,거래가 조용해져 다음 움직임을 준비하는 모습입니다.,88.9%,5.5%
2026-04-13,추가 확인 후 매수,진흥기업우B,002785,거래가 조용해져 다음 움직임을 준비하는 모습입니다.,50.0%,-0.8%
2026-04-13,지금 매수,LF,093050,최근 급등 뒤 숨고르기 구간에 진입했습니다.,61.5%,5.6%
2026-04-13,신중히 매수,동부건설,005960,"거래가 조용해져 다음 움직임을 준비하는 모습입니다., 거래가 조용해지며 다음 변동성을 준비하는 구간입니다.",50.0%,6.1%
2026-04-13,신중히 매수,GS리테일,007070,"거래가 조용해져 다음 움직임을 준비하는 모습입니다., 최근 급등 뒤 숨고르기 구간에 진입했습니다., 거래가 조용해지며 다음 변동성을 준비하는 구간입니다.",53.8%,1.0%
2026-04-13,신중히 매수,TBH글로벌,084870,"거래가 조용해지며 다음 변동성을 준비하는 구간입니다., 과매도 반등 신호",52.9%,1.9%
2026-04-13,신중히 매수,포스코스틸리온,058430,최근 급등 뒤 숨고르기 구간에 진입했습니다.,50.0%,2.9%
2026-04-13,신중히 매수,진도,088790,"거래가 조용해져 다음 움직임을 준비하는 모습입니다., 거래가 조용해지며 다음 변동성을 준비하는 구간입니다.",50.0%,0.4%
2026-04-13,신중히 매수,대림바스,005750,거래가 조용해지며 다음 변동성을 준비하는 구간입니다.,57.1%,5.3%
2026-04-13,신중히 매수,세방,004360,"거래가 조용해져 다음 움직임을 준비하는 모습입니다., 거래가 조용해지며 다음 변동성을 준비하는 구간입니다.",50.0%,0.3%
2026-04-13,신중히 매수,HS화성,002460,거래가 조용해져 다음 움직임을 준비하는 모습입니다.,51.7%,3.4%
2026-04-13,신중히 매수,한국토지신탁,034830,거래가 조용해지며 다음 변동성을 준비하는 구간입니다.,50.0%,2.2%
2026-04-13,신중히 매수,삼양통상,002170,거래가 조용해지며 다음 변동성을 준비하는 구간입니다.,52.9%,0.9%
2026-04-13,신중히 매수,롯데렌탈,089860,거래가 조용해지며 다음 변동성을 준비하는 구간입니다.,100.0%,3.0%
2026-04-13,신중히 매수,한전기술,052690,거래가 조용해지며 다음 변동성을 준비하는 구간입니다.,50.0%,0.5%
2026-04-13,신중히 매수,현대차,005380,거래가 조용해지며 다음 변동성을 준비하는 구간입니다.,54.5%,7.0%
2026-04-13,신중히 매수,한화시스템,272210,거래가 조용해지며 다음 변동성을 준비하는 구간입니다.,56.2%,2.7%
2026-04-13,신중히 매수,한국자산신탁,123890,거래가 조용해져 다음 움직임을 준비하는 모습입니다.,100.0%,9.8%
2026-04-13,신중히 매수,현대약품,004310,RSI 반전 신호(상승 가능성),57.1%,0.6%
2026-04-13,신중히 매수,신도리코,029530,"RSI 반전 신호(상승 가능성), 거래가 조용해져 다음 움직임을 준비하는 모습입니다.",62.5%,9.2%
2026-04-13,신중히 매수,두산퓨얼셀1우,33626K,거래가 조용해져 다음 움직임을 준비하는 모습입니다.,63.2%,0.5%
2026-04-13,신중히 매수,한신기계,011700,거래가 조용해져 다음 움직임을 준비하는 모습입니다.,50.0%,1.2%
2026-04-13,추가 확인 후 매수,SK증권우,001515,최근 급등 뒤 숨고르기 구간에 진입했습니다.,41.2%,2.0%
2026-04-13,추가 확인 후 매수,부광약품,003000,거래가 조용해져 다음 움직임을 준비하는 모습입니다.,41.7%,9.6%
2026-04-13,추가 확인 후 매수,한신공영,004960,거래가 조용해져 다음 움직임을 준비하는 모습입니다.,45.0%,3.0%
2026-04-13,추가 확인 후 매수,삼화콘덴서,001820,거래가 조용해지며 다음 변동성을 준비하는 구간입니다.,40.0%,3.5%
2026-04-13,추가 확인 후 매수,대한해운,005880,거래량 급증,41.4%,1.5%
2026-04-13,추가 확인 후 매수,다스코,058730,거래가 조용해지며 다음 변동성을 준비하는 구간입니다.,46.2%,-0.3%
2026-04-13,추가 확인 후 매수,LS,006260,거래가 조용해지며 다음 변동성을 준비하는 구간입니다.,44.4%,2.1%
2026-04-13,추가 확인 후 매수,코람코더원리츠,417310,거래량 급증,41.7%,-1.0%
2026-04-13,추가 확인 후 매수,대덕,008060,거래가 조용해져 다음 움직임을 준비하는 모습입니다.,40.9%,0.5%
2026-04-13,추가 확인 후 매수,가온전선,000500,"거래가 조용해져 다음 움직임을 준비하는 모습입니다., 거래가 조용해지며 다음 변동성을 준비하는 구간입니다.",45.5%,5.8%
2026-04-13,추가 확인 후 매수,농심,004370,"RSI 반전 신호(상승 가능성), 거래가 조용해지며 다음 변동성을 준비하는 구간입니다.",100.0%,1.9%
2026-04-13,추가 확인 후 매수,미창석유,003650,"최근 급등 뒤 숨고르기 구간에 진입했습니다., 거래가 조용해지며 다음 변동성을 준비하는 구간입니다.",47.6%,2.6%
2026-04-13,추가 확인 후 매수,계룡건설,013580,거래가 조용해져 다음 움직임을 준비하는 모습입니다.,46.2%,-0.5%
2026-04-13,추가 확인 후 매수,롯데쇼핑,023530,거래가 조용해지며 다음 변동성을 준비하는 구간입니다.,40.0%,-1.3%
2026-04-13,추가 확인 후 매수,포스코인터내셔널,047050,과매도 반등 신호,45.8%,-0.0%
2026-04-13,추가 확인 후 매수,미원화학,134380,거래량 급증,40.6%,3.3%
2026-04-13,추가 확인 후 매수,진흥기업우B,002785,거래가 조용해져 다음 움직임을 준비하는 모습입니다.,50.0%,-0.8%
2026-04-13,추가 확인 후 매수,신세계푸드,031440,거래가 조용해져 다음 움직임을 준비하는 모습입니다.,48.1%,1.0%
2026-04-13,추가 확인 후 매수,롯데칠성,005300,거래가 조용해지며 다음 변동성을 준비하는 구간입니다.,66.7%,1.2%
2026-04-13,추가 확인 후 매수,한진칼우,18064K,거래가 조용해져 다음 움직임을 준비하는 모습입니다.,88.9%,5.5%
2026-04-13,추가 확인 후 매수,한화비전,489790,거래가 조용해져 다음 움직임을 준비하는 모습입니다.,42.1%,-2.0%
2026-04-13,추가 확인 후 매수,스틱인베스트먼트,026890,거래가 조용해지며 다음 변동성을 준비하는 구간입니다.,100.0%,2.2%
2026-04-13,추가 확인 후 매수,SK디앤디,210980,"거래가 조용해지며 다음 변동성을 준비하는 구간입니다., 과매도 반등 신호",41.9%,-0.9%
2026-04-13,추가 확인 후 매수,한국쉘석유,002960,거래가 조용해지며 다음 변동성을 준비하는 구간입니다.,42.3%,-1.8%
2026-04-13,추가 확인 후 매수,삼성에스디에스,018260,"RSI 반전 신호(상승 가능성), 거래가 조용해져 다음 움직임을 준비하는 모습입니다.",50.0%,-0.3%
2026-04-13,추가 확인 후 매수,기아,000270,거래가 조용해져 다음 움직임을 준비하는 모습입니다.,47.8%,2.6%
2026-04-13,추가 확인 후 매수,제일약품,271980,RSI 반전 신호(상승 가능성),58.3%,2.0%
2026-04-13,추가 확인 후 매수,현대차우,005385,거래가 조용해져 다음 움직임을 준비하는 모습입니다.,42.3%,0.0%
2026-04-13,추가 확인 후 매수,현대차2우B,005387,거래가 조용해져 다음 움직임을 준비하는 모습입니다.,43.3%,-0.2%
2026-04-13,추가 확인 후 매수,아이에스동서,010780,거래가 조용해져 다음 움직임을 준비하는 모습입니다.,41.2%,3.9%
2026-04-13,추가 확인 후 매수,티에이치엔,019180,거래가 조용해져 다음 움직임을 준비하는 모습입니다.,40.7%,0.6%
2026-04-13,추가 확인 후 매수,일동제약,249420,거래가 조용해져 다음 움직임을 준비하는 모습입니다.,41.7%,-2.1%
2026-04-13,추가 확인 후 매수,하이브,352820,거래가 조용해져 다음 움직임을 준비하는 모습입니다.,43.8%,-2.0%
2026-04-14,신중히 매수,현대차,005380,"거래가 조용해져 다음 움직임을 준비하는 모습입니다., 거래가 조용해지며 다음 변동성을 준비하는 구간입니다.",54.5%,7.0%
2026-04-14,신중히 매수,한화시스템,272210,"거래가 조용해져 다음 움직임을 준비하는 모습입니다., 최근 급등 뒤 숨고르기 구간에 진입했습니다., 거래가 조용해지며 다음 변동성을 준비하는 구간입니다.",54.5%,2.5%
2026-04-14,신중히 매수,GS리테일,007070,"거래가 조용해져 다음 움직임을 준비하는 모습입니다., 최근 급등 뒤 숨고르기 구간에 진입했습니다., 거래가 조용해지며 다음 변동성을 준비하는 구간입니다.",51.9%,0.9%
2026-04-14,신중히 매수,NHN,181710,거래가 조용해져 다음 움직임을 준비하는 모습입니다.,54.8%,5.5%
2026-04-14,신중히 매수,롯데렌탈,089860,거래가 조용해지며 다음 변동성을 준비하는 구간입니다.,100.0%,3.0%
2026-04-14,신중히 매수,LF,093050,최근 급등 뒤 숨고르기 구간에 진입했습니다.,57.1%,5.0%
2026-04-14,신중히 매수,신도리코,029530,거래가 조용해져 다음 움직임을 준비하는 모습입니다.,62.5%,9.2%
2026-04-14,신중히 매수,한국자산신탁,123890,거래가 조용해져 다음 움직임을 준비하는 모습입니다.,100.0%,9.8%
2026-04-14,신중히 매수,세방,004360,"거래가 조용해져 다음 움직임을 준비하는 모습입니다., 거래가 조용해지며 다음 변동성을 준비하는 구간입니다.",50.0%,0.3%
2026-04-14,신중히 매수,대한제분,001130,거래가 조용해져 다음 움직임을 준비하는 모습입니다.,50.0%,-0.5%
2026-04-14,신중히 매수,삼양통상,002170,거래가 조용해지며 다음 변동성을 준비하는 구간입니다.,52.9%,0.9%
2026-04-14,신중히 매수,한솔홀딩스,004150,거래가 조용해져 다음 움직임을 준비하는 모습입니다.,75.0%,2.2%
2026-04-14,신중히 매수,한신기계,011700,거래가 조용해져 다음 움직임을 준비하는 모습입니다.,50.0%,1.2%
2026-04-14,신중히 매수,HS화성,002460,거래가 조용해져 다음 움직임을 준비하는 모습입니다.,50.0%,3.2%
2026-04-14,신중히 매수,두산퓨얼셀1우,33626K,거래가 조용해져 다음 움직임을 준비하는 모습입니다.,63.2%,0.5%
2026-04-14,신중히 매수,대림바스,005750,거래가 조용해지며 다음 변동성을 준비하는 구간입니다.,55.2%,5.0%
2026-04-14,신중히 매수,TBH글로벌,084870,"거래가 조용해져 다음 움직임을 준비하는 모습입니다., 거래가 조용해지며 다음 변동성을 준비하는 구간입니다.",50.0%,1.6%
2026-04-14,추가 확인 후 매수,기아,000270,거래가 조용해져 다음 움직임을 준비하는 모습입니다.,47.8%,2.6%
2026-04-14,추가 확인 후 매수,삼성에스디에스,018260,"RSI 반전 신호(상승 가능성), 거래가 조용해져 다음 움직임을 준비하는 모습입니다., 과매도 반등 신호",50.0%,-0.3%
2026-04-14,추가 확인 후 매수,하이브,352820,"RSI 반전 신호(상승 가능성), 거래가 조용해져 다음 움직임을 준비하는 모습입니다.",43.8%,-2.0%
2026-04-14,추가 확인 후 매수,현대차2우B,005387,거래가 조용해져 다음 움직임을 준비하는 모습입니다.,43.3%,-0.2%
2026-04-14,추가 확인 후 매수,한전기술,052690,"거래가 조용해져 다음 움직임을 준비하는 모습입니다., 거래가 조용해지며 다음 변동성을 준비하는 구간입니다.",48.3%,0.3%
2026-04-14,추가 확인 후 매수,현대차우,005385,거래가 조용해져 다음 움직임을 준비하는 모습입니다.,42.3%,0.0%
2026-04-14,추가 확인 후 매수,대덕전자,353200,거래가 조용해지며 다음 변동성을 준비하는 구간입니다.,45.5%,-0.2%
2026-04-14,추가 확인 후 매수,한화비전,489790,거래가 조용해져 다음 움직임을 준비하는 모습입니다.,40.0%,-2.1%
2026-04-14,추가 확인 후 매수,농심,004370,거래가 조용해지며 다음 변동성을 준비하는 구간입니다.,100.0%,1.9%
2026-04-14,추가 확인 후 매수,가온전선,000500,"거래가 조용해져 다음 움직임을 준비하는 모습입니다., 거래가 조용해지며 다음 변동성을 준비하는 구간입니다., 과매도 반등 신호",44.1%,5.6%
2026-04-14,추가 확인 후 매수,롯데칠성,005300,거래가 조용해지며 다음 변동성을 준비하는 구간입니다.,66.7%,1.2%
2026-04-14,추가 확인 후 매수,SNT모티브,064960,거래가 조용해져 다음 움직임을 준비하는 모습입니다.,42.9%,-2.8%
2026-04-14,추가 확인 후 매수,일동제약,249420,거래가 조용해져 다음 움직임을 준비하는 모습입니다.,41.7%,-2.1%
2026-04-14,추가 확인 후 매수,한국쉘석유,002960,"거래가 조용해져 다음 움직임을 준비하는 모습입니다., 거래가 조용해지며 다음 변동성을 준비하는 구간입니다.",40.7%,-1.9%
2026-04-14,추가 확인 후 매수,스틱인베스트먼트,026890,"거래가 조용해져 다음 움직임을 준비하는 모습입니다., 거래가 조용해지며 다음 변동성을 준비하는 구간입니다.",100.0%,2.2%
2026-04-14,추가 확인 후 매수,한국토지신탁,034830,거래가 조용해지며 다음 변동성을 준비하는 구간입니다.,47.1%,1.9%
2026-04-14,추가 확인 후 매수,서울가스,017390,거래가 조용해져 다음 움직임을 준비하는 모습입니다.,57.7%,-0.1%
2026-04-14,추가 확인 후 매수,포스코스틸리온,058430,최근 급등 뒤 숨고르기 구간에 진입했습니다.,40.0%,1.7%
2026-04-14,추가 확인 후 매수,삼성물산우B,02826K,거래가 조용해져 다음 움직임을 준비하는 모습입니다.,42.3%,-1.2%
2026-04-14,추가 확인 후 매수,SK디앤디,210980,"바닥권 반등 신호(BB 하단), 거래가 조용해지며 다음 변동성을 준비하는 구간입니다.",40.6%,-1.0%
2026-04-14,추가 확인 후 매수,계룡건설,013580,거래가 조용해져 다음 움직임을 준비하는 모습입니다.,42.9%,-0.7%
2026-04-14,추가 확인 후 매수,동부건설,005960,"거래가 조용해져 다음 움직임을 준비하는 모습입니다., 거래가 조용해지며 다음 변동성을 준비하는 구간입니다.",48.0%,5.7%
2026-04-14,추가 확인 후 매수,미창석유,003650,최근 급등 뒤 숨고르기 구간에 진입했습니다.,45.5%,2.3%
2026-04-14,추가 확인 후 매수,제일약품,271980,RSI 반전 신호(상승 가능성),58.3%,2.0%
2026-04-14,추가 확인 후 매수,신세계푸드,031440,"거래가 조용해져 다음 움직임을 준비하는 모습입니다., 바닥권 반등 신호(BB 하단)",46.4%,0.8%
2026-04-14,추가 확인 후 매수,한신공영,004960,"거래가 조용해져 다음 움직임을 준비하는 모습입니다., 거래가 조용해지며 다음 변동성을 준비하는 구간입니다.",42.9%,2.7%
2026-04-14,추가 확인 후 매수,다스코,058730,거래가 조용해지며 다음 변동성을 준비하는 구간입니다.,42.9%,-0.5%
2026-04-14,추가 확인 후 매수,세방우,004365,거래가 조용해져 다음 움직임을 준비하는 모습입니다.,100.0%,0.9%
2026-04-14,추가 확인 후 매수,진도,088790,"거래가 조용해져 다음 움직임을 준비하는 모습입니다., 최근 급등 뒤 숨고르기 구간에 진입했습니다., 거래가 조용해지며 다음 변동성을 준비하는 구간입니다., 과매도 반등 신호",47.4%,0.2%
2026-04-14,추가 확인 후 매수,한진칼우,18064K,거래가 조용해져 다음 움직임을 준비하는 모습입니다.,88.9%,5.5%
2026-04-14,추가 확인 후 매수,진흥기업우B,002785,거래가 조용해져 다음 움직임을 준비하는 모습입니다.,50.0%,-0.8%
2026-04-14,신중히 매수,GS리테일,007070,"거래가 조용해져 다음 움직임을 준비하는 모습입니다., 거래가 조용해지며 다음 변동성을 준비하는 구간입니다.",51.9%,0.9%
2026-04-14,신중히 매수,한솔홀딩스,004150,거래가 조용해져 다음 움직임을 준비하는 모습입니다.,75.0%,2.2%
2026-04-14,신중히 매수,TBH글로벌,084870,"거래가 조용해져 다음 움직임을 준비하는 모습입니다., 거래가 조용해지며 다음 변동성을 준비하는 구간입니다.",50.0%,1.6%
2026-04-14,신중히 매수,케이비아이동국실업,001620,거래량 급증,66.7%,3.5%
2026-04-14,신중히 매수,대림바스,005750,거래가 조용해지며 다음 변동성을 준비하는 구간입니다.,55.2%,5.0%
2026-04-14,신중히 매수,세방,004360,"거래가 조용해져 다음 움직임을 준비하는 모습입니다., 거래가 조용해지며 다음 변동성을 준비하는 구간입니다.",50.0%,0.3%
2026-04-14,신중히 매수,대한제분,001130,거래가 조용해져 다음 움직임을 준비하는 모습입니다.,50.0%,-0.5%
2026-04-14,신중히 매수,삼양통상,002170,거래가 조용해지며 다음 변동성을 준비하는 구간입니다.,52.9%,0.9%
2026-04-14,신중히 매수,세방우,004365,거래가 조용해져 다음 움직임을 준비하는 모습입니다.,100.0%,0.9%
2026-04-14,신중히 매수,롯데렌탈,089860,거래가 조용해지며 다음 변동성을 준비하는 구간입니다.,100.0%,3.0%
2026-04-14,신중히 매수,두산퓨얼셀1우,33626K,거래가 조용해져 다음 움직임을 준비하는 모습입니다.,63.2%,0.5%
2026-04-14,신중히 매수,한화시스템,272210,"거래가 조용해져 다음 움직임을 준비하는 모습입니다., 최근 급등 뒤 숨고르기 구간에 진입했습니다., 거래가 조용해지며 다음 변동성을 준비하는 구간입니다.",54.5%,2.5%
2026-04-14,신중히 매수,한국자산신탁,123890,거래가 조용해져 다음 움직임을 준비하는 모습입니다.,100.0%,9.8%
2026-04-14,신중히 매수,현대차,005380,"거래가 조용해져 다음 움직임을 준비하는 모습입니다., 거래가 조용해지며 다음 변동성을 준비하는 구간입니다.",54.5%,7.0%
2026-04-14,신중히 매수,신도리코,029530,거래가 조용해져 다음 움직임을 준비하는 모습입니다.,62.5%,9.2%
2026-04-14,신중히 매수,한신기계,011700,거래가 조용해져 다음 움직임을 준비하는 모습입니다.,50.0%,1.2%
2026-04-14,추가 확인 후 매수,대덕전자,353200,거래가 조용해지며 다음 변동성을 준비하는 구간입니다.,45.5%,-0.2%
2026-04-14,추가 확인 후 매수,한신공영,004960,"거래가 조용해져 다음 움직임을 준비하는 모습입니다., 거래가 조용해지며 다음 변동성을 준비하는 구간입니다.",42.9%,2.7%
2026-04-14,추가 확인 후 매수,계룡건설,013580,거래량 급증,42.9%,-0.7%
2026-04-14,추가 확인 후 매수,동부건설,005960,"거래가 조용해져 다음 움직임을 준비하는 모습입니다., 거래가 조용해지며 다음 변동성을 준비하는 구간입니다.",48.0%,5.7%
2026-04-14,추가 확인 후 매수,BYC우,001465,거래량 급증,42.3%,-0.5%
2026-04-14,추가 확인 후 매수,코람코더원리츠,417310,거래량 급증,40.0%,-1.0%
2026-04-14,추가 확인 후 매수,진도,088790,"거래가 조용해져 다음 움직임을 준비하는 모습입니다., 최근 급등 뒤 숨고르기 구간에 진입했습니다., 거래가 조용해지며 다음 변동성을 준비하는 구간입니다., 과매도 반등 신호",47.4%,0.2%
2026-04-14,추가 확인 후 매수,포스코스틸리온,058430,최근 급등 뒤 숨고르기 구간에 진입했습니다.,40.0%,1.7%
2026-04-14,추가 확인 후 매수,삼성물산우B,02826K,거래가 조용해져 다음 움직임을 준비하는 모습입니다.,42.3%,-1.2%
2026-04-14,추가 확인 후 매수,SNT모티브,064960,거래가 조용해져 다음 움직임을 준비하는 모습입니다.,42.9%,-2.8%
2026-04-14,추가 확인 후 매수,가온전선,000500,"거래가 조용해져 다음 움직임을 준비하는 모습입니다., 거래가 조용해지며 다음 변동성을 준비하는 구간입니다.",44.1%,5.6%
2026-04-14,추가 확인 후 매수,한국토지신탁,034830,"거래가 조용해지며 다음 변동성을 준비하는 구간입니다., 과매도 반등 신호",47.1%,1.9%
2026-04-14,추가 확인 후 매수,신세계푸드,031440,"거래가 조용해져 다음 움직임을 준비하는 모습입니다., 바닥권 반등 신호(BB 하단)",46.4%,0.8%
2026-04-14,추가 확인 후 매수,한전기술,052690,"거래가 조용해져 다음 움직임을 준비하는 모습입니다., 거래가 조용해지며 다음 변동성을 준비하는 구간입니다.",48.3%,0.3%
2026-04-14,추가 확인 후 매수,진흥기업우B,002785,"거래가 조용해져 다음 움직임을 준비하는 모습입니다., 과매도 반등 신호",50.0%,-0.8%
2026-04-14,추가 확인 후 매수,농심,004370,거래가 조용해지며 다음 변동성을 준비하는 구간입니다.,100.0%,1.9%
2026-04-14,추가 확인 후 매수,한화비전,489790,거래가 조용해져 다음 움직임을 준비하는 모습입니다.,40.0%,-2.1%
2026-04-14,추가 확인 후 매수,롯데칠성,005300,거래가 조용해지며 다음 변동성을 준비하는 구간입니다.,66.7%,1.2%
2026-04-14,추가 확인 후 매수,한진칼우,18064K,거래가 조용해져 다음 움직임을 준비하는 모습입니다.,88.9%,5.5%
2026-04-14,추가 확인 후 매수,SK디앤디,210980,"바닥권 반등 신호(BB 하단), 거래가 조용해지며 다음 변동성을 준비하는 구간입니다.",40.6%,-1.0%
2026-04-14,추가 확인 후 매수,스틱인베스트먼트,026890,"거래가 조용해져 다음 움직임을 준비하는 모습입니다., 거래가 조용해지며 다음 변동성을 준비하는 구간입니다.",100.0%,2.2%
2026-04-14,추가 확인 후 매수,한국쉘석유,002960,"거래가 조용해져 다음 움직임을 준비하는 모습입니다., 최근 급등 뒤 숨고르기 구간에 진입했습니다., 거래가 조용해지며 다음 변동성을 준비하는 구간입니다.",40.7%,-1.9%
2026-04-14,추가 확인 후 매수,삼성에스디에스,018260,"RSI 반전 신호(상승 가능성), 거래가 조용해져 다음 움직임을 준비하는 모습입니다.",50.0%,-0.3%
2026-04-14,추가 확인 후 매수,제일약품,271980,RSI 반전 신호(상승 가능성),58.3%,2.0%
2026-04-14,추가 확인 후 매수,서울가스,017390,거래가 조용해져 다음 움직임을 준비하는 모습입니다.,57.7%,-0.1%
2026-04-14,추가 확인 후 매수,현대차우,005385,거래가 조용해져 다음 움직임을 준비하는 모습입니다.,42.3%,0.0%
2026-04-14,추가 확인 후 매수,현대차2우B,005387,거래가 조용해져 다음 움직임을 준비하는 모습입니다.,43.3%,-0.2%
2026-04-14,추가 확인 후 매수,기아,000270,거래가 조용해져 다음 움직임을 준비하는 모습입니다.,47.8%,2.6%
2026-04-14,추가 확인 후 매수,일동제약,249420,"거래가 조용해져 다음 움직임을 준비하는 모습입니다., 거래량 급증",41.7%,-2.1%
2026-04-14,추가 확인 후 매수,하이브,352820,거래가 조용해져 다음 움직임을 준비하는 모습입니다.,43.8%,-2.0%
2026-04-14,신중히 매수,GS리테일,007070,"거래가 조용해져 다음 움직임을 준비하는 모습입니다., 거래가 조용해지며 다음 변동성을 준비하는 구간입니다.",51.9%,0.9%
2026-04-14,신중히 매수,한솔홀딩스,004150,거래가 조용해져 다음 움직임을 준비하는 모습입니다.,75.0%,2.2%
2026-04-14,신중히 매수,TBH글로벌,084870,"거래가 조용해져 다음 움직임을 준비하는 모습입니다., 거래가 조용해지며 다음 변동성을 준비하는 구간입니다.",50.0%,1.6%
2026-04-14,신중히 매수,케이비아이동국실업,001620,거래량 급증,66.7%,3.5%
2026-04-14,신중히 매수,대림바스,005750,거래가 조용해지며 다음 변동성을 준비하는 구간입니다.,55.2%,5.0%
2026-04-14,신중히 매수,세방,004360,"거래가 조용해져 다음 움직임을 준비하는 모습입니다., 거래가 조용해지며 다음 변동성을 준비하는 구간입니다.",50.0%,0.3%
2026-04-14,신중히 매수,대한제분,001130,거래가 조용해져 다음 움직임을 준비하는 모습입니다.,50.0%,-0.5%
2026-04-14,신중히 매수,삼양통상,002170,거래가 조용해지며 다음 변동성을 준비하는 구간입니다.,52.9%,0.9%
2026-04-14,신중히 매수,세방우,004365,거래가 조용해져 다음 움직임을 준비하는 모습입니다.,100.0%,0.9%
2026-04-14,신중히 매수,롯데렌탈,089860,거래가 조용해지며 다음 변동성을 준비하는 구간입니다.,100.0%,3.0%
2026-04-14,신중히 매수,두산퓨얼셀1우,33626K,거래가 조용해져 다음 움직임을 준비하는 모습입니다.,63.2%,0.5%
2026-04-14,신중히 매수,한화시스템,272210,"거래가 조용해져 다음 움직임을 준비하는 모습입니다., 최근 급등 뒤 숨고르기 구간에 진입했습니다., 거래가 조용해지며 다음 변동성을 준비하는 구간입니다.",54.5%,2.5%
2026-04-14,신중히 매수,한국자산신탁,123890,거래가 조용해져 다음 움직임을 준비하는 모습입니다.,100.0%,9.8%
2026-04-14,신중히 매수,현대차,005380,"거래가 조용해져 다음 움직임을 준비하는 모습입니다., 거래가 조용해지며 다음 변동성을 준비하는 구간입니다.",54.5%,7.0%
2026-04-14,신중히 매수,신도리코,029530,거래가 조용해져 다음 움직임을 준비하는 모습입니다.,62.5%,9.2%
2026-04-14,신중히 매수,한신기계,011700,거래가 조용해져 다음 움직임을 준비하는 모습입니다.,50.0%,1.2%
2026-04-14,추가 확인 후 매수,대덕전자,353200,거래가 조용해지며 다음 변동성을 준비하는 구간입니다.,45.5%,-0.2%
2026-04-14,추가 확인 후 매수,한신공영,004960,"거래가 조용해져 다음 움직임을 준비하는 모습입니다., 거래가 조용해지며 다음 변동성을 준비하는 구간입니다.",42.9%,2.7%
2026-04-14,추가 확인 후 매수,계룡건설,013580,거래량 급증,42.9%,-0.7%
2026-04-14,추가 확인 후 매수,동부건설,005960,"거래가 조용해져 다음 움직임을 준비하는 모습입니다., 거래가 조용해지며 다음 변동성을 준비하는 구간입니다.",48.0%,5.7%
2026-04-14,추가 확인 후 매수,BYC우,001465,거래량 급증,42.3%,-0.5%
2026-04-14,추가 확인 후 매수,코람코더원리츠,417310,거래량 급증,40.0%,-1.0%
2026-04-14,추가 확인 후 매수,진도,088790,"거래가 조용해져 다음 움직임을 준비하는 모습입니다., 최근 급등 뒤 숨고르기 구간에 진입했습니다., 거래가 조용해지며 다음 변동성을 준비하는 구간입니다., 과매도 반등 신호",47.4%,0.2%
2026-04-14,추가 확인 후 매수,포스코스틸리온,058430,최근 급등 뒤 숨고르기 구간에 진입했습니다.,40.0%,1.7%
2026-04-14,추가 확인 후 매수,삼성물산우B,02826K,거래가 조용해져 다음 움직임을 준비하는 모습입니다.,42.3%,-1.2%
2026-04-14,추가 확인 후 매수,SNT모티브,064960,거래가 조용해져 다음 움직임을 준비하는 모습입니다.,42.9%,-2.8%
2026-04-14,추가 확인 후 매수,가온전선,000500,"거래가 조용해져 다음 움직임을 준비하는 모습입니다., 거래가 조용해지며 다음 변동성을 준비하는 구간입니다.",44.1%,5.6%
2026-04-14,추가 확인 후 매수,한국토지신탁,034830,"거래가 조용해지며 다음 변동성을 준비하는 구간입니다., 과매도 반등 신호",47.1%,1.9%
2026-04-14,추가 확인 후 매수,신세계푸드,031440,"거래가 조용해져 다음 움직임을 준비하는 모습입니다., 바닥권 반등 신호(BB 하단)",46.4%,0.8%
2026-04-14,추가 확인 후 매수,한전기술,052690,"거래가 조용해져 다음 움직임을 준비하는 모습입니다., 거래가 조용해지며 다음 변동성을 준비하는 구간입니다.",48.3%,0.3%
2026-04-14,추가 확인 후 매수,진흥기업우B,002785,"거래가 조용해져 다음 움직임을 준비하는 모습입니다., 과매도 반등 신호",50.0%,-0.8%
2026-04-14,추가 확인 후 매수,농심,004370,거래가 조용해지며 다음 변동성을 준비하는 구간입니다.,100.0%,1.9%
2026-04-14,추가 확인 후 매수,한화비전,489790,거래가 조용해져 다음 움직임을 준비하는 모습입니다.,40.0%,-2.1%
2026-04-14,추가 확인 후 매수,롯데칠성,005300,거래가 조용해지며 다음 변동성을 준비하는 구간입니다.,66.7%,1.2%
2026-04-14,추가 확인 후 매수,한진칼우,18064K,거래가 조용해져 다음 움직임을 준비하는 모습입니다.,88.9%,5.5%
2026-04-14,추가 확인 후 매수,SK디앤디,210980,"바닥권 반등 신호(BB 하단), 거래가 조용해지며 다음 변동성을 준비하는 구간입니다.",40.6%,-1.0%
2026-04-14,추가 확인 후 매수,스틱인베스트먼트,026890,"거래가 조용해져 다음 움직임을 준비하는 모습입니다., 거래가 조용해지며 다음 변동성을 준비하는 구간입니다.",100.0%,2.2%
2026-04-14,추가 확인 후 매수,한국쉘석유,002960,"거래가 조용해져 다음 움직임을 준비하는 모습입니다., 최근 급등 뒤 숨고르기 구간에 진입했습니다., 거래가 조용해지며 다음 변동성을 준비하는 구간입니다.",40.7%,-1.9%
2026-04-14,추가 확인 후 매수,삼성에스디에스,018260,"RSI 반전 신호(상승 가능성), 거래가 조용해져 다음 움직임을 준비하는 모습입니다.",50.0%,-0.3%
2026-04-14,추가 확인 후 매수,제일약품,271980,RSI 반전 신호(상승 가능성),58.3%,2.0%
2026-04-14,추가 확인 후 매수,서울가스,017390,거래가 조용해져 다음 움직임을 준비하는 모습입니다.,57.7%,-0.1%
2026-04-14,추가 확인 후 매수,현대차우,005385,거래가 조용해져 다음 움직임을 준비하는 모습입니다.,42.3%,0.0%
2026-04-14,추가 확인 후 매수,현대차2우B,005387,거래가 조용해져 다음 움직임을 준비하는 모습입니다.,43.3%,-0.2%
2026-04-14,추가 확인 후 매수,기아,000270,거래가 조용해져 다음 움직임을 준비하는 모습입니다.,47.8%,2.6%
2026-04-14,추가 확인 후 매수,일동제약,249420,"거래가 조용해져 다음 움직임을 준비하는 모습입니다., 거래량 급증",41.7%,-2.1%
2026-04-14,추가 확인 후 매수,하이브,352820,거래가 조용해져 다음 움직임을 준비하는 모습입니다.,43.8%,-2.0%
2026-04-14,신중히 매수,GS리테일,007070,"거래가 조용해져 다음 움직임을 준비하는 모습입니다., 거래가 조용해지며 다음 변동성을 준비하는 구간입니다.",51.9%,0.9%
2026-04-14,신중히 매수,한솔홀딩스,004150,거래가 조용해져 다음 움직임을 준비하는 모습입니다.,75.0%,2.2%
2026-04-14,신중히 매수,TBH글로벌,084870,"거래가 조용해져 다음 움직임을 준비하는 모습입니다., 거래가 조용해지며 다음 변동성을 준비하는 구간입니다.",50.0%,1.6%
2026-04-14,신중히 매수,케이비아이동국실업,001620,거래량 급증,66.7%,3.5%
2026-04-14,신중히 매수,대림바스,005750,거래가 조용해지며 다음 변동성을 준비하는 구간입니다.,55.2%,5.0%
2026-04-14,신중히 매수,세방,004360,"거래가 조용해져 다음 움직임을 준비하는 모습입니다., 거래가 조용해지며 다음 변동성을 준비하는 구간입니다.",50.0%,0.3%
2026-04-14,신중히 매수,대한제분,001130,거래가 조용해져 다음 움직임을 준비하는 모습입니다.,50.0%,-0.5%
2026-04-14,신중히 매수,삼양통상,002170,거래가 조용해지며 다음 변동성을 준비하는 구간입니다.,52.9%,0.9%
2026-04-14,신중히 매수,세방우,004365,거래가 조용해져 다음 움직임을 준비하는 모습입니다.,100.0%,0.9%
2026-04-14,신중히 매수,롯데렌탈,089860,거래가 조용해지며 다음 변동성을 준비하는 구간입니다.,100.0%,3.0%
2026-04-14,신중히 매수,두산퓨얼셀1우,33626K,거래가 조용해져 다음 움직임을 준비하는 모습입니다.,63.2%,0.5%
2026-04-14,신중히 매수,한화시스템,272210,"거래가 조용해져 다음 움직임을 준비하는 모습입니다., 최근 급등 뒤 숨고르기 구간에 진입했습니다., 거래가 조용해지며 다음 변동성을 준비하는 구간입니다.",54.5%,2.5%
2026-04-14,신중히 매수,한국자산신탁,123890,거래가 조용해져 다음 움직임을 준비하는 모습입니다.,100.0%,9.8%
2026-04-14,신중히 매수,현대차,005380,"거래가 조용해져 다음 움직임을 준비하는 모습입니다., 거래가 조용해지며 다음 변동성을 준비하는 구간입니다.",54.5%,7.0%
2026-04-14,신중히 매수,신도리코,029530,거래가 조용해져 다음 움직임을 준비하는 모습입니다.,62.5%,9.2%
2026-04-14,신중히 매수,한신기계,011700,거래가 조용해져 다음 움직임을 준비하는 모습입니다.,50.0%,1.2%
2026-04-14,추가 확인 후 매수,대덕전자,353200,거래가 조용해지며 다음 변동성을 준비하는 구간입니다.,45.5%,-0.2%
2026-04-14,추가 확인 후 매수,한신공영,004960,"거래가 조용해져 다음 움직임을 준비하는 모습입니다., 거래가 조용해지며 다음 변동성을 준비하는 구간입니다.",42.9%,2.7%
2026-04-14,추가 확인 후 매수,계룡건설,013580,거래량 급증,42.9%,-0.7%
2026-04-14,추가 확인 후 매수,동부건설,005960,"거래가 조용해져 다음 움직임을 준비하는 모습입니다., 거래가 조용해지며 다음 변동성을 준비하는 구간입니다.",48.0%,5.7%
2026-04-14,추가 확인 후 매수,BYC우,001465,거래량 급증,42.3%,-0.5%
2026-04-14,추가 확인 후 매수,코람코더원리츠,417310,거래량 급증,40.0%,-1.0%
2026-04-14,추가 확인 후 매수,진도,088790,"거래가 조용해져 다음 움직임을 준비하는 모습입니다., 최근 급등 뒤 숨고르기 구간에 진입했습니다., 거래가 조용해지며 다음 변동성을 준비하는 구간입니다., 과매도 반등 신호",47.4%,0.2%
2026-04-14,추가 확인 후 매수,포스코스틸리온,058430,최근 급등 뒤 숨고르기 구간에 진입했습니다.,40.0%,1.7%
2026-04-14,추가 확인 후 매수,삼성물산우B,02826K,거래가 조용해져 다음 움직임을 준비하는 모습입니다.,42.3%,-1.2%
2026-04-14,추가 확인 후 매수,SNT모티브,064960,거래가 조용해져 다음 움직임을 준비하는 모습입니다.,42.9%,-2.8%
2026-04-14,추가 확인 후 매수,가온전선,000500,"거래가 조용해져 다음 움직임을 준비하는 모습입니다., 거래가 조용해지며 다음 변동성을 준비하는 구간입니다.",44.1%,5.6%
2026-04-14,추가 확인 후 매수,한국토지신탁,034830,"거래가 조용해지며 다음 변동성을 준비하는 구간입니다., 과매도 반등 신호",47.1%,1.9%
2026-04-14,추가 확인 후 매수,신세계푸드,031440,"거래가 조용해져 다음 움직임을 준비하는 모습입니다., 바닥권 반등 신호(BB 하단)",46.4%,0.8%
2026-04-14,추가 확인 후 매수,한전기술,052690,"거래가 조용해져 다음 움직임을 준비하는 모습입니다., 거래가 조용해지며 다음 변동성을 준비하는 구간입니다.",48.3%,0.3%
2026-04-14,추가 확인 후 매수,진흥기업우B,002785,"거래가 조용해져 다음 움직임을 준비하는 모습입니다., 과매도 반등 신호",50.0%,-0.8%
2026-04-14,추가 확인 후 매수,농심,004370,거래가 조용해지며 다음 변동성을 준비하는 구간입니다.,100.0%,1.9%
2026-04-14,추가 확인 후 매수,한화비전,489790,거래가 조용해져 다음 움직임을 준비하는 모습입니다.,40.0%,-2.1%
2026-04-14,추가 확인 후 매수,롯데칠성,005300,거래가 조용해지며 다음 변동성을 준비하는 구간입니다.,66.7%,1.2%
2026-04-14,추가 확인 후 매수,한진칼우,18064K,거래가 조용해져 다음 움직임을 준비하는 모습입니다.,88.9%,5.5%
2026-04-14,추가 확인 후 매수,SK디앤디,210980,"바닥권 반등 신호(BB 하단), 거래가 조용해지며 다음 변동성을 준비하는 구간입니다.",40.6%,-1.0%
2026-04-14,추가 확인 후 매수,스틱인베스트먼트,026890,"거래가 조용해져 다음 움직임을 준비하는 모습입니다., 거래가 조용해지며 다음 변동성을 준비하는 구간입니다.",100.0%,2.2%
2026-04-14,추가 확인 후 매수,한국쉘석유,002960,"거래가 조용해져 다음 움직임을 준비하는 모습입니다., 최근 급등 뒤 숨고르기 구간에 진입했습니다., 거래가 조용해지며 다음 변동성을 준비하는 구간입니다.",40.7%,-1.9%
2026-04-14,추가 확인 후 매수,삼성에스디에스,018260,"RSI 반전 신호(상승 가능성), 거래가 조용해져 다음 움직임을 준비하는 모습입니다.",50.0%,-0.3%
2026-04-14,추가 확인 후 매수,제일약품,271980,RSI 반전 신호(상승 가능성),58.3%,2.0%
2026-04-14,추가 확인 후 매수,서울가스,017390,거래가 조용해져 다음 움직임을 준비하는 모습입니다.,57.7%,-0.1%
2026-04-14,추가 확인 후 매수,현대차우,005385,거래가 조용해져 다음 움직임을 준비하는 모습입니다.,42.3%,0.0%
2026-04-14,추가 확인 후 매수,현대차2우B,005387,거래가 조용해져 다음 움직임을 준비하는 모습입니다.,43.3%,-0.2%
2026-04-14,추가 확인 후 매수,기아,000270,거래가 조용해져 다음 움직임을 준비하는 모습입니다.,47.8%,2.6%
2026-04-14,추가 확인 후 매수,일동제약,249420,"거래가 조용해져 다음 움직임을 준비하는 모습입니다., 거래량 급증",41.7%,-2.1%
2026-04-14,추가 확인 후 매수,하이브,352820,거래가 조용해져 다음 움직임을 준비하는 모습입니다.,43.8%,-2.0%
2026-04-14,신중히 매수,GS리테일,007070,"거래가 조용해져 다음 움직임을 준비하는 모습입니다., 거래가 조용해지며 다음 변동성을 준비하는 구간입니다.",51.9%,0.9%
2026-04-14,신중히 매수,한솔홀딩스,004150,거래가 조용해져 다음 움직임을 준비하는 모습입니다.,75.0%,2.2%
2026-04-14,신중히 매수,TBH글로벌,084870,"거래가 조용해져 다음 움직임을 준비하는 모습입니다., 거래가 조용해지며 다음 변동성을 준비하는 구간입니다.",50.0%,1.6%
2026-04-14,신중히 매수,케이비아이동국실업,001620,거래량 급증,66.7%,3.5%
2026-04-14,신중히 매수,대림바스,005750,거래가 조용해지며 다음 변동성을 준비하는 구간입니다.,55.2%,5.0%
2026-04-14,신중히 매수,세방,004360,"거래가 조용해져 다음 움직임을 준비하는 모습입니다., 거래가 조용해지며 다음 변동성을 준비하는 구간입니다.",50.0%,0.3%
2026-04-14,신중히 매수,대한제분,001130,거래가 조용해져 다음 움직임을 준비하는 모습입니다.,50.0%,-0.5%
2026-04-14,신중히 매수,삼양통상,002170,거래가 조용해지며 다음 변동성을 준비하는 구간입니다.,52.9%,0.9%
2026-04-14,신중히 매수,세방우,004365,거래가 조용해져 다음 움직임을 준비하는 모습입니다.,100.0%,0.9%
2026-04-14,신중히 매수,롯데렌탈,089860,거래가 조용해지며 다음 변동성을 준비하는 구간입니다.,100.0%,3.0%
2026-04-14,신중히 매수,두산퓨얼셀1우,33626K,거래가 조용해져 다음 움직임을 준비하는 모습입니다.,63.2%,0.5%
2026-04-14,신중히 매수,한화시스템,272210,"거래가 조용해져 다음 움직임을 준비하는 모습입니다., 최근 급등 뒤 숨고르기 구간에 진입했습니다., 거래가 조용해지며 다음 변동성을 준비하는 구간입니다.",54.5%,2.5%
2026-04-14,신중히 매수,한국자산신탁,123890,거래가 조용해져 다음 움직임을 준비하는 모습입니다.,100.0%,9.8%
2026-04-14,신중히 매수,현대차,005380,"거래가 조용해져 다음 움직임을 준비하는 모습입니다., 거래가 조용해지며 다음 변동성을 준비하는 구간입니다.",54.5%,7.0%
2026-04-14,신중히 매수,신도리코,029530,거래가 조용해져 다음 움직임을 준비하는 모습입니다.,62.5%,9.2%
2026-04-14,신중히 매수,한신기계,011700,거래가 조용해져 다음 움직임을 준비하는 모습입니다.,50.0%,1.2%
2026-04-14,추가 확인 후 매수,대덕전자,353200,거래가 조용해지며 다음 변동성을 준비하는 구간입니다.,45.5%,-0.2%
2026-04-14,추가 확인 후 매수,한신공영,004960,"거래가 조용해져 다음 움직임을 준비하는 모습입니다., 거래가 조용해지며 다음 변동성을 준비하는 구간입니다.",42.9%,2.7%
2026-04-14,추가 확인 후 매수,계룡건설,013580,거래량 급증,42.9%,-0.7%
2026-04-14,추가 확인 후 매수,동부건설,005960,"거래가 조용해져 다음 움직임을 준비하는 모습입니다., 거래가 조용해지며 다음 변동성을 준비하는 구간입니다.",48.0%,5.7%
2026-04-14,추가 확인 후 매수,BYC우,001465,거래량 급증,42.3%,-0.5%
2026-04-14,추가 확인 후 매수,코람코더원리츠,417310,거래량 급증,40.0%,-1.0%
2026-04-14,추가 확인 후 매수,진도,088790,"거래가 조용해져 다음 움직임을 준비하는 모습입니다., 최근 급등 뒤 숨고르기 구간에 진입했습니다., 거래가 조용해지며 다음 변동성을 준비하는 구간입니다., 과매도 반등 신호",47.4%,0.2%
2026-04-14,추가 확인 후 매수,포스코스틸리온,058430,최근 급등 뒤 숨고르기 구간에 진입했습니다.,40.0%,1.7%
2026-04-14,추가 확인 후 매수,삼성물산우B,02826K,거래가 조용해져 다음 움직임을 준비하는 모습입니다.,42.3%,-1.2%
2026-04-14,추가 확인 후 매수,SNT모티브,064960,거래가 조용해져 다음 움직임을 준비하는 모습입니다.,42.9%,-2.8%
2026-04-14,추가 확인 후 매수,가온전선,000500,"거래가 조용해져 다음 움직임을 준비하는 모습입니다., 거래가 조용해지며 다음 변동성을 준비하는 구간입니다.",44.1%,5.6%
2026-04-14,추가 확인 후 매수,한국토지신탁,034830,"거래가 조용해지며 다음 변동성을 준비하는 구간입니다., 과매도 반등 신호",47.1%,1.9%
2026-04-14,추가 확인 후 매수,신세계푸드,031440,"거래가 조용해져 다음 움직임을 준비하는 모습입니다., 바닥권 반등 신호(BB 하단)",46.4%,0.8%
2026-04-14,추가 확인 후 매수,한전기술,052690,"거래가 조용해져 다음 움직임을 준비하는 모습입니다., 거래가 조용해지며 다음 변동성을 준비하는 구간입니다.",48.3%,0.3%
2026-04-14,추가 확인 후 매수,진흥기업우B,002785,"거래가 조용해져 다음 움직임을 준비하는 모습입니다., 과매도 반등 신호",50.0%,-0.8%
2026-04-14,추가 확인 후 매수,농심,004370,거래가 조용해지며 다음 변동성을 준비하는 구간입니다.,100.0%,1.9%
2026-04-14,추가 확인 후 매수,한화비전,489790,거래가 조용해져 다음 움직임을 준비하는 모습입니다.,40.0%,-2.1%
2026-04-14,추가 확인 후 매수,롯데칠성,005300,거래가 조용해지며 다음 변동성을 준비하는 구간입니다.,66.7%,1.2%
2026-04-14,추가 확인 후 매수,한진칼우,18064K,거래가 조용해져 다음 움직임을 준비하는 모습입니다.,88.9%,5.5%
2026-04-14,추가 확인 후 매수,SK디앤디,210980,"바닥권 반등 신호(BB 하단), 거래가 조용해지며 다음 변동성을 준비하는 구간입니다.",40.6%,-1.0%
2026-04-14,추가 확인 후 매수,스틱인베스트먼트,026890,"거래가 조용해져 다음 움직임을 준비하는 모습입니다., 거래가 조용해지며 다음 변동성을 준비하는 구간입니다.",100.0%,2.2%
2026-04-14,추가 확인 후 매수,한국쉘석유,002960,"거래가 조용해져 다음 움직임을 준비하는 모습입니다., 최근 급등 뒤 숨고르기 구간에 진입했습니다., 거래가 조용해지며 다음 변동성을 준비하는 구간입니다.",40.7%,-1.9%
2026-04-14,추가 확인 후 매수,삼성에스디에스,018260,"RSI 반전 신호(상승 가능성), 거래가 조용해져 다음 움직임을 준비하는 모습입니다.",50.0%,-0.3%
2026-04-14,추가 확인 후 매수,제일약품,271980,RSI 반전 신호(상승 가능성),58.3%,2.0%
2026-04-14,추가 확인 후 매수,서울가스,017390,거래가 조용해져 다음 움직임을 준비하는 모습입니다.,57.7%,-0.1%
2026-04-14,추가 확인 후 매수,현대차우,005385,거래가 조용해져 다음 움직임을 준비하는 모습입니다.,42.3%,0.0%
2026-04-14,추가 확인 후 매수,현대차2우B,005387,거래가 조용해져 다음 움직임을 준비하는 모습입니다.,43.3%,-0.2%
2026-04-14,추가 확인 후 매수,기아,000270,거래가 조용해져 다음 움직임을 준비하는 모습입니다.,47.8%,2.6%
2026-04-14,추가 확인 후 매수,일동제약,249420,"거래가 조용해져 다음 움직임을 준비하는 모습입니다., 거래량 급증",41.7%,-2.1%
2026-04-14,추가 확인 후 매수,하이브,352820,거래가 조용해져 다음 움직임을 준비하는 모습입니다.,43.8%,-2.0%
2026-04-14,신중히 매수,GS리테일,007070,"거래가 조용해져 다음 움직임을 준비하는 모습입니다., 거래가 조용해지며 다음 변동성을 준비하는 구간입니다.",51.9%,0.9%
2026-04-14,신중히 매수,한솔홀딩스,004150,거래가 조용해져 다음 움직임을 준비하는 모습입니다.,75.0%,2.2%
2026-04-14,신중히 매수,TBH글로벌,084870,"거래가 조용해져 다음 움직임을 준비하는 모습입니다., 거래가 조용해지며 다음 변동성을 준비하는 구간입니다.",50.0%,1.6%
2026-04-14,신중히 매수,케이비아이동국실업,001620,거래량 급증,66.7%,3.5%
2026-04-14,신중히 매수,대림바스,005750,거래가 조용해지며 다음 변동성을 준비하는 구간입니다.,55.2%,5.0%
2026-04-14,신중히 매수,세방,004360,"거래가 조용해져 다음 움직임을 준비하는 모습입니다., 거래가 조용해지며 다음 변동성을 준비하는 구간입니다.",50.0%,0.3%
2026-04-14,신중히 매수,대한제분,001130,거래가 조용해져 다음 움직임을 준비하는 모습입니다.,50.0%,-0.5%
2026-04-14,신중히 매수,삼양통상,002170,거래가 조용해지며 다음 변동성을 준비하는 구간입니다.,52.9%,0.9%
2026-04-14,신중히 매수,세방우,004365,거래가 조용해져 다음 움직임을 준비하는 모습입니다.,100.0%,0.9%
2026-04-14,신중히 매수,롯데렌탈,089860,거래가 조용해지며 다음 변동성을 준비하는 구간입니다.,100.0%,3.0%
2026-04-14,신중히 매수,두산퓨얼셀1우,33626K,거래가 조용해져 다음 움직임을 준비하는 모습입니다.,63.2%,0.5%
2026-04-14,신중히 매수,한화시스템,272210,"거래가 조용해져 다음 움직임을 준비하는 모습입니다., 최근 급등 뒤 숨고르기 구간에 진입했습니다., 거래가 조용해지며 다음 변동성을 준비하는 구간입니다.",54.5%,2.5%
2026-04-14,신중히 매수,한국자산신탁,123890,거래가 조용해져 다음 움직임을 준비하는 모습입니다.,100.0%,9.8%
2026-04-14,신중히 매수,현대차,005380,"거래가 조용해져 다음 움직임을 준비하는 모습입니다., 거래가 조용해지며 다음 변동성을 준비하는 구간입니다.",54.5%,7.0%
2026-04-14,신중히 매수,신도리코,029530,거래가 조용해져 다음 움직임을 준비하는 모습입니다.,62.5%,9.2%
2026-04-14,신중히 매수,한신기계,011700,거래가 조용해져 다음 움직임을 준비하는 모습입니다.,50.0%,1.2%
2026-04-14,추가 확인 후 매수,대덕전자,353200,거래가 조용해지며 다음 변동성을 준비하는 구간입니다.,45.5%,-0.2%
2026-04-14,추가 확인 후 매수,한신공영,004960,"거래가 조용해져 다음 움직임을 준비하는 모습입니다., 거래가 조용해지며 다음 변동성을 준비하는 구간입니다.",42.9%,2.7%
2026-04-14,추가 확인 후 매수,계룡건설,013580,거래량 급증,42.9%,-0.7%
2026-04-14,추가 확인 후 매수,동부건설,005960,"거래가 조용해져 다음 움직임을 준비하는 모습입니다., 거래가 조용해지며 다음 변동성을 준비하는 구간입니다.",48.0%,5.7%
2026-04-14,추가 확인 후 매수,BYC우,001465,거래량 급증,42.3%,-0.5%
2026-04-14,추가 확인 후 매수,코람코더원리츠,417310,거래량 급증,40.0%,-1.0%
2026-04-14,추가 확인 후 매수,진도,088790,"거래가 조용해져 다음 움직임을 준비하는 모습입니다., 최근 급등 뒤 숨고르기 구간에 진입했습니다., 거래가 조용해지며 다음 변동성을 준비하는 구간입니다., 과매도 반등 신호",47.4%,0.2%
2026-04-14,추가 확인 후 매수,포스코스틸리온,058430,최근 급등 뒤 숨고르기 구간에 진입했습니다.,40.0%,1.7%
2026-04-14,추가 확인 후 매수,삼성물산우B,02826K,거래가 조용해져 다음 움직임을 준비하는 모습입니다.,42.3%,-1.2%
2026-04-14,추가 확인 후 매수,SNT모티브,064960,거래가 조용해져 다음 움직임을 준비하는 모습입니다.,42.9%,-2.8%
2026-04-14,추가 확인 후 매수,가온전선,000500,"거래가 조용해져 다음 움직임을 준비하는 모습입니다., 거래가 조용해지며 다음 변동성을 준비하는 구간입니다.",44.1%,5.6%
2026-04-14,추가 확인 후 매수,한국토지신탁,034830,"거래가 조용해지며 다음 변동성을 준비하는 구간입니다., 과매도 반등 신호",47.1%,1.9%
2026-04-14,추가 확인 후 매수,신세계푸드,031440,"거래가 조용해져 다음 움직임을 준비하는 모습입니다., 바닥권 반등 신호(BB 하단)",46.4%,0.8%
2026-04-14,추가 확인 후 매수,한전기술,052690,"거래가 조용해져 다음 움직임을 준비하는 모습입니다., 거래가 조용해지며 다음 변동성을 준비하는 구간입니다.",48.3%,0.3%
2026-04-14,추가 확인 후 매수,진흥기업우B,002785,"거래가 조용해져 다음 움직임을 준비하는 모습입니다., 과매도 반등 신호",50.0%,-0.8%
2026-04-14,추가 확인 후 매수,농심,004370,거래가 조용해지며 다음 변동성을 준비하는 구간입니다.,100.0%,1.9%
2026-04-14,추가 확인 후 매수,한화비전,489790,거래가 조용해져 다음 움직임을 준비하는 모습입니다.,40.0%,-2.1%
2026-04-14,추가 확인 후 매수,롯데칠성,005300,거래가 조용해지며 다음 변동성을 준비하는 구간입니다.,66.7%,1.2%
2026-04-14,추가 확인 후 매수,한진칼우,18064K,거래가 조용해져 다음 움직임을 준비하는 모습입니다.,88.9%,5.5%
2026-04-14,추가 확인 후 매수,SK디앤디,210980,"바닥권 반등 신호(BB 하단), 거래가 조용해지며 다음 변동성을 준비하는 구간입니다.",40.6%,-1.0%
2026-04-14,추가 확인 후 매수,스틱인베스트먼트,026890,"거래가 조용해져 다음 움직임을 준비하는 모습입니다., 거래가 조용해지며 다음 변동성을 준비하는 구간입니다.",100.0%,2.2%
2026-04-14,추가 확인 후 매수,한국쉘석유,002960,"거래가 조용해져 다음 움직임을 준비하는 모습입니다., 최근 급등 뒤 숨고르기 구간에 진입했습니다., 거래가 조용해지며 다음 변동성을 준비하는 구간입니다.",40.7%,-1.9%
2026-04-14,추가 확인 후 매수,삼성에스디에스,018260,"RSI 반전 신호(상승 가능성), 거래가 조용해져 다음 움직임을 준비하는 모습입니다.",50.0%,-0.3%
2026-04-14,추가 확인 후 매수,제일약품,271980,RSI 반전 신호(상승 가능성),58.3%,2.0%
2026-04-14,추가 확인 후 매수,서울가스,017390,거래가 조용해져 다음 움직임을 준비하는 모습입니다.,57.7%,-0.1%
2026-04-14,추가 확인 후 매수,현대차우,005385,거래가 조용해져 다음 움직임을 준비하는 모습입니다.,42.3%,0.0%
2026-04-14,추가 확인 후 매수,현대차2우B,005387,거래가 조용해져 다음 움직임을 준비하는 모습입니다.,43.3%,-0.2%
2026-04-14,추가 확인 후 매수,기아,000270,거래가 조용해져 다음 움직임을 준비하는 모습입니다.,47.8%,2.6%
2026-04-14,추가 확인 후 매수,일동제약,249420,"거래가 조용해져 다음 움직임을 준비하는 모습입니다., 거래량 급증",41.7%,-2.1%
2026-04-14,추가 확인 후 매수,하이브,352820,거래가 조용해져 다음 움직임을 준비하는 모습입니다.,43.8%,-2.0%
2026-04-14,신중히 매수,GS리테일,007070,"거래가 조용해져 다음 움직임을 준비하는 모습입니다., 거래가 조용해지며 다음 변동성을 준비하는 구간입니다.",51.9%,0.9%
2026-04-14,신중히 매수,한솔홀딩스,004150,거래가 조용해져 다음 움직임을 준비하는 모습입니다.,75.0%,2.2%
2026-04-14,신중히 매수,TBH글로벌,084870,"거래가 조용해져 다음 움직임을 준비하는 모습입니다., 거래가 조용해지며 다음 변동성을 준비하는 구간입니다.",50.0%,1.6%
2026-04-14,신중히 매수,케이비아이동국실업,001620,거래량 급증,66.7%,3.5%
2026-04-14,신중히 매수,대림바스,005750,거래가 조용해지며 다음 변동성을 준비하는 구간입니다.,55.2%,5.0%
2026-04-14,신중히 매수,세방,004360,"거래가 조용해져 다음 움직임을 준비하는 모습입니다., 거래가 조용해지며 다음 변동성을 준비하는 구간입니다.",50.0%,0.3%
2026-04-14,신중히 매수,대한제분,001130,거래가 조용해져 다음 움직임을 준비하는 모습입니다.,50.0%,-0.5%
2026-04-14,신중히 매수,삼양통상,002170,거래가 조용해지며 다음 변동성을 준비하는 구간입니다.,52.9%,0.9%
2026-04-14,신중히 매수,세방우,004365,거래가 조용해져 다음 움직임을 준비하는 모습입니다.,100.0%,0.9%
2026-04-14,신중히 매수,롯데렌탈,089860,거래가 조용해지며 다음 변동성을 준비하는 구간입니다.,100.0%,3.0%
2026-04-14,신중히 매수,두산퓨얼셀1우,33626K,거래가 조용해져 다음 움직임을 준비하는 모습입니다.,63.2%,0.5%
2026-04-14,신중히 매수,한화시스템,272210,"거래가 조용해져 다음 움직임을 준비하는 모습입니다., 최근 급등 뒤 숨고르기 구간에 진입했습니다., 거래가 조용해지며 다음 변동성을 준비하는 구간입니다.",54.5%,2.5%
2026-04-14,신중히 매수,한국자산신탁,123890,거래가 조용해져 다음 움직임을 준비하는 모습입니다.,100.0%,9.8%
2026-04-14,신중히 매수,현대차,005380,"거래가 조용해져 다음 움직임을 준비하는 모습입니다., 거래가 조용해지며 다음 변동성을 준비하는 구간입니다.",54.5%,7.0%
2026-04-14,신중히 매수,신도리코,029530,거래가 조용해져 다음 움직임을 준비하는 모습입니다.,62.5%,9.2%
2026-04-14,신중히 매수,한신기계,011700,거래가 조용해져 다음 움직임을 준비하는 모습입니다.,50.0%,1.2%
2026-04-14,추가 확인 후 매수,대덕전자,353200,거래가 조용해지며 다음 변동성을 준비하는 구간입니다.,45.5%,-0.2%
2026-04-14,추가 확인 후 매수,한신공영,004960,"거래가 조용해져 다음 움직임을 준비하는 모습입니다., 거래가 조용해지며 다음 변동성을 준비하는 구간입니다.",42.9%,2.7%
2026-04-14,추가 확인 후 매수,계룡건설,013580,거래량 급증,42.9%,-0.7%
2026-04-14,추가 확인 후 매수,동부건설,005960,"거래가 조용해져 다음 움직임을 준비하는 모습입니다., 거래가 조용해지며 다음 변동성을 준비하는 구간입니다.",48.0%,5.7%
2026-04-14,추가 확인 후 매수,BYC우,001465,거래량 급증,42.3%,-0.5%
2026-04-14,추가 확인 후 매수,코람코더원리츠,417310,거래량 급증,40.0%,-1.0%
2026-04-14,추가 확인 후 매수,진도,088790,"거래가 조용해져 다음 움직임을 준비하는 모습입니다., 최근 급등 뒤 숨고르기 구간에 진입했습니다., 거래가 조용해지며 다음 변동성을 준비하는 구간입니다., 과매도 반등 신호",47.4%,0.2%
2026-04-14,추가 확인 후 매수,포스코스틸리온,058430,최근 급등 뒤 숨고르기 구간에 진입했습니다.,40.0%,1.7%
2026-04-14,추가 확인 후 매수,삼성물산우B,02826K,거래가 조용해져 다음 움직임을 준비하는 모습입니다.,42.3%,-1.2%
2026-04-14,추가 확인 후 매수,SNT모티브,064960,거래가 조용해져 다음 움직임을 준비하는 모습입니다.,42.9%,-2.8%
2026-04-14,추가 확인 후 매수,가온전선,000500,"거래가 조용해져 다음 움직임을 준비하는 모습입니다., 거래가 조용해지며 다음 변동성을 준비하는 구간입니다.",44.1%,5.6%
2026-04-14,추가 확인 후 매수,한국토지신탁,034830,"거래가 조용해지며 다음 변동성을 준비하는 구간입니다., 과매도 반등 신호",47.1%,1.9%
2026-04-14,추가 확인 후 매수,신세계푸드,031440,"거래가 조용해져 다음 움직임을 준비하는 모습입니다., 바닥권 반등 신호(BB 하단)",46.4%,0.8%
2026-04-14,추가 확인 후 매수,한전기술,052690,"거래가 조용해져 다음 움직임을 준비하는 모습입니다., 거래가 조용해지며 다음 변동성을 준비하는 구간입니다.",48.3%,0.3%
2026-04-14,추가 확인 후 매수,진흥기업우B,002785,"거래가 조용해져 다음 움직임을 준비하는 모습입니다., 과매도 반등 신호",50.0%,-0.8%
2026-04-14,추가 확인 후 매수,농심,004370,거래가 조용해지며 다음 변동성을 준비하는 구간입니다.,100.0%,1.9%
2026-04-14,추가 확인 후 매수,한화비전,489790,거래가 조용해져 다음 움직임을 준비하는 모습입니다.,40.0%,-2.1%
2026-04-14,추가 확인 후 매수,롯데칠성,005300,거래가 조용해지며 다음 변동성을 준비하는 구간입니다.,66.7%,1.2%
2026-04-14,추가 확인 후 매수,한진칼우,18064K,거래가 조용해져 다음 움직임을 준비하는 모습입니다.,88.9%,5.5%
2026-04-14,추가 확인 후 매수,SK디앤디,210980,"바닥권 반등 신호(BB 하단), 거래가 조용해지며 다음 변동성을 준비하는 구간입니다.",40.6%,-1.0%
2026-04-14,추가 확인 후 매수,스틱인베스트먼트,026890,"거래가 조용해져 다음 움직임을 준비하는 모습입니다., 거래가 조용해지며 다음 변동성을 준비하는 구간입니다.",100.0%,2.2%
2026-04-14,추가 확인 후 매수,한국쉘석유,002960,"거래가 조용해져 다음 움직임을 준비하는 모습입니다., 최근 급등 뒤 숨고르기 구간에 진입했습니다., 거래가 조용해지며 다음 변동성을 준비하는 구간입니다.",40.7%,-1.9%
2026-04-14,추가 확인 후 매수,삼성에스디에스,018260,"RSI 반전 신호(상승 가능성), 거래가 조용해져 다음 움직임을 준비하는 모습입니다.",50.0%,-0.3%
2026-04-14,추가 확인 후 매수,제일약품,271980,RSI 반전 신호(상승 가능성),58.3%,2.0%
2026-04-14,추가 확인 후 매수,서울가스,017390,거래가 조용해져 다음 움직임을 준비하는 모습입니다.,57.7%,-0.1%
2026-04-14,추가 확인 후 매수,현대차우,005385,거래가 조용해져 다음 움직임을 준비하는 모습입니다.,42.3%,0.0%
2026-04-14,추가 확인 후 매수,현대차2우B,005387,거래가 조용해져 다음 움직임을 준비하는 모습입니다.,43.3%,-0.2%
2026-04-14,추가 확인 후 매수,기아,000270,거래가 조용해져 다음 움직임을 준비하는 모습입니다.,47.8%,2.6%
2026-04-14,추가 확인 후 매수,일동제약,249420,"거래가 조용해져 다음 움직임을 준비하는 모습입니다., 거래량 급증",41.7%,-2.1%
2026-04-14,추가 확인 후 매수,하이브,352820,거래가 조용해져 다음 움직임을 준비하는 모습입니다.,43.8%,-2.0%
2026-04-15,지금 매수,삼성전자,005930,최근 급등 뒤 숨고르기 구간에 진입했습니다.,63.6%,4.2%
2026-04-15,지금 매수,한국자산신탁,123890,거래가 조용해져 다음 움직임을 준비하는 모습입니다.,100.0%,9.8%
2026-04-15,신중히 매수,현대차,005380,"거래가 조용해져 다음 움직임을 준비하는 모습입니다., 최근 급등 뒤 숨고르기 구간에 진입했습니다., 거래가 조용해지며 다음 변동성을 준비하는 구간입니다.",54.5%,7.0%
2026-04-15,신중히 매수,한화시스템,272210,"거래가 조용해져 다음 움직임을 준비하는 모습입니다., 최근 급등 뒤 숨고르기 구간에 진입했습니다., 거래가 조용해지며 다음 변동성을 준비하는 구간입니다.",51.5%,1.6%
2026-04-15,신중히 매수,삼성에스디에스,018260,RSI 반전 신호(상승 가능성),50.0%,-0.3%
2026-04-15,신중히 매수,롯데렌탈,089860,거래가 조용해지며 다음 변동성을 준비하는 구간입니다.,100.0%,3.0%
2026-04-15,신중히 매수,대한유화,006650,최근 급등 뒤 숨고르기 구간에 진입했습니다.,50.0%,-0.6%
2026-04-15,신중히 매수,LF,093050,"거래가 조용해져 다음 움직임을 준비하는 모습입니다., 최근 급등 뒤 숨고르기 구간에 진입했습니다.",57.1%,5.0%
2026-04-15,신중히 매수,신도리코,029530,거래가 조용해져 다음 움직임을 준비하는 모습입니다.,57.1%,7.2%
2026-04-15,신중히 매수,세방,004360,"거래가 조용해져 다음 움직임을 준비하는 모습입니다., 거래가 조용해지며 다음 변동성을 준비하는 구간입니다.",66.7%,1.2%
2026-04-15,신중히 매수,대한제분,001130,거래가 조용해져 다음 움직임을 준비하는 모습입니다.,50.0%,-0.5%
2026-04-15,신중히 매수,삼양통상,002170,거래가 조용해지며 다음 변동성을 준비하는 구간입니다.,56.2%,1.2%
2026-04-15,신중히 매수,한솔홀딩스,004150,거래가 조용해져 다음 움직임을 준비하는 모습입니다.,75.0%,2.2%
2026-04-15,신중히 매수,두산퓨얼셀1우,33626K,거래가 조용해져 다음 움직임을 준비하는 모습입니다.,66.7%,0.9%
2026-04-15,신중히 매수,대림바스,005750,거래가 조용해지며 다음 변동성을 준비하는 구간입니다.,53.6%,4.3%
2026-04-15,신중히 매수,세방우,004365,거래가 조용해져 다음 움직임을 준비하는 모습입니다.,100.0%,0.9%
2026-04-15,추가 확인 후 매수,기아,000270,"거래가 조용해져 다음 움직임을 준비하는 모습입니다., 거래가 조용해지며 다음 변동성을 준비하는 구간입니다., 과매도 반등 신호",47.8%,2.6%
2026-04-15,추가 확인 후 매수,포스코인터내셔널,047050,최근 급등 뒤 숨고르기 구간에 진입했습니다.,44.0%,-0.1%
2026-04-15,추가 확인 후 매수,하이브,352820,"거래가 조용해져 다음 움직임을 준비하는 모습입니다., 과매도 반등 신호",43.8%,-2.0%
2026-04-15,추가 확인 후 매수,현대차2우B,005387,"거래가 조용해져 다음 움직임을 준비하는 모습입니다., 거래가 조용해지며 다음 변동성을 준비하는 구간입니다.",43.3%,-0.2%
2026-04-15,추가 확인 후 매수,현대차우,005385,"거래가 조용해져 다음 움직임을 준비하는 모습입니다., 거래가 조용해지며 다음 변동성을 준비하는 구간입니다.",40.7%,-0.1%
2026-04-15,추가 확인 후 매수,대덕전자,353200,"최근 급등 뒤 숨고르기 구간에 진입했습니다., 거래가 조용해지며 다음 변동성을 준비하는 구간입니다.",45.5%,-0.2%
2026-04-15,추가 확인 후 매수,농심,004370,거래가 조용해지며 다음 변동성을 준비하는 구간입니다.,100.0%,1.9%
2026-04-15,추가 확인 후 매수,GS리테일,007070,"거래가 조용해져 다음 움직임을 준비하는 모습입니다., 거래가 조용해지며 다음 변동성을 준비하는 구간입니다.",48.1%,0.8%
2026-04-15,추가 확인 후 매수,가온전선,000500,거래가 조용해지며 다음 변동성을 준비하는 구간입니다.,44.1%,5.7%
2026-04-15,추가 확인 후 매수,롯데칠성,005300,거래가 조용해지며 다음 변동성을 준비하는 구간입니다.,62.5%,0.5%
2026-04-15,추가 확인 후 매수,SNT모티브,064960,거래가 조용해져 다음 움직임을 준비하는 모습입니다.,42.9%,-2.8%
2026-04-15,추가 확인 후 매수,한샘,009240,과매도 반등 신호,75.0%,1.1%
2026-04-15,추가 확인 후 매수,SGC에너지,005090,거래가 조용해져 다음 움직임을 준비하는 모습입니다.,46.7%,-0.4%
2026-04-15,추가 확인 후 매수,스틱인베스트먼트,026890,"거래가 조용해져 다음 움직임을 준비하는 모습입니다., 최근 급등 뒤 숨고르기 구간에 진입했습니다., 거래가 조용해지며 다음 변동성을 준비하는 구간입니다.",100.0%,2.2%
2026-04-15,추가 확인 후 매수,한국토지신탁,034830,거래가 조용해지며 다음 변동성을 준비하는 구간입니다.,44.4%,1.6%
2026-04-15,추가 확인 후 매수,서울가스,017390,거래가 조용해져 다음 움직임을 준비하는 모습입니다.,57.7%,-0.1%
2026-04-15,추가 확인 후 매수,삼성물산우B,02826K,"거래가 조용해져 다음 움직임을 준비하는 모습입니다., 최근 급등 뒤 숨고르기 구간에 진입했습니다.",40.7%,-1.3%
2026-04-15,추가 확인 후 매수,동부건설,005960,"거래가 조용해져 다음 움직임을 준비하는 모습입니다., 거래가 조용해지며 다음 변동성을 준비하는 구간입니다.",46.2%,5.4%
2026-04-15,추가 확인 후 매수,미창석유,003650,최근 급등 뒤 숨고르기 구간에 진입했습니다.,42.9%,1.9%
2026-04-15,추가 확인 후 매수,제일약품,271980,RSI 반전 신호(상승 가능성),58.3%,2.0%
2026-04-15,추가 확인 후 매수,신세계푸드,031440,거래가 조용해져 다음 움직임을 준비하는 모습입니다.,42.9%,0.5%
2026-04-15,추가 확인 후 매수,한신기계,011700,"거래가 조용해져 다음 움직임을 준비하는 모습입니다., 거래가 조용해지며 다음 변동성을 준비하는 구간입니다.",40.0%,0.4%
2026-04-15,추가 확인 후 매수,다스코,058730,최근 급등 뒤 숨고르기 구간에 진입했습니다.,42.9%,-0.5%
2026-04-15,추가 확인 후 매수,TBH글로벌,084870,"거래가 조용해져 다음 움직임을 준비하는 모습입니다., 거래가 조용해지며 다음 변동성을 준비하는 구간입니다.",47.4%,1.4%
2026-04-15,추가 확인 후 매수,진도,088790,"거래가 조용해져 다음 움직임을 준비하는 모습입니다., 최근 급등 뒤 숨고르기 구간에 진입했습니다., 거래가 조용해지며 다음 변동성을 준비하는 구간입니다.",45.0%,0.1%
2026-04-15,추가 확인 후 매수,한진칼우,18064K,거래가 조용해져 다음 움직임을 준비하는 모습입니다.,100.0%,6.6%
2026-04-15,추가 확인 후 매수,진흥기업우B,002785,거래가 조용해져 다음 움직임을 준비하는 모습입니다.,50.0%,-0.8%
2026-04-15,지금 매수,DL이앤씨우,37550K,최근 급등 뒤 숨고르기 구간에 진입했습니다.,75.0%,7.8%
2026-04-15,지금 매수,효성중공업,298040,최근 급등 뒤 숨고르기 구간에 진입했습니다.,68.8%,5.3%
2026-04-15,지금 매수,삼성전자,005930,최근 급등 뒤 숨고르기 구간에 진입했습니다.,63.6%,4.2%
2026-04-15,지금 매수,한국자산신탁,123890,거래가 조용해져 다음 움직임을 준비하는 모습입니다.,100.0%,9.8%
2026-04-15,신중히 매수,LF,093050,"거래가 조용해져 다음 움직임을 준비하는 모습입니다., 최근 급등 뒤 숨고르기 구간에 진입했습니다.",57.1%,5.0%
2026-04-15,신중히 매수,대한유화,006650,최근 급등 뒤 숨고르기 구간에 진입했습니다.,50.0%,-0.6%
2026-04-15,신중히 매수,삼성에스디에스,018260,"RSI 반전 신호(상승 가능성), 거래량 급증",50.0%,-0.3%
2026-04-15,신중히 매수,세방,004360,"거래가 조용해져 다음 움직임을 준비하는 모습입니다., 거래가 조용해지며 다음 변동성을 준비하는 구간입니다.",66.7%,1.2%
2026-04-15,신중히 매수,한솔홀딩스,004150,거래가 조용해져 다음 움직임을 준비하는 모습입니다.,75.0%,2.2%
2026-04-15,신중히 매수,롯데렌탈,089860,거래가 조용해지며 다음 변동성을 준비하는 구간입니다.,100.0%,3.0%
2026-04-15,신중히 매수,대한제분,001130,거래가 조용해져 다음 움직임을 준비하는 모습입니다.,50.0%,-0.5%
2026-04-15,신중히 매수,대림바스,005750,거래가 조용해지며 다음 변동성을 준비하는 구간입니다.,57.1%,4.5%
2026-04-15,신중히 매수,신도리코,029530,거래가 조용해져 다음 움직임을 준비하는 모습입니다.,57.1%,7.2%
2026-04-15,신중히 매수,한화시스템,272210,"거래가 조용해져 다음 움직임을 준비하는 모습입니다., 최근 급등 뒤 숨고르기 구간에 진입했습니다., 거래가 조용해지며 다음 변동성을 준비하는 구간입니다.",51.5%,1.6%
2026-04-15,신중히 매수,현대차,005380,"최근 급등 뒤 숨고르기 구간에 진입했습니다., 거래가 조용해지며 다음 변동성을 준비하는 구간입니다.",54.5%,7.0%
2026-04-15,신중히 매수,두산퓨얼셀1우,33626K,거래가 조용해져 다음 움직임을 준비하는 모습입니다.,66.7%,0.9%
2026-04-15,추가 확인 후 매수,동부건설,005960,"거래가 조용해져 다음 움직임을 준비하는 모습입니다., 거래가 조용해지며 다음 변동성을 준비하는 구간입니다.",46.2%,5.4%
2026-04-15,추가 확인 후 매수,가온전선,000500,거래량 급증,44.1%,5.7%
2026-04-15,추가 확인 후 매수,대덕전자,353200,"최근 급등 뒤 숨고르기 구간에 진입했습니다., 거래가 조용해지며 다음 변동성을 준비하는 구간입니다.",45.5%,-0.2%
2026-04-15,추가 확인 후 매수,계룡건설,013580,거래량 급증,40.0%,-0.9%
2026-04-15,추가 확인 후 매수,GS리테일,007070,"거래가 조용해져 다음 움직임을 준비하는 모습입니다., 거래가 조용해지며 다음 변동성을 준비하는 구간입니다.",48.1%,0.8%
2026-04-15,추가 확인 후 매수,진도,088790,"거래가 조용해져 다음 움직임을 준비하는 모습입니다., 최근 급등 뒤 숨고르기 구간에 진입했습니다., 거래가 조용해지며 다음 변동성을 준비하는 구간입니다.",45.0%,0.1%
2026-04-15,추가 확인 후 매수,TBH글로벌,084870,"거래가 조용해져 다음 움직임을 준비하는 모습입니다., 거래가 조용해지며 다음 변동성을 준비하는 구간입니다.",47.4%,1.4%
2026-04-15,추가 확인 후 매수,미창석유,003650,최근 급등 뒤 숨고르기 구간에 진입했습니다.,42.9%,1.9%
2026-04-15,추가 확인 후 매수,SNT모티브,064960,거래가 조용해져 다음 움직임을 준비하는 모습입니다.,42.9%,-2.8%
2026-04-15,추가 확인 후 매수,포스코인터내셔널,047050,최근 급등 뒤 숨고르기 구간에 진입했습니다.,44.0%,-0.1%
2026-04-15,추가 확인 후 매수,삼성물산우B,02826K,최근 급등 뒤 숨고르기 구간에 진입했습니다.,40.7%,-1.3%
2026-04-15,추가 확인 후 매수,세방우,004365,거래가 조용해져 다음 움직임을 준비하는 모습입니다.,100.0%,0.9%
2026-04-15,추가 확인 후 매수,농심,004370,거래가 조용해지며 다음 변동성을 준비하는 구간입니다.,100.0%,1.9%
2026-04-15,추가 확인 후 매수,한국토지신탁,034830,거래가 조용해지며 다음 변동성을 준비하는 구간입니다.,44.4%,1.6%
2026-04-15,추가 확인 후 매수,롯데칠성,005300,거래가 조용해지며 다음 변동성을 준비하는 구간입니다.,62.5%,0.5%
2026-04-15,추가 확인 후 매수,진흥기업우B,002785,거래가 조용해져 다음 움직임을 준비하는 모습입니다.,50.0%,-0.8%
2026-04-15,추가 확인 후 매수,SK네트웍스,001740,거래가 조용해지며 다음 변동성을 준비하는 구간입니다.,41.4%,-1.2%
2026-04-15,추가 확인 후 매수,한진칼우,18064K,거래가 조용해져 다음 움직임을 준비하는 모습입니다.,100.0%,6.6%
2026-04-15,추가 확인 후 매수,SGC에너지,005090,거래가 조용해져 다음 움직임을 준비하는 모습입니다.,46.7%,-0.4%
2026-04-15,추가 확인 후 매수,스틱인베스트먼트,026890,"거래가 조용해져 다음 움직임을 준비하는 모습입니다., 최근 급등 뒤 숨고르기 구간에 진입했습니다., 거래가 조용해지며 다음 변동성을 준비하는 구간입니다.",100.0%,2.2%
2026-04-15,추가 확인 후 매수,제일약품,271980,RSI 반전 신호(상승 가능성),58.3%,2.0%
2026-04-15,추가 확인 후 매수,서울가스,017390,거래가 조용해져 다음 움직임을 준비하는 모습입니다.,57.7%,-0.1%
2026-04-15,추가 확인 후 매수,한샘,009240,과매도 반등 신호,75.0%,1.1%
2026-04-15,추가 확인 후 매수,현대차우,005385,"거래가 조용해져 다음 움직임을 준비하는 모습입니다., 거래가 조용해지며 다음 변동성을 준비하는 구간입니다.",40.7%,-0.1%
2026-04-15,추가 확인 후 매수,한신기계,011700,"거래가 조용해져 다음 움직임을 준비하는 모습입니다., 거래가 조용해지며 다음 변동성을 준비하는 구간입니다.",40.0%,0.4%
2026-04-15,추가 확인 후 매수,현대차2우B,005387,"거래가 조용해져 다음 움직임을 준비하는 모습입니다., 거래가 조용해지며 다음 변동성을 준비하는 구간입니다.",43.3%,-0.2%
2026-04-15,추가 확인 후 매수,기아,000270,"거래가 조용해져 다음 움직임을 준비하는 모습입니다., 거래가 조용해지며 다음 변동성을 준비하는 구간입니다., 과매도 반등 신호",47.8%,2.6%
2026-04-15,추가 확인 후 매수,하이브,352820,"거래가 조용해져 다음 움직임을 준비하는 모습입니다., 과매도 반등 신호",43.8%,-2.0%
2026-04-15,지금 매수,DL이앤씨우,37550K,최근 급등 뒤 숨고르기 구간에 진입했습니다.,75.0%,7.8%
2026-04-15,지금 매수,효성중공업,298040,최근 급등 뒤 숨고르기 구간에 진입했습니다.,68.8%,5.3%
2026-04-15,지금 매수,삼성전자,005930,최근 급등 뒤 숨고르기 구간에 진입했습니다.,63.6%,4.2%
2026-04-15,지금 매수,한국자산신탁,123890,거래가 조용해져 다음 움직임을 준비하는 모습입니다.,100.0%,9.8%
2026-04-15,신중히 매수,LF,093050,"거래가 조용해져 다음 움직임을 준비하는 모습입니다., 최근 급등 뒤 숨고르기 구간에 진입했습니다.",57.1%,5.0%
2026-04-15,신중히 매수,대한유화,006650,최근 급등 뒤 숨고르기 구간에 진입했습니다.,50.0%,-0.6%
2026-04-15,신중히 매수,삼성에스디에스,018260,"RSI 반전 신호(상승 가능성), 거래량 급증",50.0%,-0.3%
2026-04-15,신중히 매수,세방,004360,"거래가 조용해져 다음 움직임을 준비하는 모습입니다., 거래가 조용해지며 다음 변동성을 준비하는 구간입니다.",66.7%,1.2%
2026-04-15,신중히 매수,한솔홀딩스,004150,거래가 조용해져 다음 움직임을 준비하는 모습입니다.,75.0%,2.2%
2026-04-15,신중히 매수,롯데렌탈,089860,거래가 조용해지며 다음 변동성을 준비하는 구간입니다.,100.0%,3.0%
2026-04-15,신중히 매수,대한제분,001130,거래가 조용해져 다음 움직임을 준비하는 모습입니다.,50.0%,-0.5%
2026-04-15,신중히 매수,대림바스,005750,거래가 조용해지며 다음 변동성을 준비하는 구간입니다.,57.1%,4.5%
2026-04-15,신중히 매수,신도리코,029530,거래가 조용해져 다음 움직임을 준비하는 모습입니다.,57.1%,7.2%
2026-04-15,신중히 매수,한화시스템,272210,"거래가 조용해져 다음 움직임을 준비하는 모습입니다., 최근 급등 뒤 숨고르기 구간에 진입했습니다., 거래가 조용해지며 다음 변동성을 준비하는 구간입니다.",51.5%,1.6%
2026-04-15,신중히 매수,현대차,005380,"최근 급등 뒤 숨고르기 구간에 진입했습니다., 거래가 조용해지며 다음 변동성을 준비하는 구간입니다.",54.5%,7.0%
2026-04-15,신중히 매수,두산퓨얼셀1우,33626K,거래가 조용해져 다음 움직임을 준비하는 모습입니다.,66.7%,0.9%
2026-04-15,추가 확인 후 매수,동부건설,005960,"거래가 조용해져 다음 움직임을 준비하는 모습입니다., 거래가 조용해지며 다음 변동성을 준비하는 구간입니다.",46.2%,5.4%
2026-04-15,추가 확인 후 매수,가온전선,000500,거래량 급증,44.1%,5.7%
2026-04-15,추가 확인 후 매수,대덕전자,353200,"최근 급등 뒤 숨고르기 구간에 진입했습니다., 거래가 조용해지며 다음 변동성을 준비하는 구간입니다.",45.5%,-0.2%
2026-04-15,추가 확인 후 매수,계룡건설,013580,거래량 급증,40.0%,-0.9%
2026-04-15,추가 확인 후 매수,GS리테일,007070,"거래가 조용해져 다음 움직임을 준비하는 모습입니다., 거래가 조용해지며 다음 변동성을 준비하는 구간입니다.",48.1%,0.8%
2026-04-15,추가 확인 후 매수,진도,088790,"거래가 조용해져 다음 움직임을 준비하는 모습입니다., 최근 급등 뒤 숨고르기 구간에 진입했습니다., 거래가 조용해지며 다음 변동성을 준비하는 구간입니다.",45.0%,0.1%
2026-04-15,추가 확인 후 매수,TBH글로벌,084870,"거래가 조용해져 다음 움직임을 준비하는 모습입니다., 거래가 조용해지며 다음 변동성을 준비하는 구간입니다.",47.4%,1.4%
2026-04-15,추가 확인 후 매수,미창석유,003650,최근 급등 뒤 숨고르기 구간에 진입했습니다.,42.9%,1.9%
2026-04-15,추가 확인 후 매수,SNT모티브,064960,거래가 조용해져 다음 움직임을 준비하는 모습입니다.,42.9%,-2.8%
2026-04-15,추가 확인 후 매수,포스코인터내셔널,047050,최근 급등 뒤 숨고르기 구간에 진입했습니다.,44.0%,-0.1%
2026-04-15,추가 확인 후 매수,삼성물산우B,02826K,최근 급등 뒤 숨고르기 구간에 진입했습니다.,40.7%,-1.3%
2026-04-15,추가 확인 후 매수,세방우,004365,거래가 조용해져 다음 움직임을 준비하는 모습입니다.,100.0%,0.9%
2026-04-15,추가 확인 후 매수,농심,004370,거래가 조용해지며 다음 변동성을 준비하는 구간입니다.,100.0%,1.9%
2026-04-15,추가 확인 후 매수,한국토지신탁,034830,거래가 조용해지며 다음 변동성을 준비하는 구간입니다.,44.4%,1.6%
2026-04-15,추가 확인 후 매수,롯데칠성,005300,거래가 조용해지며 다음 변동성을 준비하는 구간입니다.,62.5%,0.5%
2026-04-15,추가 확인 후 매수,진흥기업우B,002785,거래가 조용해져 다음 움직임을 준비하는 모습입니다.,50.0%,-0.8%
2026-04-15,추가 확인 후 매수,SK네트웍스,001740,거래가 조용해지며 다음 변동성을 준비하는 구간입니다.,41.4%,-1.2%
2026-04-15,추가 확인 후 매수,한진칼우,18064K,거래가 조용해져 다음 움직임을 준비하는 모습입니다.,100.0%,6.6%
2026-04-15,추가 확인 후 매수,SGC에너지,005090,거래가 조용해져 다음 움직임을 준비하는 모습입니다.,46.7%,-0.4%
2026-04-15,추가 확인 후 매수,스틱인베스트먼트,026890,"거래가 조용해져 다음 움직임을 준비하는 모습입니다., 최근 급등 뒤 숨고르기 구간에 진입했습니다., 거래가 조용해지며 다음 변동성을 준비하는 구간입니다.",100.0%,2.2%
2026-04-15,추가 확인 후 매수,제일약품,271980,RSI 반전 신호(상승 가능성),58.3%,2.0%
2026-04-15,추가 확인 후 매수,서울가스,017390,거래가 조용해져 다음 움직임을 준비하는 모습입니다.,57.7%,-0.1%
2026-04-15,추가 확인 후 매수,한샘,009240,과매도 반등 신호,75.0%,1.1%
2026-04-15,추가 확인 후 매수,현대차우,005385,"거래가 조용해져 다음 움직임을 준비하는 모습입니다., 거래가 조용해지며 다음 변동성을 준비하는 구간입니다.",40.7%,-0.1%
2026-04-15,추가 확인 후 매수,한신기계,011700,"거래가 조용해져 다음 움직임을 준비하는 모습입니다., 거래가 조용해지며 다음 변동성을 준비하는 구간입니다.",40.0%,0.4%
2026-04-15,추가 확인 후 매수,현대차2우B,005387,"거래가 조용해져 다음 움직임을 준비하는 모습입니다., 거래가 조용해지며 다음 변동성을 준비하는 구간입니다.",43.3%,-0.2%
2026-04-15,추가 확인 후 매수,기아,000270,"거래가 조용해져 다음 움직임을 준비하는 모습입니다., 거래가 조용해지며 다음 변동성을 준비하는 구간입니다., 과매도 반등 신호",47.8%,2.6%
2026-04-15,추가 확인 후 매수,하이브,352820,"거래가 조용해져 다음 움직임을 준비하는 모습입니다., 과매도 반등 신호",43.8%,-2.0%
2026-04-16,지금 매수,효성중공업,298040,최근 급등 뒤 숨고르기 구간에 진입했습니다.,68.8%,5.3%
2026-04-16,지금 매수,삼성전자,005930,최근 급등 뒤 숨고르기 구간에 진입했습니다.,63.6%,4.2%
2026-04-16,지금 매수,한국자산신탁,123890,거래가 조용해져 다음 움직임을 준비하는 모습입니다.,75.0%,6.6%
2026-04-16,지금 매수,DL이앤씨우,37550K,최근 급등 뒤 숨고르기 구간에 진입했습니다.,60.0%,5.4%
2026-04-16,신중히 매수,삼성에스디에스,018260,"RSI 반전 신호(상승 가능성), 거래량 급증",50.0%,-0.3%
2026-04-16,신중히 매수,한화시스템,272210,"거래가 조용해져 다음 움직임을 준비하는 모습입니다., 최근 급등 뒤 숨고르기 구간에 진입했습니다., 거래가 조용해지며 다음 변동성을 준비하는 구간입니다.",51.5%,1.6%
2026-04-16,신중히 매수,현대차,005380,"최근 급등 뒤 숨고르기 구간에 진입했습니다., 거래가 조용해지며 다음 변동성을 준비하는 구간입니다.",54.5%,7.0%
2026-04-16,신중히 매수,LF,093050,"거래가 조용해져 다음 움직임을 준비하는 모습입니다., 거래가 조용해지며 다음 변동성을 준비하는 구간입니다.",53.3%,4.4%
2026-04-16,신중히 매수,세방,004360,"거래가 조용해져 다음 움직임을 준비하는 모습입니다., 거래가 조용해지며 다음 변동성을 준비하는 구간입니다.",100.0%,3.5%
2026-04-16,신중히 매수,현대약품,004310,거래가 조용해져 다음 움직임을 준비하는 모습입니다.,61.5%,0.8%
2026-04-16,신중히 매수,대한제분,001130,거래가 조용해져 다음 움직임을 준비하는 모습입니다.,50.0%,-0.5%
2026-04-16,신중히 매수,금호건설,002990,최근 급등 뒤 숨고르기 구간에 진입했습니다.,57.1%,3.7%
2026-04-16,신중히 매수,삼양통상,002170,"거래가 조용해져 다음 움직임을 준비하는 모습입니다., 거래가 조용해지며 다음 변동성을 준비하는 구간입니다.",56.2%,1.2%
2026-04-16,신중히 매수,유수홀딩스,000700,거래가 조용해져 다음 움직임을 준비하는 모습입니다.,85.7%,3.6%
2026-04-16,신중히 매수,한솔홀딩스,004150,거래가 조용해져 다음 움직임을 준비하는 모습입니다.,75.0%,2.2%
2026-04-16,신중히 매수,두산퓨얼셀1우,33626K,"거래가 조용해져 다음 움직임을 준비하는 모습입니다., 거래가 조용해지며 다음 변동성을 준비하는 구간입니다.",70.6%,1.3%
2026-04-16,신중히 매수,대림바스,005750,"거래가 조용해져 다음 움직임을 준비하는 모습입니다., 거래가 조용해지며 다음 변동성을 준비하는 구간입니다.",53.6%,3.5%
2026-04-16,추가 확인 후 매수,가온전선,000500,거래량 급증,44.1%,5.7%
2026-04-16,추가 확인 후 매수,대덕전자,353200,"최근 급등 뒤 숨고르기 구간에 진입했습니다., 거래가 조용해지며 다음 변동성을 준비하는 구간입니다.",45.5%,-0.2%
2026-04-16,추가 확인 후 매수,GS리테일,007070,"거래가 조용해져 다음 움직임을 준비하는 모습입니다., 거래가 조용해지며 다음 변동성을 준비하는 구간입니다.",48.1%,0.8%
2026-04-16,추가 확인 후 매수,포스코인터내셔널,047050,최근 급등 뒤 숨고르기 구간에 진입했습니다.,44.0%,-0.1%
2026-04-16,추가 확인 후 매수,농심,004370,거래가 조용해지며 다음 변동성을 준비하는 구간입니다.,100.0%,1.9%
2026-04-16,추가 확인 후 매수,현대차우,005385,"거래가 조용해져 다음 움직임을 준비하는 모습입니다., 거래가 조용해지며 다음 변동성을 준비하는 구간입니다.",40.7%,-0.1%
2026-04-16,추가 확인 후 매수,현대차2우B,005387,"거래가 조용해져 다음 움직임을 준비하는 모습입니다., 거래가 조용해지며 다음 변동성을 준비하는 구간입니다.",43.3%,-0.2%
2026-04-16,추가 확인 후 매수,기아,000270,"거래가 조용해져 다음 움직임을 준비하는 모습입니다., 거래가 조용해지며 다음 변동성을 준비하는 구간입니다., 과매도 반등 신호",47.8%,2.6%
2026-04-16,추가 확인 후 매수,하이브,352820,"거래가 조용해져 다음 움직임을 준비하는 모습입니다., 과매도 반등 신호",43.8%,-2.0%
2026-04-16,추가 확인 후 매수,SK네트웍스,001740,"거래가 조용해져 다음 움직임을 준비하는 모습입니다., 거래가 조용해지며 다음 변동성을 준비하는 구간입니다.",40.0%,-1.3%
2026-04-16,추가 확인 후 매수,롯데칠성,005300,거래가 조용해지며 다음 변동성을 준비하는 구간입니다.,57.1%,-0.2%
2026-04-16,추가 확인 후 매수,한샘,009240,거래가 조용해져 다음 움직임을 준비하는 모습입니다.,75.0%,1.1%
2026-04-16,추가 확인 후 매수,SNT모티브,064960,거래가 조용해져 다음 움직임을 준비하는 모습입니다.,42.9%,-2.8%
2026-04-16,추가 확인 후 매수,SGC에너지,005090,거래가 조용해져 다음 움직임을 준비하는 모습입니다.,43.8%,-0.6%
2026-04-16,추가 확인 후 매수,신도리코,029530,거래가 조용해져 다음 움직임을 준비하는 모습입니다.,42.9%,3.3%
2026-04-16,추가 확인 후 매수,스틱인베스트먼트,026890,"거래가 조용해져 다음 움직임을 준비하는 모습입니다., 거래가 조용해지며 다음 변동성을 준비하는 구간입니다.",100.0%,2.2%
2026-04-16,추가 확인 후 매수,한국토지신탁,034830,"거래가 조용해져 다음 움직임을 준비하는 모습입니다., 거래가 조용해지며 다음 변동성을 준비하는 구간입니다.",42.1%,1.4%
2026-04-16,추가 확인 후 매수,서울가스,017390,거래가 조용해져 다음 움직임을 준비하는 모습입니다.,57.7%,-0.1%
2026-04-16,추가 확인 후 매수,동부건설,005960,"거래가 조용해져 다음 움직임을 준비하는 모습입니다., 거래가 조용해지며 다음 변동성을 준비하는 구간입니다.",44.4%,5.1%
2026-04-16,추가 확인 후 매수,다스코,058730,"최근 급등 뒤 숨고르기 구간에 진입했습니다., 거래가 조용해지며 다음 변동성을 준비하는 구간입니다.",42.9%,-0.5%
2026-04-16,추가 확인 후 매수,아모레퍼시픽홀딩스우,002795,거래가 조용해져 다음 움직임을 준비하는 모습입니다.,66.7%,0.5%
2026-04-16,추가 확인 후 매수,TBH글로벌,084870,"거래가 조용해져 다음 움직임을 준비하는 모습입니다., 거래가 조용해지며 다음 변동성을 준비하는 구간입니다.",45.0%,1.2%
2026-04-16,추가 확인 후 매수,세방우,004365,"거래가 조용해져 다음 움직임을 준비하는 모습입니다., 거래가 조용해지며 다음 변동성을 준비하는 구간입니다.",100.0%,0.9%
2026-04-16,추가 확인 후 매수,진도,088790,"거래가 조용해져 다음 움직임을 준비하는 모습입니다., 거래가 조용해지며 다음 변동성을 준비하는 구간입니다.",42.9%,-0.1%
2026-04-16,추가 확인 후 매수,한진칼우,18064K,거래가 조용해져 다음 움직임을 준비하는 모습입니다.,100.0%,6.6%
2026-04-16,추가 확인 후 매수,진흥기업우B,002785,"거래가 조용해져 다음 움직임을 준비하는 모습입니다., 거래가 조용해지며 다음 변동성을 준비하는 구간입니다.",50.0%,-0.8%
2026-04-16,지금 매수,DL이앤씨우,37550K,최근 급등 뒤 숨고르기 구간에 진입했습니다.,60.0%,5.1%
2026-04-16,지금 매수,케이비아이동국실업,001620,거래량 급증,66.7%,3.5%
2026-04-16,지금 매수,CVX,CVX,바닥권 반등 신호(BB 하단),88.9%,7.1%
2026-04-16,지금 매수,한국자산신탁,123890,거래가 조용해져 다음 움직임을 준비하는 모습입니다.,75.0%,6.6%
2026-04-16,신중히 매수,광전자,017900,거래량 급증,100.0%,98.5%
2026-04-16,신중히 매수,삼성E&amp;A,028050,최근 급등 뒤 숨고르기 구간에 진입했습니다.,57.9%,2.0%
2026-04-16,신중히 매수,HD현대에너지솔루션,322000,최근 급등 뒤 숨고르기 구간에 진입했습니다.,55.0%,10.3%
2026-04-16,신중히 매수,삼성에스디에스,018260,거래량 급증,50.0%,-0.3%
2026-04-16,신중히 매수,LF,093050,"거래가 조용해져 다음 움직임을 준비하는 모습입니다., 과매도 반등 신호",53.3%,4.4%
2026-04-16,신중히 매수,LG화학,051910,최근 급등 뒤 숨고르기 구간에 진입했습니다.,60.0%,0.6%
2026-04-16,신중히 매수,코스모신소재,005070,"거래가 조용해져 다음 움직임을 준비하는 모습입니다., 최근 급등 뒤 숨고르기 구간에 진입했습니다.",50.0%,1.3%
2026-04-16,신중히 매수,JPM,JPM,최근 급등 뒤 숨고르기 구간에 진입했습니다.,60.0%,-0.1%
2026-04-16,신중히 매수,금호건설,002990,최근 급등 뒤 숨고르기 구간에 진입했습니다.,57.1%,3.7%
2026-04-16,신중히 매수,세방,004360,"거래가 조용해져 다음 움직임을 준비하는 모습입니다., 거래가 조용해지며 다음 변동성을 준비하는 구간입니다.",100.0%,3.5%
2026-04-16,신중히 매수,에스원,012750,최근 급등 뒤 숨고르기 구간에 진입했습니다.,56.5%,0.4%
2026-04-16,신중히 매수,한솔홀딩스,004150,거래가 조용해져 다음 움직임을 준비하는 모습입니다.,75.0%,2.2%
2026-04-16,신중히 매수,현대차,005380,거래가 조용해지며 다음 변동성을 준비하는 구간입니다.,54.5%,7.1%
2026-04-16,신중히 매수,세방우,004365,"거래가 조용해져 다음 움직임을 준비하는 모습입니다., 거래가 조용해지며 다음 변동성을 준비하는 구간입니다.",100.0%,0.9%
2026-04-16,신중히 매수,대한제분,001130,거래량 급증,50.0%,-0.5%
2026-04-16,신중히 매수,삼양통상,002170,거래가 조용해져 다음 움직임을 준비하는 모습입니다.,56.2%,1.2%
2026-04-16,신중히 매수,대림바스,005750,"거래가 조용해져 다음 움직임을 준비하는 모습입니다., 거래가 조용해지며 다음 변동성을 준비하는 구간입니다.",53.6%,3.5%
2026-04-16,신중히 매수,두산퓨얼셀1우,33626K,"거래가 조용해져 다음 움직임을 준비하는 모습입니다., 거래가 조용해지며 다음 변동성을 준비하는 구간입니다.",70.6%,1.3%
2026-04-16,신중히 매수,유수홀딩스,000700,거래가 조용해져 다음 움직임을 준비하는 모습입니다.,85.7%,3.6%
2026-04-16,신중히 매수,현대약품,004310,거래가 조용해져 다음 움직임을 준비하는 모습입니다.,61.5%,0.8%
2026-04-16,추가 확인 후 매수,대한해운,005880,거래량 급증,42.9%,1.4%
2026-04-16,추가 확인 후 매수,가온전선,000500,거래량 급증,44.1%,5.9%
2026-04-16,추가 확인 후 매수,대덕전자,353200,거래가 조용해지며 다음 변동성을 준비하는 구간입니다.,43.5%,-0.3%
2026-04-16,추가 확인 후 매수,GS리테일,007070,거래가 조용해지며 다음 변동성을 준비하는 구간입니다.,48.1%,0.7%
2026-04-16,추가 확인 후 매수,BYC우,001465,거래량 급증,40.7%,-0.6%
2026-04-16,추가 확인 후 매수,한전기술,052690,거래량 급증,48.3%,0.4%
2026-04-16,추가 확인 후 매수,다스코,058730,"최근 급등 뒤 숨고르기 구간에 진입했습니다., 거래가 조용해지며 다음 변동성을 준비하는 구간입니다.",42.9%,-0.5%
2026-04-16,추가 확인 후 매수,S-Oil,010950,최근 급등 뒤 숨고르기 구간에 진입했습니다.,47.8%,0.9%
2026-04-16,추가 확인 후 매수,TBH글로벌,084870,"거래가 조용해져 다음 움직임을 준비하는 모습입니다., 거래가 조용해지며 다음 변동성을 준비하는 구간입니다., 과매도 반등 신호",45.0%,1.2%
2026-04-16,추가 확인 후 매수,SNT모티브,064960,거래가 조용해져 다음 움직임을 준비하는 모습입니다.,42.9%,-2.8%
2026-04-16,추가 확인 후 매수,신세계푸드,031440,거래량 급증,40.7%,0.3%
2026-04-16,추가 확인 후 매수,진도,088790,"거래가 조용해져 다음 움직임을 준비하는 모습입니다., 거래가 조용해지며 다음 변동성을 준비하는 구간입니다.",42.9%,-0.1%
2026-04-16,추가 확인 후 매수,롯데칠성,005300,거래가 조용해지며 다음 변동성을 준비하는 구간입니다.,57.1%,-0.2%
2026-04-16,추가 확인 후 매수,동부건설,005960,"거래가 조용해져 다음 움직임을 준비하는 모습입니다., 최근 급등 뒤 숨고르기 구간에 진입했습니다., 거래가 조용해지며 다음 변동성을 준비하는 구간입니다.",44.4%,5.1%
2026-04-16,추가 확인 후 매수,포스코인터내셔널,047050,"최근 급등 뒤 숨고르기 구간에 진입했습니다., 거래가 조용해지며 다음 변동성을 준비하는 구간입니다.",40.0%,-0.3%
2026-04-16,추가 확인 후 매수,SK네트웍스,001740,거래가 조용해져 다음 움직임을 준비하는 모습입니다.,40.0%,-1.3%
2026-04-16,추가 확인 후 매수,SGC에너지,005090,거래가 조용해져 다음 움직임을 준비하는 모습입니다.,43.8%,-0.6%
2026-04-16,추가 확인 후 매수,스틱인베스트먼트,026890,"거래가 조용해져 다음 움직임을 준비하는 모습입니다., 거래가 조용해지며 다음 변동성을 준비하는 구간입니다.",100.0%,2.2%
2026-04-16,추가 확인 후 매수,신도리코,029530,거래가 조용해져 다음 움직임을 준비하는 모습입니다.,42.9%,3.3%
2026-04-16,추가 확인 후 매수,아모레퍼시픽홀딩스우,002795,거래가 조용해져 다음 움직임을 준비하는 모습입니다.,66.7%,0.5%
2026-04-16,추가 확인 후 매수,현대차우,005385,"거래가 조용해져 다음 움직임을 준비하는 모습입니다., 거래가 조용해지며 다음 변동성을 준비하는 구간입니다.",40.7%,0.0%
2026-04-16,추가 확인 후 매수,진흥기업우B,002785,"거래가 조용해져 다음 움직임을 준비하는 모습입니다., 거래가 조용해지며 다음 변동성을 준비하는 구간입니다.",50.0%,-0.8%
2026-04-16,추가 확인 후 매수,한샘,009240,거래가 조용해져 다음 움직임을 준비하는 모습입니다.,75.0%,1.1%
2026-04-16,추가 확인 후 매수,한화시스템,272210,"거래가 조용해져 다음 움직임을 준비하는 모습입니다., 거래가 조용해지며 다음 변동성을 준비하는 구간입니다.",48.5%,1.0%
2026-04-16,추가 확인 후 매수,기아,000270,"거래가 조용해져 다음 움직임을 준비하는 모습입니다., 거래가 조용해지며 다음 변동성을 준비하는 구간입니다.",47.8%,2.6%
2026-04-16,추가 확인 후 매수,현대차2우B,005387,"거래가 조용해져 다음 움직임을 준비하는 모습입니다., 거래가 조용해지며 다음 변동성을 준비하는 구간입니다.",44.8%,-0.0%
2026-04-16,추가 확인 후 매수,서울가스,017390,거래가 조용해져 다음 움직임을 준비하는 모습입니다.,57.7%,-0.1%
2026-04-16,추가 확인 후 매수,한국토지신탁,034830,"거래가 조용해져 다음 움직임을 준비하는 모습입니다., 거래가 조용해지며 다음 변동성을 준비하는 구간입니다.",42.1%,1.4%
2026-04-16,추가 확인 후 매수,한올바이오파마,009420,거래가 조용해져 다음 움직임을 준비하는 모습입니다.,41.2%,0.4%
2026-04-16,추가 확인 후 매수,하이브,352820,거래가 조용해져 다음 움직임을 준비하는 모습입니다.,43.8%,-2.0%
2026-04-17,지금 매수,광전자,017900,거래량 급증,100.0%,98.5%
2026-04-17,지금 매수,DL이앤씨2우(전환),37550L,최근 급등 뒤 숨고르기 구간에 진입했습니다.,100.0%,5.7%
2026-04-17,지금 매수,효성중공업,298040,최근 급등 뒤 숨고르기 구간에 진입했습니다.,68.8%,5.8%
2026-04-17,지금 매수,두산퓨얼셀1우,33626K,거래가 조용해지며 다음 변동성을 준비하는 구간입니다.,70.6%,1.3%
2026-04-17,지금 매수,CVX,CVX,바닥권 반등 신호(BB 하단),88.9%,7.1%
2026-04-17,신중히 매수,HD현대에너지솔루션,322000,거래가 조용해져 다음 움직임을 준비하는 모습입니다.,52.4%,9.7%
2026-04-17,신중히 매수,LG화학,051910,최근 급등 뒤 숨고르기 구간에 진입했습니다.,60.0%,0.6%
2026-04-17,신중히 매수,LF,093050,"거래가 조용해져 다음 움직임을 준비하는 모습입니다., 거래가 조용해지며 다음 변동성을 준비하는 구간입니다.",50.0%,4.0%
2026-04-17,신중히 매수,대한유화,006650,최근 급등 뒤 숨고르기 구간에 진입했습니다.,55.6%,0.4%
2026-04-17,신중히 매수,JPM,JPM,최근 급등 뒤 숨고르기 구간에 진입했습니다.,60.0%,-0.1%
2026-04-17,신중히 매수,현대건설,000720,최근 급등 뒤 숨고르기 구간에 진입했습니다.,51.9%,7.0%
2026-04-17,신중히 매수,삼양통상,002170,거래가 조용해져 다음 움직임을 준비하는 모습입니다.,52.9%,0.9%
2026-04-17,신중히 매수,현대차,005380,거래가 조용해지며 다음 변동성을 준비하는 구간입니다.,54.5%,7.2%
2026-04-17,신중히 매수,세방우,004365,"거래가 조용해져 다음 움직임을 준비하는 모습입니다., 거래가 조용해지며 다음 변동성을 준비하는 구간입니다., 거래량 급증",100.0%,0.9%
2026-04-17,신중히 매수,대림바스,005750,"거래가 조용해져 다음 움직임을 준비하는 모습입니다., 거래가 조용해지며 다음 변동성을 준비하는 구간입니다.",50.0%,2.5%
2026-04-17,신중히 매수,세방,004360,"거래가 조용해져 다음 움직임을 준비하는 모습입니다., 거래가 조용해지며 다음 변동성을 준비하는 구간입니다.",100.0%,3.5%
2026-04-17,신중히 매수,한솔홀딩스,004150,"거래가 조용해져 다음 움직임을 준비하는 모습입니다., 거래가 조용해지며 다음 변동성을 준비하는 구간입니다.",75.0%,2.2%
2026-04-17,신중히 매수,금호건설,002990,최근 급등 뒤 숨고르기 구간에 진입했습니다.,52.4%,2.4%
2026-04-17,신중히 매수,현대약품,004310,"거래가 조용해져 다음 움직임을 준비하는 모습입니다., 거래가 조용해지며 다음 변동성을 준비하는 구간입니다.",66.7%,1.6%
2026-04-17,신중히 매수,유수홀딩스,000700,거래가 조용해져 다음 움직임을 준비하는 모습입니다.,85.7%,3.6%
2026-04-17,추가 확인 후 매수,퍼스텍,010820,거래량 급증,41.7%,4.6%
2026-04-17,추가 확인 후 매수,삼성전기우,009155,거래량 급증,40.0%,4.6%
2026-04-17,추가 확인 후 매수,진도,088790,거래가 조용해져 다음 움직임을 준비하는 모습입니다.,40.9%,-0.2%
2026-04-17,추가 확인 후 매수,SNT모티브,064960,거래가 조용해져 다음 움직임을 준비하는 모습입니다.,42.9%,-2.8%
2026-04-17,추가 확인 후 매수,TBH글로벌,084870,"거래가 조용해져 다음 움직임을 준비하는 모습입니다., 거래가 조용해지며 다음 변동성을 준비하는 구간입니다.",42.9%,1.0%
2026-04-17,추가 확인 후 매수,다스코,058730,최근 급등 뒤 숨고르기 구간에 진입했습니다.,40.0%,-0.7%
2026-04-17,추가 확인 후 매수,SK네트웍스,001740,거래가 조용해져 다음 움직임을 준비하는 모습입니다.,40.0%,-1.0%
2026-04-17,추가 확인 후 매수,더존비즈온,012510,"거래가 조용해져 다음 움직임을 준비하는 모습입니다., 바닥권 반등 신호(BB 하단), 과매도 반등 신호",41.2%,-1.5%
2026-04-17,추가 확인 후 매수,롯데칠성,005300,거래가 조용해지며 다음 변동성을 준비하는 구간입니다.,50.0%,-0.9%
2026-04-17,추가 확인 후 매수,제일약품,271980,거래량 급증,58.3%,2.0%
2026-04-17,추가 확인 후 매수,스틱인베스트먼트,026890,거래가 조용해지며 다음 변동성을 준비하는 구간입니다.,100.0%,2.2%
2026-04-17,추가 확인 후 매수,진흥기업우B,002785,"바닥권 반등 신호(BB 하단), 거래가 조용해지며 다음 변동성을 준비하는 구간입니다.",50.0%,-0.8%
2026-04-17,추가 확인 후 매수,한화시스템,272210,"거래가 조용해져 다음 움직임을 준비하는 모습입니다., 거래가 조용해지며 다음 변동성을 준비하는 구간입니다.",45.5%,0.3%
2026-04-17,추가 확인 후 매수,아모레퍼시픽홀딩스우,002795,거래가 조용해져 다음 움직임을 준비하는 모습입니다.,66.7%,0.5%
2026-04-17,추가 확인 후 매수,현대차2우B,005387,거래가 조용해지며 다음 변동성을 준비하는 구간입니다.,43.3%,-0.1%
2026-04-17,추가 확인 후 매수,한진칼우,18064K,"최근 급등 뒤 숨고르기 구간에 진입했습니다., 거래가 조용해지며 다음 변동성을 준비하는 구간입니다.",100.0%,6.2%
2026-04-17,추가 확인 후 매수,기아,000270,거래가 조용해지며 다음 변동성을 준비하는 구간입니다.,45.8%,2.3%
2026-04-17,추가 확인 후 매수,일동제약,249420,거래가 조용해지며 다음 변동성을 준비하는 구간입니다.,41.7%,-2.1%
2026-04-17,추가 확인 후 매수,서울가스,017390,거래가 조용해져 다음 움직임을 준비하는 모습입니다.,56.0%,-0.2%
2026-04-17,추가 확인 후 매수,한샘,009240,거래가 조용해져 다음 움직임을 준비하는 모습입니다.,75.0%,1.1%
2026-04-17,추가 확인 후 매수,동부건설,005960,"최근 급등 뒤 숨고르기 구간에 진입했습니다., 거래가 조용해지며 다음 변동성을 준비하는 구간입니다.",42.9%,4.8%
2026-04-17,추가 확인 후 매수,한국토지신탁,034830,"거래가 조용해져 다음 움직임을 준비하는 모습입니다., 거래가 조용해지며 다음 변동성을 준비하는 구간입니다.",40.0%,1.1%
2026-04-17,추가 확인 후 매수,한올바이오파마,009420,거래가 조용해져 다음 움직임을 준비하는 모습입니다.,41.2%,0.4%
2026-04-17,추가 확인 후 매수,SGC에너지,005090,"거래가 조용해져 다음 움직임을 준비하는 모습입니다., 과매도 반등 신호",41.2%,-0.7%
2026-04-17,추가 확인 후 매수,하이브,352820,거래가 조용해져 다음 움직임을 준비하는 모습입니다.,46.7%,-1.9%
2026-04-17,지금 매수,광전자,017900,거래량 급증,100.0%,98.5%
2026-04-17,지금 매수,DL이앤씨2우(전환),37550L,최근 급등 뒤 숨고르기 구간에 진입했습니다.,100.0%,5.7%
2026-04-17,지금 매수,효성중공업,298040,최근 급등 뒤 숨고르기 구간에 진입했습니다.,68.8%,5.8%
2026-04-17,지금 매수,두산퓨얼셀1우,33626K,거래가 조용해지며 다음 변동성을 준비하는 구간입니다.,70.6%,1.3%
2026-04-17,지금 매수,CVX,CVX,과매도 반등 신호,85.7%,6.7%
2026-04-17,신중히 매수,HD현대에너지솔루션,322000,거래가 조용해져 다음 움직임을 준비하는 모습입니다.,52.4%,9.7%
2026-04-17,신중히 매수,LG화학,051910,최근 급등 뒤 숨고르기 구간에 진입했습니다.,60.0%,0.6%
2026-04-17,신중히 매수,LF,093050,"거래가 조용해져 다음 움직임을 준비하는 모습입니다., 거래가 조용해지며 다음 변동성을 준비하는 구간입니다.",50.0%,4.0%
2026-04-17,신중히 매수,대한유화,006650,최근 급등 뒤 숨고르기 구간에 진입했습니다.,55.6%,0.4%
2026-04-17,신중히 매수,현대건설,000720,최근 급등 뒤 숨고르기 구간에 진입했습니다.,51.9%,7.0%
2026-04-17,신중히 매수,JPM,JPM,최근 급등 뒤 숨고르기 구간에 진입했습니다.,60.0%,-0.1%
2026-04-17,신중히 매수,삼양통상,002170,거래가 조용해져 다음 움직임을 준비하는 모습입니다.,52.9%,0.9%
2026-04-17,신중히 매수,현대차,005380,거래가 조용해지며 다음 변동성을 준비하는 구간입니다.,54.5%,7.2%
2026-04-17,신중히 매수,MRK,MRK,과매도 반등 신호,51.7%,1.1%
2026-04-17,신중히 매수,세방우,004365,"거래가 조용해져 다음 움직임을 준비하는 모습입니다., 거래가 조용해지며 다음 변동성을 준비하는 구간입니다., 거래량 급증",100.0%,0.9%
2026-04-17,신중히 매수,대림바스,005750,"거래가 조용해져 다음 움직임을 준비하는 모습입니다., 거래가 조용해지며 다음 변동성을 준비하는 구간입니다.",50.0%,2.5%
2026-04-17,신중히 매수,세방,004360,"거래가 조용해져 다음 움직임을 준비하는 모습입니다., 거래가 조용해지며 다음 변동성을 준비하는 구간입니다.",100.0%,3.5%
2026-04-17,신중히 매수,한솔홀딩스,004150,"거래가 조용해져 다음 움직임을 준비하는 모습입니다., 거래가 조용해지며 다음 변동성을 준비하는 구간입니다.",75.0%,2.2%
2026-04-17,신중히 매수,금호건설,002990,최근 급등 뒤 숨고르기 구간에 진입했습니다.,52.4%,2.4%
2026-04-17,신중히 매수,현대약품,004310,"거래가 조용해져 다음 움직임을 준비하는 모습입니다., 거래가 조용해지며 다음 변동성을 준비하는 구간입니다.",66.7%,1.6%
2026-04-17,신중히 매수,유수홀딩스,000700,거래가 조용해져 다음 움직임을 준비하는 모습입니다.,85.7%,3.6%
2026-04-17,추가 확인 후 매수,퍼스텍,010820,거래량 급증,41.7%,4.6%
2026-04-17,추가 확인 후 매수,삼성전기우,009155,거래량 급증,40.0%,4.6%
2026-04-17,추가 확인 후 매수,진도,088790,거래가 조용해져 다음 움직임을 준비하는 모습입니다.,40.9%,-0.2%
2026-04-17,추가 확인 후 매수,SNT모티브,064960,거래가 조용해져 다음 움직임을 준비하는 모습입니다.,42.9%,-2.8%
2026-04-17,추가 확인 후 매수,TBH글로벌,084870,"거래가 조용해져 다음 움직임을 준비하는 모습입니다., 거래가 조용해지며 다음 변동성을 준비하는 구간입니다.",42.9%,1.0%
2026-04-17,추가 확인 후 매수,다스코,058730,최근 급등 뒤 숨고르기 구간에 진입했습니다.,40.0%,-0.7%
2026-04-17,추가 확인 후 매수,SK네트웍스,001740,거래가 조용해져 다음 움직임을 준비하는 모습입니다.,40.0%,-1.0%
2026-04-17,추가 확인 후 매수,더존비즈온,012510,"거래가 조용해져 다음 움직임을 준비하는 모습입니다., 바닥권 반등 신호(BB 하단), 과매도 반등 신호",41.2%,-1.5%
2026-04-17,추가 확인 후 매수,롯데칠성,005300,거래가 조용해지며 다음 변동성을 준비하는 구간입니다.,50.0%,-0.9%
2026-04-17,추가 확인 후 매수,제일약품,271980,거래량 급증,58.3%,2.0%
2026-04-17,추가 확인 후 매수,스틱인베스트먼트,026890,거래가 조용해지며 다음 변동성을 준비하는 구간입니다.,100.0%,2.2%
2026-04-17,추가 확인 후 매수,진흥기업우B,002785,"바닥권 반등 신호(BB 하단), 거래가 조용해지며 다음 변동성을 준비하는 구간입니다.",50.0%,-0.8%
2026-04-17,추가 확인 후 매수,한화시스템,272210,"거래가 조용해져 다음 움직임을 준비하는 모습입니다., 거래가 조용해지며 다음 변동성을 준비하는 구간입니다.",45.5%,0.3%
2026-04-17,추가 확인 후 매수,아모레퍼시픽홀딩스우,002795,거래가 조용해져 다음 움직임을 준비하는 모습입니다.,66.7%,0.5%
2026-04-17,추가 확인 후 매수,현대차2우B,005387,거래가 조용해지며 다음 변동성을 준비하는 구간입니다.,43.3%,-0.1%
2026-04-17,추가 확인 후 매수,한진칼우,18064K,"최근 급등 뒤 숨고르기 구간에 진입했습니다., 거래가 조용해지며 다음 변동성을 준비하는 구간입니다.",100.0%,6.2%
2026-04-17,추가 확인 후 매수,기아,000270,거래가 조용해지며 다음 변동성을 준비하는 구간입니다.,45.8%,2.3%
2026-04-17,추가 확인 후 매수,일동제약,249420,거래가 조용해지며 다음 변동성을 준비하는 구간입니다.,41.7%,-2.1%
2026-04-17,추가 확인 후 매수,서울가스,017390,거래가 조용해져 다음 움직임을 준비하는 모습입니다.,56.0%,-0.2%
2026-04-17,추가 확인 후 매수,한샘,009240,거래가 조용해져 다음 움직임을 준비하는 모습입니다.,75.0%,1.1%
2026-04-17,추가 확인 후 매수,동부건설,005960,"최근 급등 뒤 숨고르기 구간에 진입했습니다., 거래가 조용해지며 다음 변동성을 준비하는 구간입니다.",42.9%,4.8%
2026-04-17,추가 확인 후 매수,한국토지신탁,034830,"거래가 조용해져 다음 움직임을 준비하는 모습입니다., 거래가 조용해지며 다음 변동성을 준비하는 구간입니다.",40.0%,1.1%
2026-04-17,추가 확인 후 매수,한올바이오파마,009420,거래가 조용해져 다음 움직임을 준비하는 모습입니다.,41.2%,0.4%
2026-04-17,추가 확인 후 매수,SGC에너지,005090,"거래가 조용해져 다음 움직임을 준비하는 모습입니다., 과매도 반등 신호",41.2%,-0.7%
2026-04-17,추가 확인 후 매수,하이브,352820,거래가 조용해져 다음 움직임을 준비하는 모습입니다.,46.7%,-1.9%
2026-04-18,지금 매수,광전자,017900,거래량 급증,100.0%,98.5%
2026-04-18,지금 매수,DL이앤씨2우(전환),37550L,최근 급등 뒤 숨고르기 구간에 진입했습니다.,100.0%,5.7%
2026-04-18,지금 매수,효성중공업,298040,최근 급등 뒤 숨고르기 구간에 진입했습니다.,73.3%,6.4%
2026-04-18,지금 매수,두산퓨얼셀1우,33626K,거래가 조용해지며 다음 변동성을 준비하는 구간입니다.,70.6%,1.3%
2026-04-18,지금 매수,CVX,CVX,과매도 반등 신호,85.2%,6.6%
2026-04-18,신중히 매수,HD현대에너지솔루션,322000,거래가 조용해져 다음 움직임을 준비하는 모습입니다.,52.4%,9.7%
2026-04-18,신중히 매수,LG화학,051910,최근 급등 뒤 숨고르기 구간에 진입했습니다.,60.0%,0.6%
2026-04-18,신중히 매수,LF,093050,"거래가 조용해져 다음 움직임을 준비하는 모습입니다., 거래가 조용해지며 다음 변동성을 준비하는 구간입니다.",50.0%,4.0%
2026-04-18,신중히 매수,대한유화,006650,최근 급등 뒤 숨고르기 구간에 진입했습니다.,50.0%,-0.9%
2026-04-18,신중히 매수,현대건설,000720,최근 급등 뒤 숨고르기 구간에 진입했습니다.,50.0%,6.9%
2026-04-18,신중히 매수,JPM,JPM,최근 급등 뒤 숨고르기 구간에 진입했습니다.,60.0%,-0.1%
2026-04-18,신중히 매수,삼양통상,002170,거래가 조용해져 다음 움직임을 준비하는 모습입니다.,52.9%,0.9%
2026-04-18,신중히 매수,현대차,005380,거래가 조용해지며 다음 변동성을 준비하는 구간입니다.,54.5%,7.2%
2026-04-18,신중히 매수,MRK,MRK,과매도 반등 신호,50.0%,0.8%
2026-04-18,신중히 매수,세방우,004365,"거래가 조용해져 다음 움직임을 준비하는 모습입니다., 거래가 조용해지며 다음 변동성을 준비하는 구간입니다., 거래량 급증",100.0%,0.9%
2026-04-18,신중히 매수,세방,004360,"거래가 조용해져 다음 움직임을 준비하는 모습입니다., 거래가 조용해지며 다음 변동성을 준비하는 구간입니다.",100.0%,3.5%
2026-04-18,신중히 매수,한솔홀딩스,004150,"거래가 조용해져 다음 움직임을 준비하는 모습입니다., 거래가 조용해지며 다음 변동성을 준비하는 구간입니다.",75.0%,2.2%
2026-04-18,신중히 매수,금호건설,002990,최근 급등 뒤 숨고르기 구간에 진입했습니다.,50.0%,1.1%
2026-04-18,신중히 매수,현대약품,004310,"거래가 조용해져 다음 움직임을 준비하는 모습입니다., 거래가 조용해지며 다음 변동성을 준비하는 구간입니다.",63.6%,1.0%
2026-04-18,신중히 매수,유수홀딩스,000700,거래가 조용해져 다음 움직임을 준비하는 모습입니다.,85.7%,3.6%
2026-04-18,추가 확인 후 매수,퍼스텍,010820,거래량 급증,41.7%,4.6%
2026-04-18,추가 확인 후 매수,삼성전기우,009155,거래량 급증,42.1%,4.9%
2026-04-18,추가 확인 후 매수,진도,088790,거래가 조용해져 다음 움직임을 준비하는 모습입니다.,40.9%,-0.2%
2026-04-18,추가 확인 후 매수,SNT모티브,064960,거래가 조용해져 다음 움직임을 준비하는 모습입니다.,42.9%,-2.8%
2026-04-18,추가 확인 후 매수,TBH글로벌,084870,"거래가 조용해져 다음 움직임을 준비하는 모습입니다., 거래가 조용해지며 다음 변동성을 준비하는 구간입니다.",42.9%,1.0%
2026-04-18,추가 확인 후 매수,다스코,058730,최근 급등 뒤 숨고르기 구간에 진입했습니다.,40.0%,-0.7%
2026-04-18,추가 확인 후 매수,더존비즈온,012510,"거래가 조용해져 다음 움직임을 준비하는 모습입니다., 바닥권 반등 신호(BB 하단), 과매도 반등 신호",42.4%,-1.5%
2026-04-18,추가 확인 후 매수,롯데칠성,005300,거래가 조용해지며 다음 변동성을 준비하는 구간입니다.,40.0%,-1.6%
2026-04-18,추가 확인 후 매수,제일약품,271980,거래량 급증,58.3%,2.0%
2026-04-18,추가 확인 후 매수,스틱인베스트먼트,026890,거래가 조용해지며 다음 변동성을 준비하는 구간입니다.,100.0%,2.2%
2026-04-18,추가 확인 후 매수,대림바스,005750,"거래가 조용해져 다음 움직임을 준비하는 모습입니다., 거래가 조용해지며 다음 변동성을 준비하는 구간입니다.",48.1%,1.7%
2026-04-18,추가 확인 후 매수,진흥기업우B,002785,"바닥권 반등 신호(BB 하단), 거래가 조용해지며 다음 변동성을 준비하는 구간입니다.",50.0%,-0.8%
2026-04-18,추가 확인 후 매수,한화시스템,272210,"거래가 조용해져 다음 움직임을 준비하는 모습입니다., 거래가 조용해지며 다음 변동성을 준비하는 구간입니다.",43.8%,-0.3%
2026-04-18,추가 확인 후 매수,아모레퍼시픽홀딩스우,002795,거래가 조용해져 다음 움직임을 준비하는 모습입니다.,62.5%,-0.2%
2026-04-18,추가 확인 후 매수,현대차2우B,005387,거래가 조용해지며 다음 변동성을 준비하는 구간입니다.,43.3%,-0.1%
2026-04-18,추가 확인 후 매수,한진칼우,18064K,"최근 급등 뒤 숨고르기 구간에 진입했습니다., 거래가 조용해지며 다음 변동성을 준비하는 구간입니다.",100.0%,6.2%
2026-04-18,추가 확인 후 매수,기아,000270,거래가 조용해지며 다음 변동성을 준비하는 구간입니다.,43.5%,2.4%
2026-04-18,추가 확인 후 매수,일동제약,249420,거래가 조용해지며 다음 변동성을 준비하는 구간입니다.,41.7%,-2.1%
2026-04-18,추가 확인 후 매수,서울가스,017390,거래가 조용해져 다음 움직임을 준비하는 모습입니다.,54.2%,-0.5%
2026-04-18,추가 확인 후 매수,한샘,009240,거래가 조용해져 다음 움직임을 준비하는 모습입니다.,75.0%,1.1%
2026-04-18,추가 확인 후 매수,동부건설,005960,"최근 급등 뒤 숨고르기 구간에 진입했습니다., 거래가 조용해지며 다음 변동성을 준비하는 구간입니다.",42.9%,4.8%
2026-04-18,추가 확인 후 매수,한국토지신탁,034830,"거래가 조용해져 다음 움직임을 준비하는 모습입니다., 거래가 조용해지며 다음 변동성을 준비하는 구간입니다.",40.0%,1.1%
2026-04-18,추가 확인 후 매수,SGC에너지,005090,"거래가 조용해져 다음 움직임을 준비하는 모습입니다., 과매도 반등 신호",41.2%,-0.7%
2026-04-18,추가 확인 후 매수,하이브,352820,거래가 조용해져 다음 움직임을 준비하는 모습입니다.,46.7%,-1.9%
2026-04-18,지금 매수,광전자,017900,거래량 급증,100.0%,98.5%
2026-04-18,지금 매수,DL이앤씨2우(전환),37550L,최근 급등 뒤 숨고르기 구간에 진입했습니다.,100.0%,5.7%
2026-04-18,지금 매수,효성중공업,298040,최근 급등 뒤 숨고르기 구간에 진입했습니다.,73.3%,6.4%
2026-04-18,지금 매수,두산퓨얼셀1우,33626K,거래가 조용해지며 다음 변동성을 준비하는 구간입니다.,70.6%,1.3%
2026-04-18,지금 매수,CVX,CVX,과매도 반등 신호,85.2%,6.6%
2026-04-18,신중히 매수,HD현대에너지솔루션,322000,거래가 조용해져 다음 움직임을 준비하는 모습입니다.,52.4%,9.7%
2026-04-18,신중히 매수,LG화학,051910,최근 급등 뒤 숨고르기 구간에 진입했습니다.,60.0%,0.6%
2026-04-18,신중히 매수,LF,093050,"거래가 조용해져 다음 움직임을 준비하는 모습입니다., 거래가 조용해지며 다음 변동성을 준비하는 구간입니다.",50.0%,4.0%
2026-04-18,신중히 매수,대한유화,006650,최근 급등 뒤 숨고르기 구간에 진입했습니다.,50.0%,-0.9%
2026-04-18,신중히 매수,현대건설,000720,최근 급등 뒤 숨고르기 구간에 진입했습니다.,50.0%,6.9%
2026-04-18,신중히 매수,JPM,JPM,최근 급등 뒤 숨고르기 구간에 진입했습니다.,60.0%,-0.1%
2026-04-18,신중히 매수,삼양통상,002170,거래가 조용해져 다음 움직임을 준비하는 모습입니다.,52.9%,0.9%
2026-04-18,신중히 매수,현대차,005380,거래가 조용해지며 다음 변동성을 준비하는 구간입니다.,54.5%,7.2%
2026-04-18,신중히 매수,MRK,MRK,과매도 반등 신호,50.0%,0.8%
2026-04-18,신중히 매수,세방우,004365,"거래가 조용해져 다음 움직임을 준비하는 모습입니다., 거래가 조용해지며 다음 변동성을 준비하는 구간입니다., 거래량 급증",100.0%,0.9%
2026-04-18,신중히 매수,세방,004360,"거래가 조용해져 다음 움직임을 준비하는 모습입니다., 거래가 조용해지며 다음 변동성을 준비하는 구간입니다.",100.0%,3.5%
2026-04-18,신중히 매수,한솔홀딩스,004150,"거래가 조용해져 다음 움직임을 준비하는 모습입니다., 거래가 조용해지며 다음 변동성을 준비하는 구간입니다.",75.0%,2.2%
2026-04-18,신중히 매수,금호건설,002990,최근 급등 뒤 숨고르기 구간에 진입했습니다.,50.0%,1.1%
2026-04-18,신중히 매수,현대약품,004310,"거래가 조용해져 다음 움직임을 준비하는 모습입니다., 거래가 조용해지며 다음 변동성을 준비하는 구간입니다.",63.6%,1.0%
2026-04-18,신중히 매수,유수홀딩스,000700,거래가 조용해져 다음 움직임을 준비하는 모습입니다.,85.7%,3.6%
2026-04-18,추가 확인 후 매수,퍼스텍,010820,거래량 급증,41.7%,4.6%
2026-04-18,추가 확인 후 매수,삼성전기우,009155,거래량 급증,42.1%,4.9%
2026-04-18,추가 확인 후 매수,진도,088790,거래가 조용해져 다음 움직임을 준비하는 모습입니다.,40.9%,-0.2%
2026-04-18,추가 확인 후 매수,SNT모티브,064960,거래가 조용해져 다음 움직임을 준비하는 모습입니다.,42.9%,-2.8%
2026-04-18,추가 확인 후 매수,TBH글로벌,084870,"거래가 조용해져 다음 움직임을 준비하는 모습입니다., 거래가 조용해지며 다음 변동성을 준비하는 구간입니다.",42.9%,1.0%
2026-04-18,추가 확인 후 매수,다스코,058730,최근 급등 뒤 숨고르기 구간에 진입했습니다.,40.0%,-0.7%
2026-04-18,추가 확인 후 매수,더존비즈온,012510,"거래가 조용해져 다음 움직임을 준비하는 모습입니다., 바닥권 반등 신호(BB 하단), 과매도 반등 신호",42.4%,-1.5%
2026-04-18,추가 확인 후 매수,롯데칠성,005300,거래가 조용해지며 다음 변동성을 준비하는 구간입니다.,40.0%,-1.6%
2026-04-18,추가 확인 후 매수,제일약품,271980,거래량 급증,58.3%,2.0%
2026-04-18,추가 확인 후 매수,스틱인베스트먼트,026890,거래가 조용해지며 다음 변동성을 준비하는 구간입니다.,100.0%,2.2%
2026-04-18,추가 확인 후 매수,대림바스,005750,"거래가 조용해져 다음 움직임을 준비하는 모습입니다., 거래가 조용해지며 다음 변동성을 준비하는 구간입니다.",48.1%,1.7%
2026-04-18,추가 확인 후 매수,진흥기업우B,002785,"바닥권 반등 신호(BB 하단), 거래가 조용해지며 다음 변동성을 준비하는 구간입니다.",50.0%,-0.8%
2026-04-18,추가 확인 후 매수,한화시스템,272210,"거래가 조용해져 다음 움직임을 준비하는 모습입니다., 거래가 조용해지며 다음 변동성을 준비하는 구간입니다.",43.8%,-0.3%
2026-04-18,추가 확인 후 매수,아모레퍼시픽홀딩스우,002795,거래가 조용해져 다음 움직임을 준비하는 모습입니다.,62.5%,-0.2%
2026-04-18,추가 확인 후 매수,현대차2우B,005387,거래가 조용해지며 다음 변동성을 준비하는 구간입니다.,43.3%,-0.1%
2026-04-18,추가 확인 후 매수,한진칼우,18064K,"최근 급등 뒤 숨고르기 구간에 진입했습니다., 거래가 조용해지며 다음 변동성을 준비하는 구간입니다.",100.0%,6.2%
2026-04-18,추가 확인 후 매수,기아,000270,거래가 조용해지며 다음 변동성을 준비하는 구간입니다.,43.5%,2.4%
2026-04-18,추가 확인 후 매수,일동제약,249420,거래가 조용해지며 다음 변동성을 준비하는 구간입니다.,41.7%,-2.1%
2026-04-18,추가 확인 후 매수,서울가스,017390,거래가 조용해져 다음 움직임을 준비하는 모습입니다.,54.2%,-0.5%
2026-04-18,추가 확인 후 매수,한샘,009240,거래가 조용해져 다음 움직임을 준비하는 모습입니다.,75.0%,1.1%
2026-04-18,추가 확인 후 매수,동부건설,005960,"최근 급등 뒤 숨고르기 구간에 진입했습니다., 거래가 조용해지며 다음 변동성을 준비하는 구간입니다.",42.9%,4.8%
2026-04-18,추가 확인 후 매수,한국토지신탁,034830,"거래가 조용해져 다음 움직임을 준비하는 모습입니다., 거래가 조용해지며 다음 변동성을 준비하는 구간입니다.",40.0%,1.1%
2026-04-18,추가 확인 후 매수,SGC에너지,005090,"거래가 조용해져 다음 움직임을 준비하는 모습입니다., 과매도 반등 신호",41.2%,-0.7%
2026-04-18,추가 확인 후 매수,하이브,352820,거래가 조용해져 다음 움직임을 준비하는 모습입니다.,46.7%,-1.9%
2026-04-18,지금 매수,엘앤에프,066970,"거래가 조용해져 다음 움직임을 준비하는 모습입니다., 최근 급등 뒤 숨고르기 구간에 진입했습니다., 과매도 반등 신호",66.7%,6.6%,185600.0
2026-04-18,신중히 매수,광전자,017900,거래량 급증,100.0%,25.7%,13810.0
2026-04-18,신중히 매수,HD현대에너지솔루션,322000,거래가 조용해져 다음 움직임을 준비하는 모습입니다.,100.0%,32.6%,160400.0
2026-04-18,신중히 매수,퍼스텍,010820,거래량 급증,80.0%,13.8%,13480.0
2026-04-18,신중히 매수,DL이앤씨2우(전환),37550L,최근 급등 뒤 숨고르기 구간에 진입했습니다.,100.0%,4.7%,59000.0
2026-04-18,신중히 매수,현대건설,000720,최근 급등 뒤 숨고르기 구간에 진입했습니다.,85.7%,10.2%,177000.0
2026-04-18,신중히 매수,비에이치,090460,거래량 급증,100.0%,11.8%,31400.0
2026-04-18,신중히 매수,후성,093370,거래량 급증,100.0%,7.0%,13820.0
2026-04-18,신중히 매수,HD건설기계,267270,최근 급등 뒤 숨고르기 구간에 진입했습니다.,60.0%,1.5%,162900.0
2026-04-18,신중히 매수,롯데에너지머티리얼즈,020150,거래량 급증,50.0%,-0.3%,52900.0
2026-04-18,신중히 매수,파미셀,005690,RSI 반전 신호(상승 가능성),100.0%,10.1%,18690.0
2026-04-18,신중히 매수,PKC,001340,거래량 급증,69.2%,9.2%,7970.0
2026-04-18,신중히 매수,ASML,ASML,최근 급등 뒤 숨고르기 구간에 진입했습니다.,40.0%,-0.4%,1459.800048828125
2026-04-18,신중히 매수,포스코인터내셔널,047050,"최근 급등 뒤 숨고르기 구간에 진입했습니다., 과매도 반등 신호",50.0%,-2.1%,74800.0
2026-04-18,신중히 매수,한솔로지스틱스,009180,최근 급등 뒤 숨고르기 구간에 진입했습니다.,62.5%,4.4%,3260.0
2026-04-18,신중히 매수,한화에어로스페이스,012450,거래가 조용해져 다음 움직임을 준비하는 모습입니다.,62.5%,1.2%,1423000.0
2026-04-18,신중히 매수,LG유플러스,032640,최근 급등 뒤 숨고르기 구간에 진입했습니다.,50.0%,2.3%,17600.0
2026-04-18,지금 매수,엘앤에프,066970,"거래가 조용해져 다음 움직임을 준비하는 모습입니다., 최근 급등 뒤 숨고르기 구간에 진입했습니다., 과매도 반등 신호",66.7%,6.6%,185600.0
2026-04-18,신중히 매수,광전자,017900,거래량 급증,100.0%,25.7%,13810.0
2026-04-18,신중히 매수,HD현대에너지솔루션,322000,거래가 조용해져 다음 움직임을 준비하는 모습입니다.,100.0%,32.6%,160400.0
2026-04-18,신중히 매수,퍼스텍,010820,거래량 급증,80.0%,13.8%,13480.0
2026-04-18,신중히 매수,DL이앤씨2우(전환),37550L,최근 급등 뒤 숨고르기 구간에 진입했습니다.,100.0%,4.7%,59000.0
2026-04-18,신중히 매수,현대건설,000720,최근 급등 뒤 숨고르기 구간에 진입했습니다.,85.7%,10.2%,177000.0
2026-04-18,신중히 매수,비에이치,090460,거래량 급증,100.0%,11.8%,31400.0
2026-04-18,신중히 매수,후성,093370,거래량 급증,100.0%,7.0%,13820.0
2026-04-18,신중히 매수,HD건설기계,267270,최근 급등 뒤 숨고르기 구간에 진입했습니다.,60.0%,1.5%,162900.0
2026-04-18,신중히 매수,롯데에너지머티리얼즈,020150,거래량 급증,50.0%,-0.3%,52900.0
2026-04-18,신중히 매수,파미셀,005690,RSI 반전 신호(상승 가능성),100.0%,10.1%,18690.0
2026-04-18,신중히 매수,PKC,001340,거래량 급증,69.2%,9.2%,7970.0
2026-04-18,신중히 매수,ASML,ASML,최근 급등 뒤 숨고르기 구간에 진입했습니다.,40.0%,-0.4%,1459.800048828125
2026-04-18,신중히 매수,포스코인터내셔널,047050,"최근 급등 뒤 숨고르기 구간에 진입했습니다., 과매도 반등 신호",50.0%,-2.1%,74800.0
2026-04-18,신중히 매수,한솔로지스틱스,009180,최근 급등 뒤 숨고르기 구간에 진입했습니다.,62.5%,4.4%,3260.0
2026-04-18,신중히 매수,한화에어로스페이스,012450,거래가 조용해져 다음 움직임을 준비하는 모습입니다.,62.5%,1.2%,1423000.0
2026-04-18,신중히 매수,LG유플러스,032640,최근 급등 뒤 숨고르기 구간에 진입했습니다.,50.0%,2.3%,17600.0
2026-04-19,지금 매수,엘앤에프,066970,"거래가 조용해져 다음 움직임을 준비하는 모습입니다., 최근 급등 뒤 숨고르기 구간에 진입했습니다., 과매도 반등 신호",100.0%,13.2%,185600.0
2026-04-19,신중히 매수,광전자,017900,거래량 급증,100.0%,25.7%,13810.0
2026-04-19,신중히 매수,HD현대에너지솔루션,322000,거래가 조용해져 다음 움직임을 준비하는 모습입니다.,100.0%,31.7%,160400.0
2026-04-19,신중히 매수,퍼스텍,010820,거래량 급증,60.0%,6.0%,13480.0
2026-04-19,신중히 매수,DL이앤씨2우(전환),37550L,최근 급등 뒤 숨고르기 구간에 진입했습니다.,100.0%,4.7%,59000.0
2026-04-19,신중히 매수,현대건설,000720,최근 급등 뒤 숨고르기 구간에 진입했습니다.,66.7%,8.6%,177000.0
2026-04-19,신중히 매수,비에이치,090460,거래량 급증,87.5%,16.6%,31400.0
2026-04-19,신중히 매수,후성,093370,거래량 급증,100.0%,7.0%,13820.0
2026-04-19,신중히 매수,코오롱인더,120110,최근 급등 뒤 숨고르기 구간에 진입했습니다.,100.0%,6.9%,86400.0
2026-04-19,신중히 매수,HD건설기계,267270,최근 급등 뒤 숨고르기 구간에 진입했습니다.,50.0%,1.3%,162900.0
2026-04-19,신중히 매수,파미셀,005690,RSI 반전 신호(상승 가능성),100.0%,8.1%,18690.0
2026-04-19,신중히 매수,PKC,001340,거래량 급증,83.3%,12.3%,7970.0
2026-04-19,신중히 매수,금호건설,002990,최근 급등 뒤 숨고르기 구간에 진입했습니다.,66.7%,0.9%,5380.0
2026-04-19,신중히 매수,포스코인터내셔널,047050,"최근 급등 뒤 숨고르기 구간에 진입했습니다., 과매도 반등 신호",57.1%,0.7%,74800.0
2026-04-19,신중히 매수,한솔로지스틱스,009180,최근 급등 뒤 숨고르기 구간에 진입했습니다.,57.1%,3.3%,3260.0
2026-04-19,신중히 매수,한화에어로스페이스,012450,거래가 조용해져 다음 움직임을 준비하는 모습입니다.,71.4%,2.0%,1423000.0
2026-04-19,추가 확인 후 매수,LG유플러스,032640,최근 급등 뒤 숨고르기 구간에 진입했습니다.,44.4%,1.7%,17600.0
2026-04-20,지금 매수,엘앤에프,066970,"거래가 조용해져 다음 움직임을 준비하는 모습입니다., 최근 급등 뒤 숨고르기 구간에 진입했습니다., 과매도 반등 신호",100.0%,13.2%,185600.0
2026-04-20,신중히 매수,광전자,017900,거래량 급증,100.0%,25.7%,13810.0
2026-04-20,신중히 매수,HD현대에너지솔루션,322000,거래가 조용해져 다음 움직임을 준비하는 모습입니다.,100.0%,31.7%,160400.0
2026-04-20,신중히 매수,퍼스텍,010820,거래량 급증,60.0%,6.0%,13480.0
2026-04-20,신중히 매수,현대건설,000720,최근 급등 뒤 숨고르기 구간에 진입했습니다.,66.7%,8.6%,177000.0
2026-04-20,신중히 매수,비에이치,090460,거래량 급증,87.5%,16.6%,31400.0
2026-04-20,신중히 매수,후성,093370,거래량 급증,100.0%,7.0%,13820.0
2026-04-20,신중히 매수,코오롱인더,120110,최근 급등 뒤 숨고르기 구간에 진입했습니다.,100.0%,6.9%,86400.0
2026-04-20,신중히 매수,HD건설기계,267270,최근 급등 뒤 숨고르기 구간에 진입했습니다.,50.0%,1.3%,162900.0
2026-04-20,신중히 매수,파미셀,005690,RSI 반전 신호(상승 가능성),100.0%,8.1%,18690.0
2026-04-20,신중히 매수,포스코인터내셔널,047050,"최근 급등 뒤 숨고르기 구간에 진입했습니다., 과매도 반등 신호",57.1%,0.7%,74800.0
2026-04-20,신중히 매수,한화에어로스페이스,012450,거래가 조용해져 다음 움직임을 준비하는 모습입니다.,71.4%,2.0%,1423000.0
2026-04-20,신중히 매수,DL이앤씨2우(전환),37550L,최근 급등 뒤 숨고르기 구간에 진입했습니다.,100.0%,4.7%,58600.0
2026-04-20,신중히 매수,인지컨트롤스,023800,최근 급등 뒤 숨고르기 구간에 진입했습니다.,60.0%,5.4%,7820.0
2026-04-20,신중히 매수,한솔로지스틱스,009180,최근 급등 뒤 숨고르기 구간에 진입했습니다.,57.1%,3.3%,3235.0
2026-04-20,추가 확인 후 매수,LG유플러스,032640,최근 급등 뒤 숨고르기 구간에 진입했습니다.,44.4%,1.7%,17600.0
2026-04-20,추가 확인 후 매수,KPX홀딩스,092230,최근 급등 뒤 숨고르기 구간에 진입했습니다.,44.4%,0.9%,86800.0
2026-04-20,지금 매수,HD현대에너지솔루션,322000,"거래가 조용해져 다음 움직임을 준비하는 모습입니다., 최근 급등 뒤 숨고르기 구간에 진입했습니다., 거래가 조용해지며 다음 변동성을 준비하는 구간입니다.",80.0%,23.9%,162900.0
2026-04-20,신중히 매수,퍼스텍,010820,거래량 급증,90.9%,17.8%,15700.0
2026-04-20,신중히 매수,신성이엔지,011930,최근 급등 뒤 숨고르기 구간에 진입했습니다.,66.7%,11.4%,3900.0
2026-04-20,신중히 매수,DL이앤씨,375500,최근 급등 뒤 숨고르기 구간에 진입했습니다.,100.0%,7.6%,95500.0
2026-04-20,신중히 매수,LIG디펜스앤에어로스페이스,079550,"거래가 조용해져 다음 움직임을 준비하는 모습입니다., 최근 급등 뒤 숨고르기 구간에 진입했습니다.",75.0%,12.7%,921000.0
2026-04-20,신중히 매수,삼화콘덴서,001820,최근 급등 뒤 숨고르기 구간에 진입했습니다.,80.0%,4.3%,63100.0
2026-04-20,신중히 매수,DL이앤씨2우(전환),37550L,최근 급등 뒤 숨고르기 구간에 진입했습니다.,100.0%,11.8%,57600.0
2026-04-20,신중히 매수,삼영,003720,거래량 급증,90.0%,19.4%,9650.0
2026-04-20,신중히 매수,현대건설,000720,최근 급등 뒤 숨고르기 구간에 진입했습니다.,66.7%,8.6%,174300.0
2026-04-20,신중히 매수,무림P&amp;P,009580,거래량 급증,87.5%,13.4%,3745.0
2026-04-20,신중히 매수,삼성E&amp;A,028050,"거래가 조용해져 다음 움직임을 준비하는 모습입니다., 최근 급등 뒤 숨고르기 구간에 진입했습니다.",50.0%,4.0%,49300.0
2026-04-20,신중히 매수,엘앤에프,066970,"거래가 조용해져 다음 움직임을 준비하는 모습입니다., 최근 급등 뒤 숨고르기 구간에 진입했습니다.",66.7%,6.4%,183700.0
2026-04-20,신중히 매수,동부건설,005960,"최근 급등 뒤 숨고르기 구간에 진입했습니다., 거래가 조용해지며 다음 변동성을 준비하는 구간입니다.",50.0%,1.0%,9100.0
2026-04-20,신중히 매수,코오롱인더,120110,최근 급등 뒤 숨고르기 구간에 진입했습니다.,100.0%,6.9%,87100.0
2026-04-20,신중히 매수,혜인,003010,거래량 급증,100.0%,10.7%,8030.0
2026-04-20,신중히 매수,GS글로벌,001250,거래가 조용해져 다음 움직임을 준비하는 모습입니다.,83.3%,5.7%,3395.0
2026-04-20,신중히 매수,한양증권,001750,거래량 급증,100.0%,14.5%,29650.0
2026-04-20,신중히 매수,DL이앤씨우,37550K,최근 급등 뒤 숨고르기 구간에 진입했습니다.,50.0%,-1.8%,32300.0
2026-04-20,신중히 매수,NHN,181710,거래량 급증,100.0%,6.1%,43700.0
2026-04-20,신중히 매수,STX엔진,077970,거래량 급증,50.0%,5.6%,46200.0
2026-04-20,신중히 매수,파미셀,005690,RSI 반전 신호(상승 가능성),71.4%,9.2%,19190.0
2026-04-20,신중히 매수,와이투솔루션,011690,거래량 급증,50.0%,10.5%,7650.0
2026-04-20,신중히 매수,삼화페인트,000390,"최근 급등 뒤 숨고르기 구간에 진입했습니다., 거래가 조용해지며 다음 변동성을 준비하는 구간입니다.",61.5%,-1.3%,9310.0
2026-04-20,신중히 매수,대한전선,001440,거래량 급증,62.5%,6.2%,40400.0
2026-04-20,신중히 매수,삼성SDI우,006405,거래량 급증,66.7%,9.2%,266000.0
2026-04-20,신중히 매수,태양금속우,004105,최근 급등 뒤 숨고르기 구간에 진입했습니다.,90.0%,13.2%,4380.0
2026-04-20,신중히 매수,현대제철,004020,최근 급등 뒤 숨고르기 구간에 진입했습니다.,75.0%,6.3%,38500.0
2026-04-20,신중히 매수,KSS해운,044450,최근 급등 뒤 숨고르기 구간에 진입했습니다.,80.0%,7.5%,12130.0
2026-04-20,신중히 매수,하이스틸,071090,거래량 급증,50.0%,-3.2%,4570.0
2026-04-20,신중히 매수,원림,005820,거래량 급증,100.0%,7.5%,17090.0
2026-04-20,신중히 매수,포스코인터내셔널,047050,거래가 조용해져 다음 움직임을 준비하는 모습입니다.,50.0%,-0.3%,76800.0
2026-04-20,신중히 매수,한국주강,025890,거래가 조용해져 다음 움직임을 준비하는 모습입니다.,100.0%,10.6%,2135.0
2026-04-20,신중히 매수,DB,012030,거래량 급증,100.0%,16.9%,2025.0
2026-04-20,신중히 매수,에코프로머티,450080,거래가 조용해지며 다음 변동성을 준비하는 구간입니다.,50.0%,-1.9%,77100.0
2026-04-20,신중히 매수,일진홀딩스,015860,거래량 급증,63.6%,8.7%,8750.0
2026-04-20,신중히 매수,남광토건,001260,최근 급등 뒤 숨고르기 구간에 진입했습니다.,71.4%,8.4%,9980.0
2026-04-20,신중히 매수,이월드,084680,최근 급등 뒤 숨고르기 구간에 진입했습니다.,50.0%,1.1%,1875.0
2026-04-20,신중히 매수,한솔로지스틱스,009180,최근 급등 뒤 숨고르기 구간에 진입했습니다.,50.0%,2.1%,3200.0
2026-04-20,신중히 매수,현대코퍼레이션,011760,거래가 조용해져 다음 움직임을 준비하는 모습입니다.,55.6%,-1.6%,27900.0
2026-04-20,신중히 매수,에어부산,298690,최근 급등 뒤 숨고르기 구간에 진입했습니다.,50.0%,-0.3%,2055.0
2026-04-20,신중히 매수,한국항공우주,047810,거래가 조용해지며 다음 변동성을 준비하는 구간입니다.,60.0%,0.4%,186800.0
2026-04-20,신중히 매수,계양전기우,012205,거래가 조용해져 다음 움직임을 준비하는 모습입니다.,57.1%,8.1%,8110.0
2026-04-20,신중히 매수,도화엔지니어링,002150,최근 급등 뒤 숨고르기 구간에 진입했습니다.,66.7%,4.7%,7130.0
2026-04-20,신중히 매수,이수페타시스,007660,거래량 급증,50.0%,-1.6%,133300.0
2026-04-20,신중히 매수,신세계 I&amp;C,035510,거래가 조용해지며 다음 변동성을 준비하는 구간입니다.,83.3%,3.2%,20150.0
2026-04-20,신중히 매수,DB하이텍,000990,거래량 급증,100.0%,9.7%,126700.0
2026-04-20,신중히 매수,다스코,058730,최근 급등 뒤 숨고르기 구간에 진입했습니다.,63.6%,-0.3%,3790.0
2026-04-20,신중히 매수,롯데케미칼,011170,최근 급등 뒤 숨고르기 구간에 진입했습니다.,71.4%,8.7%,89300.0
2026-04-20,신중히 매수,한화에어로스페이스,012450,거래가 조용해져 다음 움직임을 준비하는 모습입니다.,66.7%,1.9%,1425000.0
2026-04-20,신중히 매수,신송홀딩스,006880,최근 급등 뒤 숨고르기 구간에 진입했습니다.,100.0%,1.0%,7240.0
2026-04-20,신중히 매수,대한항공,003490,거래가 조용해지며 다음 변동성을 준비하는 구간입니다.,50.0%,-3.4%,25050.0
2026-04-20,신중히 매수,신한알파리츠,293940,최근 급등 뒤 숨고르기 구간에 진입했습니다.,100.0%,6.0%,6140.0
2026-04-20,신중히 매수,동일고무벨트,163560,거래량 급증,50.0%,1.3%,7940.0
2026-04-20,신중히 매수,동일제강,002690,최근 급등 뒤 숨고르기 구간에 진입했습니다.,50.0%,-1.1%,1700.0
2026-04-20,신중히 매수,삼성물산우B,02826K,거래가 조용해져 다음 움직임을 준비하는 모습입니다.,57.1%,-0.6%,193100.0
2026-04-20,신중히 매수,전진건설로봇,079900,최근 급등 뒤 숨고르기 구간에 진입했습니다.,55.6%,4.8%,66600.0
2026-04-20,신중히 매수,일성건설,013360,최근 급등 뒤 숨고르기 구간에 진입했습니다.,57.1%,0.9%,2045.0
2026-04-20,신중히 매수,금호전기,001210,거래량 급증,50.0%,-2.5%,999.0
2026-04-20,신중히 매수,금호건설우,002995,최근 급등 뒤 숨고르기 구간에 진입했습니다.,62.5%,3.7%,15540.0
2026-04-20,신중히 매수,성문전자,014910,최근 급등 뒤 숨고르기 구간에 진입했습니다.,50.0%,2.0%,1752.0
2026-04-20,추가 확인 후 매수,씨에스윈드,112610,"거래가 조용해져 다음 움직임을 준비하는 모습입니다., 거래가 조용해지며 다음 변동성을 준비하는 구간입니다.",41.7%,1.3%,63300.0
2026-04-20,추가 확인 후 매수,조비,001550,거래가 조용해지며 다음 변동성을 준비하는 구간입니다.,42.9%,-1.4%,15650.0
2026-04-20,추가 확인 후 매수,BGF,027410,거래가 조용해져 다음 움직임을 준비하는 모습입니다.,40.0%,-1.8%,5150.0
2026-04-20,추가 확인 후 매수,HD건설기계,267270,최근 급등 뒤 숨고르기 구간에 진입했습니다.,40.0%,-0.3%,164900.0
2026-04-20,추가 확인 후 매수,세원정공,021820,거래가 조용해져 다음 움직임을 준비하는 모습입니다.,42.9%,-2.6%,14880.0
2026-04-20,추가 확인 후 매수,KPX홀딩스,092230,최근 급등 뒤 숨고르기 구간에 진입했습니다.,44.4%,0.9%,86200.0
2026-04-20,추가 확인 후 매수,SH에너지화학,002360,"거래가 조용해져 다음 움직임을 준비하는 모습입니다., 거래가 조용해지며 다음 변동성을 준비하는 구간입니다.",58.3%,-0.9%,406.0
2026-04-20,추가 확인 후 매수,LG유플러스,032640,최근 급등 뒤 숨고르기 구간에 진입했습니다.,44.4%,1.7%,17410.0
2026-04-20,추가 확인 후 매수,인지컨트롤스,023800,최근 급등 뒤 숨고르기 구간에 진입했습니다.,40.0%,1.7%,7710.0
2026-04-20,추가 확인 후 매수,SK네트웍스,001740,"거래가 조용해져 다음 움직임을 준비하는 모습입니다., 거래가 조용해지며 다음 변동성을 준비하는 구간입니다.",42.9%,-2.9%,5370.0
2026-04-20,추가 확인 후 매수,고려아연,010130,최근 급등 뒤 숨고르기 구간에 진입했습니다.,41.7%,-2.8%,1665000.0
2026-04-20,추가 확인 후 매수,남선알미우,008355,거래가 조용해져 다음 움직임을 준비하는 모습입니다.,42.9%,-1.9%,14180.0
2026-04-20,추가 확인 후 매수,한국앤컴퍼니,000240,최근 급등 뒤 숨고르기 구간에 진입했습니다.,100.0%,1.0%,24450.0
2026-04-21,신중히 매수,한화에어로스페이스,012450,거래가 조용해져 다음 움직임을 준비하는 모습입니다.,60.0%,1.0%,1428000.0
2026-04-21,신중히 매수,삼성물산,028260,거래가 조용해져 다음 움직임을 준비하는 모습입니다.,60.0%,1.1%,303000.0
2026-04-21,신중히 매수,LIG디펜스앤에어로스페이스,079550,"거래가 조용해져 다음 움직임을 준비하는 모습입니다., 최근 급등 뒤 숨고르기 구간에 진입했습니다.",60.0%,8.7%,917000.0
2026-04-21,신중히 매수,현대건설,000720,최근 급등 뒤 숨고르기 구간에 진입했습니다.,57.1%,6.4%,176200.0
2026-04-21,신중히 매수,한국항공우주,047810,"거래가 조용해져 다음 움직임을 준비하는 모습입니다., 거래가 조용해지며 다음 변동성을 준비하는 구간입니다.",60.0%,0.4%,186000.0
2026-04-21,신중히 매수,삼성E&amp;A,028050,"거래가 조용해져 다음 움직임을 준비하는 모습입니다., 최근 급등 뒤 숨고르기 구간에 진입했습니다.",50.0%,4.0%,50900.0
2026-04-21,신중히 매수,엘앤에프,066970,거래가 조용해져 다음 움직임을 준비하는 모습입니다.,50.0%,3.1%,185700.0
2026-04-21,신중히 매수,현대제철,004020,최근 급등 뒤 숨고르기 구간에 진입했습니다.,75.0%,6.3%,40150.0
2026-04-21,신중히 매수,롯데케미칼,011170,거래가 조용해지며 다음 변동성을 준비하는 구간입니다.,71.4%,8.7%,90600.0
2026-04-21,신중히 매수,DL이앤씨,375500,최근 급등 뒤 숨고르기 구간에 진입했습니다.,100.0%,7.6%,98800.0
2026-04-21,신중히 매수,에스원,012750,최근 급등 뒤 숨고르기 구간에 진입했습니다.,62.5%,1.1%,90300.0
2026-04-21,신중히 매수,코오롱인더,120110,거래가 조용해지며 다음 변동성을 준비하는 구간입니다.,75.0%,3.4%,86900.0
2026-04-21,신중히 매수,한국카본,017960,최근 급등 뒤 숨고르기 구간에 진입했습니다.,100.0%,8.9%,49850.0
2026-04-21,신중히 매수,HD현대에너지솔루션,322000,"거래가 조용해져 다음 움직임을 준비하는 모습입니다., 거래가 조용해지며 다음 변동성을 준비하는 구간입니다.",66.7%,18.8%,162300.0
2026-04-21,신중히 매수,태광산업,003240,최근 급등 뒤 숨고르기 구간에 진입했습니다.,90.0%,6.3%,1246000.0
2026-04-21,신중히 매수,파미셀,005690,RSI 반전 신호(상승 가능성),66.7%,8.1%,19030.0
2026-04-21,신중히 매수,한국금융지주우,071055,최근 급등 뒤 숨고르기 구간에 진입했습니다.,100.0%,4.3%,176700.0
2026-04-21,신중히 매수,전진건설로봇,079900,최근 급등 뒤 숨고르기 구간에 진입했습니다.,50.0%,3.6%,68400.0
2026-04-21,신중히 매수,삼아알미늄,006110,최근 급등 뒤 숨고르기 구간에 진입했습니다.,100.0%,15.6%,56000.0
2026-04-21,신중히 매수,신한알파리츠,293940,최근 급등 뒤 숨고르기 구간에 진입했습니다.,100.0%,6.0%,6120.0
2026-04-21,신중히 매수,삼화콘덴서,001820,최근 급등 뒤 숨고르기 구간에 진입했습니다.,80.0%,4.3%,64700.0
2026-04-21,신중히 매수,유진투자증권,001200,"거래가 조용해져 다음 움직임을 준비하는 모습입니다., 최근 급등 뒤 숨고르기 구간에 진입했습니다.",60.0%,-0.5%,5060.0
2026-04-21,신중히 매수,세아제강,306200,최근 급등 뒤 숨고르기 구간에 진입했습니다.,75.0%,-0.3%,148400.0
2026-04-21,신중히 매수,삼성물산우B,02826K,거래가 조용해져 다음 움직임을 준비하는 모습입니다.,57.1%,-0.6%,192300.0
2026-04-21,신중히 매수,신세계 I&amp;C,035510,거래가 조용해지며 다음 변동성을 준비하는 구간입니다.,76.9%,2.4%,20500.0
2026-04-21,신중히 매수,GS글로벌,001250,"거래가 조용해져 다음 움직임을 준비하는 모습입니다., 최근 급등 뒤 숨고르기 구간에 진입했습니다.",83.3%,5.7%,3375.0
2026-04-21,신중히 매수,KSS해운,044450,최근 급등 뒤 숨고르기 구간에 진입했습니다.,80.0%,7.5%,12190.0
2026-04-21,신중히 매수,삼화페인트,000390,"거래가 조용해져 다음 움직임을 준비하는 모습입니다., 거래가 조용해지며 다음 변동성을 준비하는 구간입니다.",57.1%,-1.7%,9570.0
2026-04-21,신중히 매수,한솔테크닉스,004710,최근 급등 뒤 숨고르기 구간에 진입했습니다.,100.0%,4.6%,7490.0
2026-04-21,신중히 매수,도화엔지니어링,002150,최근 급등 뒤 숨고르기 구간에 진입했습니다.,66.7%,4.7%,7220.0
2026-04-21,신중히 매수,태양금속,004100,최근 급등 뒤 숨고르기 구간에 진입했습니다.,90.0%,11.0%,3495.0
2026-04-21,신중히 매수,DL이앤씨2우(전환),37550L,최근 급등 뒤 숨고르기 구간에 진입했습니다.,80.0%,8.0%,59900.0
2026-04-21,신중히 매수,혜인,003010,거래량 급증,100.0%,10.7%,8620.0
2026-04-21,신중히 매수,신송홀딩스,006880,최근 급등 뒤 숨고르기 구간에 진입했습니다.,100.0%,1.0%,7190.0
2026-04-21,신중히 매수,인팩,023810,과매도 반등 신호,100.0%,3.3%,8290.0
2026-04-21,신중히 매수,현대건설우,000725,최근 급등 뒤 숨고르기 구간에 진입했습니다.,50.0%,0.9%,77500.0
2026-04-21,신중히 매수,다스코,058730,"최근 급등 뒤 숨고르기 구간에 진입했습니다., 거래가 조용해지며 다음 변동성을 준비하는 구간입니다.",58.3%,-0.8%,3870.0
2026-04-21,신중히 매수,유니온머티리얼,047400,최근 급등 뒤 숨고르기 구간에 진입했습니다.,88.9%,3.7%,1728.0
2026-04-21,신중히 매수,DL이앤씨우,37550K,"거래가 조용해져 다음 움직임을 준비하는 모습입니다., 최근 급등 뒤 숨고르기 구간에 진입했습니다.",50.0%,-1.8%,33900.0
2026-04-21,신중히 매수,우진플라임,049800,거래량 급증,63.6%,8.7%,3155.0
2026-04-21,신중히 매수,한국주강,025890,거래가 조용해져 다음 움직임을 준비하는 모습입니다.,85.7%,8.1%,2135.0
2026-04-21,신중히 매수,태양금속우,004105,최근 급등 뒤 숨고르기 구간에 진입했습니다.,90.0%,13.2%,4370.0
2026-04-21,신중히 매수,계양전기우,012205,거래가 조용해져 다음 움직임을 준비하는 모습입니다.,57.1%,8.1%,7840.0
2026-04-21,신중히 매수,금호건설우,002995,최근 급등 뒤 숨고르기 구간에 진입했습니다.,55.6%,2.5%,15540.0
2026-04-21,추가 확인 후 매수,고려아연,010130,최근 급등 뒤 숨고르기 구간에 진입했습니다.,41.7%,-2.8%,1679000.0
2026-04-21,추가 확인 후 매수,포스코인터내셔널,047050,거래가 조용해져 다음 움직임을 준비하는 모습입니다.,44.4%,-1.0%,76200.0
2026-04-21,추가 확인 후 매수,LG유플러스,032640,최근 급등 뒤 숨고르기 구간에 진입했습니다.,40.0%,0.8%,17500.0
2026-04-21,추가 확인 후 매수,에코프로머티,450080,거래가 조용해지며 다음 변동성을 준비하는 구간입니다.,40.0%,-3.0%,76900.0
2026-04-21,추가 확인 후 매수,한국앤컴퍼니,000240,거래가 조용해져 다음 움직임을 준비하는 모습입니다.,100.0%,1.0%,24750.0
2026-04-21,추가 확인 후 매수,두산우,000155,최근 급등 뒤 숨고르기 구간에 진입했습니다.,42.9%,-0.5%,568000.0
2026-04-21,추가 확인 후 매수,KPX홀딩스,092230,최근 급등 뒤 숨고르기 구간에 진입했습니다.,44.4%,0.9%,86500.0
2026-04-21,추가 확인 후 매수,동부건설,005960,"최근 급등 뒤 숨고르기 구간에 진입했습니다., 거래가 조용해지며 다음 변동성을 준비하는 구간입니다.",46.7%,0.5%,9410.0
2026-04-21,추가 확인 후 매수,인지컨트롤스,023800,최근 급등 뒤 숨고르기 구간에 진입했습니다.,40.0%,1.7%,7800.0
2026-04-21,추가 확인 후 매수,한솔로지스틱스,009180,최근 급등 뒤 숨고르기 구간에 진입했습니다.,44.4%,1.2%,3215.0
2026-04-21,추가 확인 후 매수,조비,001550,거래가 조용해지며 다음 변동성을 준비하는 구간입니다.,40.0%,-1.8%,15310.0
2026-04-21,추가 확인 후 매수,DSR,155660,최근 급등 뒤 숨고르기 구간에 진입했습니다.,44.4%,0.7%,4495.0
2026-04-21,추가 확인 후 매수,진도,088790,거래가 조용해져 다음 움직임을 준비하는 모습입니다.,46.7%,-2.0%,2700.0
2026-04-21,지금 매수,HD현대에너지솔루션,322000,"거래가 조용해져 다음 움직임을 준비하는 모습입니다., 거래가 조용해지며 다음 변동성을 준비하는 구간입니다., 과매도 반등 신호",66.7%,18.8%,170000.0
2026-04-21,신중히 매수,삼성전기우,009155,거래량 급증,100.0%,20.6%,314000.0
2026-04-21,신중히 매수,DL이앤씨,375500,최근 급등 뒤 숨고르기 구간에 진입했습니다.,100.0%,7.6%,100600.0
2026-04-21,신중히 매수,수산세보틱스,017550,거래량 급증,71.4%,8.3%,3490.0
2026-04-21,신중히 매수,LIG디펜스앤에어로스페이스,079550,거래가 조용해져 다음 움직임을 준비하는 모습입니다.,60.0%,8.7%,909000.0
2026-04-21,신중히 매수,DL이앤씨2우(전환),37550L,최근 급등 뒤 숨고르기 구간에 진입했습니다.,80.0%,8.0%,60000.0
2026-04-21,신중히 매수,솔루스첨단소재,336370,거래량 급증,100.0%,18.3%,13880.0
2026-04-21,신중히 매수,태영건설우,009415,거래량 급증,50.0%,4.6%,12280.0
2026-04-21,신중히 매수,삼성SDI,006400,거래량 급증,100.0%,16.1%,645000.0
2026-04-21,신중히 매수,엘앤에프,066970,거래가 조용해져 다음 움직임을 준비하는 모습입니다.,50.0%,3.1%,196400.0
2026-04-21,신중히 매수,삼성E&amp;A,028050,"거래가 조용해져 다음 움직임을 준비하는 모습입니다., 최근 급등 뒤 숨고르기 구간에 진입했습니다.",50.0%,4.0%,51700.0
2026-04-21,신중히 매수,삼영,003720,거래량 급증,90.0%,19.4%,10330.0
2026-04-21,신중히 매수,우진플라임,049800,거래량 급증,63.6%,8.7%,3240.0
2026-04-21,신중히 매수,무림P&amp;P,009580,거래량 급증,77.8%,11.1%,3750.0
2026-04-21,신중히 매수,현대건설,000720,최근 급등 뒤 숨고르기 구간에 진입했습니다.,57.1%,6.4%,174900.0
2026-04-21,신중히 매수,코오롱인더,120110,거래가 조용해지며 다음 변동성을 준비하는 구간입니다.,75.0%,3.4%,87700.0
2026-04-21,신중히 매수,삼성SDI우,006405,거래량 급증,100.0%,16.4%,307000.0
2026-04-21,신중히 매수,GS글로벌,001250,"거래가 조용해져 다음 움직임을 준비하는 모습입니다., 최근 급등 뒤 숨고르기 구간에 진입했습니다.",83.3%,5.7%,3370.0
2026-04-21,신중히 매수,DL이앤씨우,37550K,"거래가 조용해져 다음 움직임을 준비하는 모습입니다., 최근 급등 뒤 숨고르기 구간에 진입했습니다.",50.0%,-1.8%,32950.0
2026-04-21,신중히 매수,태양금속,004100,최근 급등 뒤 숨고르기 구간에 진입했습니다.,90.0%,11.0%,3540.0
2026-04-21,신중히 매수,혜인,003010,거래량 급증,100.0%,10.7%,7530.0
2026-04-21,신중히 매수,HD건설기계,267270,거래가 조용해져 다음 움직임을 준비하는 모습입니다.,50.0%,2.9%,176200.0
2026-04-21,신중히 매수,진도,088790,거래가 조용해져 다음 움직임을 준비하는 모습입니다.,60.0%,-1.7%,2715.0
2026-04-21,신중히 매수,DSR제강,069730,최근 급등 뒤 숨고르기 구간에 진입했습니다.,62.5%,4.6%,5450.0
2026-04-21,신중히 매수,대덕전자1우,35320K,거래량 급증,72.7%,9.2%,22850.0
2026-04-21,신중히 매수,태광산업,003240,최근 급등 뒤 숨고르기 구간에 진입했습니다.,90.0%,6.3%,1237000.0
2026-04-21,신중히 매수,삼화페인트,000390,"거래가 조용해져 다음 움직임을 준비하는 모습입니다., 거래가 조용해지며 다음 변동성을 준비하는 구간입니다.",57.1%,-1.7%,9540.0
2026-04-21,신중히 매수,태양금속우,004105,최근 급등 뒤 숨고르기 구간에 진입했습니다.,90.0%,13.2%,4420.0
2026-04-21,신중히 매수,파미셀,005690,RSI 반전 신호(상승 가능성),66.7%,8.1%,18240.0
2026-04-21,신중히 매수,KSS해운,044450,최근 급등 뒤 숨고르기 구간에 진입했습니다.,80.0%,7.5%,12430.0
2026-04-21,신중히 매수,비상교육,100220,"최근 급등 뒤 숨고르기 구간에 진입했습니다., 거래량 급증",100.0%,11.8%,6560.0
2026-04-21,신중히 매수,금호건설,002990,최근 급등 뒤 숨고르기 구간에 진입했습니다.,66.7%,2.0%,5370.0
2026-04-21,신중히 매수,현대리바트,079430,거래량 급증,100.0%,10.1%,8100.0
2026-04-21,신중히 매수,코스모신소재,005070,거래량 급증,100.0%,12.2%,64500.0
2026-04-21,신중히 매수,한국금융지주우,071055,최근 급등 뒤 숨고르기 구간에 진입했습니다.,100.0%,4.3%,175900.0
2026-04-21,신중히 매수,신세계인터내셔날,031430,거래량 급증,91.7%,11.0%,14510.0
2026-04-21,신중히 매수,305720,305720,거래량 급증,100.0%,13.6%,21160.0
2026-04-21,신중히 매수,세아제강,306200,최근 급등 뒤 숨고르기 구간에 진입했습니다.,75.0%,-0.3%,147500.0
2026-04-21,신중히 매수,LG에너지솔루션,373220,거래량 급증,100.0%,11.7%,478000.0
2026-04-21,신중히 매수,한국주강,025890,거래가 조용해져 다음 움직임을 준비하는 모습입니다.,85.7%,8.1%,2145.0
2026-04-21,신중히 매수,한솔테크닉스,004710,최근 급등 뒤 숨고르기 구간에 진입했습니다.,100.0%,3.9%,7440.0
2026-04-21,신중히 매수,두산퓨얼셀,336260,최근 급등 뒤 숨고르기 구간에 진입했습니다.,71.4%,10.4%,43350.0
2026-04-21,신중히 매수,솔루스첨단소재1우,33637K,거래량 급증,100.0%,10.7%,2465.0
2026-04-21,신중히 매수,현대건설우,000725,최근 급등 뒤 숨고르기 구간에 진입했습니다.,50.0%,0.9%,77000.0
2026-04-21,신중히 매수,POSCO홀딩스,005490,거래량 급증,100.0%,13.1%,421500.0
2026-04-21,신중히 매수,유진투자증권,001200,"거래가 조용해져 다음 움직임을 준비하는 모습입니다., 최근 급등 뒤 숨고르기 구간에 진입했습니다.",60.0%,-0.5%,5060.0
2026-04-21,신중히 매수,이월드,084680,최근 급등 뒤 숨고르기 구간에 진입했습니다.,50.0%,1.1%,1907.0
2026-04-21,신중히 매수,남광토건,001260,최근 급등 뒤 숨고르기 구간에 진입했습니다.,71.4%,8.4%,9930.0
2026-04-21,신중히 매수,HD현대일렉트릭,267260,최근 급등 뒤 숨고르기 구간에 진입했습니다.,66.7%,10.5%,1058000.0
2026-04-21,신중히 매수,신세계 I&amp;C,035510,거래가 조용해지며 다음 변동성을 준비하는 구간입니다.,76.9%,2.4%,20000.0
2026-04-21,신중히 매수,도화엔지니어링,002150,최근 급등 뒤 숨고르기 구간에 진입했습니다.,66.7%,4.7%,7160.0
2026-04-21,신중히 매수,텔코웨어,078000,"최근 급등 뒤 숨고르기 구간에 진입했습니다., 거래가 조용해지며 다음 변동성을 준비하는 구간입니다.",60.0%,-2.3%,17220.0
2026-04-21,신중히 매수,한솔로지스틱스,009180,최근 급등 뒤 숨고르기 구간에 진입했습니다.,77.8%,5.7%,3150.0
2026-04-21,신중히 매수,다스코,058730,"최근 급등 뒤 숨고르기 구간에 진입했습니다., 거래가 조용해지며 다음 변동성을 준비하는 구간입니다.",58.3%,-0.8%,3855.0
2026-04-21,신중히 매수,DB,012030,거래량 급증,100.0%,16.7%,2010.0
2026-04-21,신중히 매수,자이에스앤디,317400,거래량 급증,62.5%,6.5%,4850.0
2026-04-21,신중히 매수,계양전기우,012205,"거래가 조용해져 다음 움직임을 준비하는 모습입니다., 최근 급등 뒤 숨고르기 구간에 진입했습니다.",57.1%,8.1%,8130.0
2026-04-21,신중히 매수,유니온머티리얼,047400,최근 급등 뒤 숨고르기 구간에 진입했습니다.,88.9%,3.2%,1719.0
2026-04-21,신중히 매수,전진건설로봇,079900,최근 급등 뒤 숨고르기 구간에 진입했습니다.,50.0%,3.6%,68800.0
2026-04-21,신중히 매수,한국항공우주,047810,거래가 조용해지며 다음 변동성을 준비하는 구간입니다.,60.0%,0.4%,182500.0
2026-04-21,신중히 매수,HS화성,002460,최근 급등 뒤 숨고르기 구간에 진입했습니다.,100.0%,6.3%,13120.0
2026-04-21,신중히 매수,롯데케미칼,011170,"최근 급등 뒤 숨고르기 구간에 진입했습니다., 거래가 조용해지며 다음 변동성을 준비하는 구간입니다.",71.4%,8.7%,89900.0
2026-04-21,신중히 매수,한화에어로스페이스,012450,거래가 조용해져 다음 움직임을 준비하는 모습입니다.,60.0%,1.0%,1391000.0
2026-04-21,신중히 매수,이수스페셜티케미컬,457190,거래량 급증,91.7%,18.6%,127000.0
2026-04-21,신중히 매수,한화엔진,082740,거래량 급증,90.9%,18.7%,60600.0
2026-04-21,신중히 매수,삼성물산우B,02826K,거래가 조용해져 다음 움직임을 준비하는 모습입니다.,57.1%,-0.6%,193800.0
2026-04-21,신중히 매수,일성건설,013360,최근 급등 뒤 숨고르기 구간에 진입했습니다.,57.1%,0.9%,2065.0
2026-04-21,신중히 매수,삼성물산,028260,거래가 조용해져 다음 움직임을 준비하는 모습입니다.,60.0%,1.1%,304000.0
2026-04-21,신중히 매수,롯데이노베이트,286940,RSI 반전 신호(상승 가능성),50.0%,-0.8%,22400.0
2026-04-21,신중히 매수,KG케미칼,001390,최근 급등 뒤 숨고르기 구간에 진입했습니다.,100.0%,7.1%,5680.0
2026-04-21,신중히 매수,이수화학,005950,거래량 급증,63.6%,7.4%,9250.0
2026-04-21,신중히 매수,한올바이오파마,009420,거래가 조용해져 다음 움직임을 준비하는 모습입니다.,66.7%,-0.0%,48950.0
2026-04-21,신중히 매수,신도리코,029530,"거래가 조용해져 다음 움직임을 준비하는 모습입니다., 거래가 조용해지며 다음 변동성을 준비하는 구간입니다.",50.0%,-2.6%,51500.0
2026-04-21,신중히 매수,대성산업,128820,거래가 조용해지며 다음 변동성을 준비하는 구간입니다.,53.3%,-0.3%,7050.0
2026-04-21,추가 확인 후 매수,STX엔진,077970,거래량 급증,42.9%,3.8%,50500.0
2026-04-21,추가 확인 후 매수,동부건설,005960,"최근 급등 뒤 숨고르기 구간에 진입했습니다., 거래가 조용해지며 다음 변동성을 준비하는 구간입니다.",46.7%,0.5%,9080.0
2026-04-21,추가 확인 후 매수,조비,001550,거래가 조용해지며 다음 변동성을 준비하는 구간입니다.,40.0%,-1.8%,15110.0
2026-04-21,추가 확인 후 매수,CAT,CAT,최근 급등 뒤 숨고르기 구간에 진입했습니다.,42.9%,2.1%,809.2000122070312
2026-04-21,추가 확인 후 매수,한국금융지주,071050,최근 급등 뒤 숨고르기 구간에 진입했습니다.,40.0%,1.3%,262000.0
2026-04-21,추가 확인 후 매수,두산우,000155,최근 급등 뒤 숨고르기 구간에 진입했습니다.,42.9%,-0.5%,568000.0
2026-04-21,추가 확인 후 매수,에코프로머티,450080,거래가 조용해지며 다음 변동성을 준비하는 구간입니다.,40.0%,-3.0%,83200.0
2026-04-21,추가 확인 후 매수,DSR,155660,최근 급등 뒤 숨고르기 구간에 진입했습니다.,44.4%,0.7%,4490.0
2026-04-21,추가 확인 후 매수,포스코인터내셔널,047050,거래가 조용해져 다음 움직임을 준비하는 모습입니다.,44.4%,-1.0%,77500.0
2026-04-21,추가 확인 후 매수,KPX홀딩스,092230,최근 급등 뒤 숨고르기 구간에 진입했습니다.,44.4%,0.9%,86000.0
2026-04-21,추가 확인 후 매수,인지컨트롤스,023800,최근 급등 뒤 숨고르기 구간에 진입했습니다.,40.0%,1.7%,7780.0
2026-04-21,추가 확인 후 매수,LG유플러스,032640,최근 급등 뒤 숨고르기 구간에 진입했습니다.,40.0%,0.8%,17410.0
2026-04-21,추가 확인 후 매수,국제약품,002720,거래가 조용해져 다음 움직임을 준비하는 모습입니다.,40.0%,-2.6%,4815.0
2026-04-21,추가 확인 후 매수,고려아연,010130,최근 급등 뒤 숨고르기 구간에 진입했습니다.,41.7%,-2.8%,1670000.0
2026-04-21,추가 확인 후 매수,한국앤컴퍼니,000240,"거래가 조용해져 다음 움직임을 준비하는 모습입니다., 최근 급등 뒤 숨고르기 구간에 진입했습니다.",100.0%,1.0%,24900.0
2026-04-21,추가 확인 후 매수,세아홀딩스,058650,거래가 조용해지며 다음 변동성을 준비하는 구간입니다.,46.2%,-3.0%,156100.0
2026-04-21,지금 매수,HD현대에너지솔루션,322000,"거래가 조용해져 다음 움직임을 준비하는 모습입니다., 거래가 조용해지며 다음 변동성을 준비하는 구간입니다., 과매도 반등 신호",66.7%,18.8%,170000.0
2026-04-21,신중히 매수,삼성전기우,009155,거래량 급증,100.0%,20.6%,314000.0
2026-04-21,신중히 매수,DL이앤씨,375500,최근 급등 뒤 숨고르기 구간에 진입했습니다.,100.0%,7.6%,100600.0
2026-04-21,신중히 매수,수산세보틱스,017550,거래량 급증,71.4%,8.3%,3490.0
2026-04-21,신중히 매수,LIG디펜스앤에어로스페이스,079550,거래가 조용해져 다음 움직임을 준비하는 모습입니다.,60.0%,8.7%,909000.0
2026-04-21,신중히 매수,DL이앤씨2우(전환),37550L,최근 급등 뒤 숨고르기 구간에 진입했습니다.,80.0%,8.0%,60000.0
2026-04-21,신중히 매수,솔루스첨단소재,336370,거래량 급증,100.0%,18.3%,13880.0
2026-04-21,신중히 매수,태영건설우,009415,거래량 급증,50.0%,4.6%,12280.0
2026-04-21,신중히 매수,삼성SDI,006400,거래량 급증,100.0%,16.1%,645000.0
2026-04-21,신중히 매수,엘앤에프,066970,거래가 조용해져 다음 움직임을 준비하는 모습입니다.,50.0%,3.1%,196400.0
2026-04-21,신중히 매수,삼성E&amp;A,028050,"거래가 조용해져 다음 움직임을 준비하는 모습입니다., 최근 급등 뒤 숨고르기 구간에 진입했습니다.",50.0%,4.0%,51700.0
2026-04-21,신중히 매수,삼영,003720,거래량 급증,90.0%,19.4%,10330.0
2026-04-21,신중히 매수,우진플라임,049800,거래량 급증,63.6%,8.7%,3240.0
2026-04-21,신중히 매수,무림P&amp;P,009580,거래량 급증,77.8%,11.1%,3750.0
2026-04-21,신중히 매수,현대건설,000720,최근 급등 뒤 숨고르기 구간에 진입했습니다.,57.1%,6.4%,174900.0
2026-04-21,신중히 매수,코오롱인더,120110,거래가 조용해지며 다음 변동성을 준비하는 구간입니다.,75.0%,3.4%,87700.0
2026-04-21,신중히 매수,삼성SDI우,006405,거래량 급증,100.0%,16.4%,307000.0
2026-04-21,신중히 매수,GS글로벌,001250,"거래가 조용해져 다음 움직임을 준비하는 모습입니다., 최근 급등 뒤 숨고르기 구간에 진입했습니다.",83.3%,5.7%,3370.0
2026-04-21,신중히 매수,DL이앤씨우,37550K,"거래가 조용해져 다음 움직임을 준비하는 모습입니다., 최근 급등 뒤 숨고르기 구간에 진입했습니다.",50.0%,-1.8%,32950.0
2026-04-21,신중히 매수,태양금속,004100,최근 급등 뒤 숨고르기 구간에 진입했습니다.,90.0%,11.0%,3540.0
2026-04-21,신중히 매수,혜인,003010,거래량 급증,100.0%,10.7%,7530.0
2026-04-21,신중히 매수,HD건설기계,267270,거래가 조용해져 다음 움직임을 준비하는 모습입니다.,50.0%,2.9%,176200.0
2026-04-21,신중히 매수,진도,088790,거래가 조용해져 다음 움직임을 준비하는 모습입니다.,60.0%,-1.7%,2715.0
2026-04-21,신중히 매수,DSR제강,069730,최근 급등 뒤 숨고르기 구간에 진입했습니다.,62.5%,4.6%,5450.0
2026-04-21,신중히 매수,대덕전자1우,35320K,거래량 급증,72.7%,9.2%,22850.0
2026-04-21,신중히 매수,태광산업,003240,최근 급등 뒤 숨고르기 구간에 진입했습니다.,90.0%,6.3%,1237000.0
2026-04-21,신중히 매수,삼화페인트,000390,"거래가 조용해져 다음 움직임을 준비하는 모습입니다., 거래가 조용해지며 다음 변동성을 준비하는 구간입니다.",57.1%,-1.7%,9540.0
2026-04-21,신중히 매수,태양금속우,004105,최근 급등 뒤 숨고르기 구간에 진입했습니다.,90.0%,13.2%,4420.0
2026-04-21,신중히 매수,파미셀,005690,RSI 반전 신호(상승 가능성),66.7%,8.1%,18240.0
2026-04-21,신중히 매수,KSS해운,044450,최근 급등 뒤 숨고르기 구간에 진입했습니다.,80.0%,7.5%,12430.0
2026-04-21,신중히 매수,비상교육,100220,"최근 급등 뒤 숨고르기 구간에 진입했습니다., 거래량 급증",100.0%,11.8%,6560.0
2026-04-21,신중히 매수,금호건설,002990,최근 급등 뒤 숨고르기 구간에 진입했습니다.,66.7%,2.0%,5370.0
2026-04-21,신중히 매수,현대리바트,079430,거래량 급증,100.0%,10.1%,8100.0
2026-04-21,신중히 매수,코스모신소재,005070,거래량 급증,100.0%,12.2%,64500.0
2026-04-21,신중히 매수,한국금융지주우,071055,최근 급등 뒤 숨고르기 구간에 진입했습니다.,100.0%,4.3%,175900.0
2026-04-21,신중히 매수,신세계인터내셔날,031430,거래량 급증,91.7%,11.0%,14510.0
2026-04-21,신중히 매수,305720,305720,거래량 급증,100.0%,13.6%,21160.0
2026-04-21,신중히 매수,세아제강,306200,최근 급등 뒤 숨고르기 구간에 진입했습니다.,75.0%,-0.3%,147500.0
2026-04-21,신중히 매수,LG에너지솔루션,373220,거래량 급증,100.0%,11.7%,478000.0
2026-04-21,신중히 매수,한국주강,025890,거래가 조용해져 다음 움직임을 준비하는 모습입니다.,85.7%,8.1%,2145.0
2026-04-21,신중히 매수,한솔테크닉스,004710,최근 급등 뒤 숨고르기 구간에 진입했습니다.,100.0%,3.9%,7440.0
2026-04-21,신중히 매수,두산퓨얼셀,336260,최근 급등 뒤 숨고르기 구간에 진입했습니다.,71.4%,10.4%,43350.0
2026-04-21,신중히 매수,솔루스첨단소재1우,33637K,거래량 급증,100.0%,10.7%,2465.0
2026-04-21,신중히 매수,현대건설우,000725,최근 급등 뒤 숨고르기 구간에 진입했습니다.,50.0%,0.9%,77000.0
2026-04-21,신중히 매수,POSCO홀딩스,005490,거래량 급증,100.0%,13.1%,421500.0
2026-04-21,신중히 매수,유진투자증권,001200,"거래가 조용해져 다음 움직임을 준비하는 모습입니다., 최근 급등 뒤 숨고르기 구간에 진입했습니다.",60.0%,-0.5%,5060.0
2026-04-21,신중히 매수,이월드,084680,최근 급등 뒤 숨고르기 구간에 진입했습니다.,50.0%,1.1%,1907.0
2026-04-21,신중히 매수,남광토건,001260,최근 급등 뒤 숨고르기 구간에 진입했습니다.,71.4%,8.4%,9930.0
2026-04-21,신중히 매수,HD현대일렉트릭,267260,최근 급등 뒤 숨고르기 구간에 진입했습니다.,66.7%,10.5%,1058000.0
2026-04-21,신중히 매수,신세계 I&amp;C,035510,거래가 조용해지며 다음 변동성을 준비하는 구간입니다.,76.9%,2.4%,20000.0
2026-04-21,신중히 매수,도화엔지니어링,002150,최근 급등 뒤 숨고르기 구간에 진입했습니다.,66.7%,4.7%,7160.0
2026-04-21,신중히 매수,텔코웨어,078000,"최근 급등 뒤 숨고르기 구간에 진입했습니다., 거래가 조용해지며 다음 변동성을 준비하는 구간입니다.",60.0%,-2.3%,17220.0
2026-04-21,신중히 매수,한솔로지스틱스,009180,최근 급등 뒤 숨고르기 구간에 진입했습니다.,77.8%,5.7%,3150.0
2026-04-21,신중히 매수,다스코,058730,"최근 급등 뒤 숨고르기 구간에 진입했습니다., 거래가 조용해지며 다음 변동성을 준비하는 구간입니다.",58.3%,-0.8%,3855.0
2026-04-21,신중히 매수,DB,012030,거래량 급증,100.0%,16.7%,2010.0
2026-04-21,신중히 매수,자이에스앤디,317400,거래량 급증,62.5%,6.5%,4850.0
2026-04-21,신중히 매수,계양전기우,012205,"거래가 조용해져 다음 움직임을 준비하는 모습입니다., 최근 급등 뒤 숨고르기 구간에 진입했습니다.",57.1%,8.1%,8130.0
2026-04-21,신중히 매수,유니온머티리얼,047400,최근 급등 뒤 숨고르기 구간에 진입했습니다.,88.9%,3.2%,1719.0
2026-04-21,신중히 매수,전진건설로봇,079900,최근 급등 뒤 숨고르기 구간에 진입했습니다.,50.0%,3.6%,68800.0
2026-04-21,신중히 매수,한국항공우주,047810,거래가 조용해지며 다음 변동성을 준비하는 구간입니다.,60.0%,0.4%,182500.0
2026-04-21,신중히 매수,HS화성,002460,최근 급등 뒤 숨고르기 구간에 진입했습니다.,100.0%,6.3%,13120.0
2026-04-21,신중히 매수,롯데케미칼,011170,"최근 급등 뒤 숨고르기 구간에 진입했습니다., 거래가 조용해지며 다음 변동성을 준비하는 구간입니다.",71.4%,8.7%,89900.0
2026-04-21,신중히 매수,한화에어로스페이스,012450,거래가 조용해져 다음 움직임을 준비하는 모습입니다.,60.0%,1.0%,1391000.0
2026-04-21,신중히 매수,이수스페셜티케미컬,457190,거래량 급증,91.7%,18.6%,127000.0
2026-04-21,신중히 매수,한화엔진,082740,거래량 급증,90.9%,18.7%,60600.0
2026-04-21,신중히 매수,삼성물산우B,02826K,거래가 조용해져 다음 움직임을 준비하는 모습입니다.,57.1%,-0.6%,193800.0
2026-04-21,신중히 매수,일성건설,013360,최근 급등 뒤 숨고르기 구간에 진입했습니다.,57.1%,0.9%,2065.0
2026-04-21,신중히 매수,삼성물산,028260,거래가 조용해져 다음 움직임을 준비하는 모습입니다.,60.0%,1.1%,304000.0
2026-04-21,신중히 매수,롯데이노베이트,286940,RSI 반전 신호(상승 가능성),50.0%,-0.8%,22400.0
2026-04-21,신중히 매수,KG케미칼,001390,최근 급등 뒤 숨고르기 구간에 진입했습니다.,100.0%,7.1%,5680.0
2026-04-21,신중히 매수,이수화학,005950,거래량 급증,63.6%,7.4%,9250.0
2026-04-21,신중히 매수,한올바이오파마,009420,거래가 조용해져 다음 움직임을 준비하는 모습입니다.,66.7%,-0.0%,48950.0
2026-04-21,신중히 매수,신도리코,029530,"거래가 조용해져 다음 움직임을 준비하는 모습입니다., 거래가 조용해지며 다음 변동성을 준비하는 구간입니다.",50.0%,-2.6%,51500.0
2026-04-21,신중히 매수,대성산업,128820,거래가 조용해지며 다음 변동성을 준비하는 구간입니다.,53.3%,-0.3%,7050.0
2026-04-21,추가 확인 후 매수,STX엔진,077970,거래량 급증,42.9%,3.8%,50500.0
2026-04-21,추가 확인 후 매수,동부건설,005960,"최근 급등 뒤 숨고르기 구간에 진입했습니다., 거래가 조용해지며 다음 변동성을 준비하는 구간입니다.",46.7%,0.5%,9080.0
2026-04-21,추가 확인 후 매수,조비,001550,거래가 조용해지며 다음 변동성을 준비하는 구간입니다.,40.0%,-1.8%,15110.0
2026-04-21,추가 확인 후 매수,한국금융지주,071050,최근 급등 뒤 숨고르기 구간에 진입했습니다.,40.0%,1.3%,262000.0
2026-04-21,추가 확인 후 매수,두산우,000155,최근 급등 뒤 숨고르기 구간에 진입했습니다.,42.9%,-0.5%,568000.0
2026-04-21,추가 확인 후 매수,에코프로머티,450080,거래가 조용해지며 다음 변동성을 준비하는 구간입니다.,40.0%,-3.0%,83200.0
2026-04-21,추가 확인 후 매수,DSR,155660,최근 급등 뒤 숨고르기 구간에 진입했습니다.,44.4%,0.7%,4490.0
2026-04-21,추가 확인 후 매수,포스코인터내셔널,047050,거래가 조용해져 다음 움직임을 준비하는 모습입니다.,44.4%,-1.0%,77500.0
2026-04-21,추가 확인 후 매수,KPX홀딩스,092230,최근 급등 뒤 숨고르기 구간에 진입했습니다.,44.4%,0.9%,86000.0
2026-04-21,추가 확인 후 매수,인지컨트롤스,023800,최근 급등 뒤 숨고르기 구간에 진입했습니다.,40.0%,1.7%,7780.0
2026-04-21,추가 확인 후 매수,LG유플러스,032640,최근 급등 뒤 숨고르기 구간에 진입했습니다.,40.0%,0.8%,17410.0
2026-04-21,추가 확인 후 매수,국제약품,002720,거래가 조용해져 다음 움직임을 준비하는 모습입니다.,40.0%,-2.6%,4815.0
2026-04-21,추가 확인 후 매수,고려아연,010130,최근 급등 뒤 숨고르기 구간에 진입했습니다.,41.7%,-2.8%,1670000.0
2026-04-21,추가 확인 후 매수,한국앤컴퍼니,000240,"거래가 조용해져 다음 움직임을 준비하는 모습입니다., 최근 급등 뒤 숨고르기 구간에 진입했습니다.",100.0%,1.0%,24900.0
2026-04-21,추가 확인 후 매수,세아홀딩스,058650,거래가 조용해지며 다음 변동성을 준비하는 구간입니다.,46.2%,-3.0%,156100.0
2026-04-22,지금 매수,코오롱인더,120110,"거래가 조용해져 다음 움직임을 준비하는 모습입니다., 최근 급등 뒤 숨고르기 구간에 진입했습니다., 거래가 조용해지며 다음 변동성을 준비하는 구간입니다.",60.0%,1.3%,88400.0
2026-04-22,지금 매수,파미셀,005690,"RSI 반전 신호(상승 가능성), 최근 급등 뒤 숨고르기 구간에 진입했습니다.",66.7%,7.9%,17770.0
2026-04-22,신중히 매수,HD현대에너지솔루션,322000,"거래가 조용해져 다음 움직임을 준비하는 모습입니다., 거래가 조용해지며 다음 변동성을 준비하는 구간입니다.",50.0%,12.0%,182400.0
2026-04-22,신중히 매수,DL이앤씨,375500,거래가 조용해져 다음 움직임을 준비하는 모습입니다.,50.0%,0.3%,98000.0
2026-04-22,신중히 매수,GS건설,006360,최근 급등 뒤 숨고르기 구간에 진입했습니다.,100.0%,18.9%,41700.0
2026-04-22,신중히 매수,가온전선,000500,거래량 급증,100.0%,21.1%,180000.0
2026-04-22,신중히 매수,신성이엔지,011930,최근 급등 뒤 숨고르기 구간에 진입했습니다.,50.0%,6.8%,4130.0
2026-04-22,신중히 매수,애경케미칼,161000,거래량 급증,66.7%,8.6%,19100.0
2026-04-22,신중히 매수,DL이앤씨2우(전환),37550L,거래가 조용해져 다음 움직임을 준비하는 모습입니다.,60.0%,2.8%,58600.0
2026-04-22,신중히 매수,대원전선,006340,최근 급등 뒤 숨고르기 구간에 진입했습니다.,75.0%,6.0%,6440.0
2026-04-22,신중히 매수,태영건설우,009415,거래량 급증,50.0%,4.6%,12000.0
2026-04-22,신중히 매수,솔루스첨단소재,336370,거래량 급증,100.0%,18.3%,13500.0
2026-04-22,신중히 매수,GS글로벌,001250,거래량 급증,66.7%,2.5%,3950.0
2026-04-22,신중히 매수,OCI,456040,거래량 급증,100.0%,5.5%,121400.0
2026-04-22,신중히 매수,삼성SDI우,006405,거래량 급증,100.0%,15.6%,320000.0
2026-04-22,신중히 매수,현대건설,000720,거래가 조용해져 다음 움직임을 준비하는 모습입니다.,50.0%,4.7%,168800.0
2026-04-22,신중히 매수,동국홀딩스,001230,"거래가 조용해져 다음 움직임을 준비하는 모습입니다., 최근 급등 뒤 숨고르기 구간에 진입했습니다.",71.4%,0.6%,11140.0
2026-04-22,신중히 매수,조일알미늄,018470,"거래량 급증, 과매도 반등 신호",50.0%,1.8%,1874.0
2026-04-22,신중히 매수,미래에셋증권,006800,최근 급등 뒤 숨고르기 구간에 진입했습니다.,80.0%,1.3%,69100.0
2026-04-22,신중히 매수,두산퓨얼셀,336260,거래량 급증,71.4%,10.4%,48250.0
2026-04-22,신중히 매수,DSR제강,069730,최근 급등 뒤 숨고르기 구간에 진입했습니다.,57.1%,3.6%,5450.0
2026-04-22,신중히 매수,진도,088790,거래가 조용해져 다음 움직임을 준비하는 모습입니다.,53.3%,-2.3%,2675.0
2026-04-22,신중히 매수,이수페타시스,007660,거래량 급증,66.7%,5.3%,161400.0
2026-04-22,신중히 매수,혜인,003010,거래량 급증,90.9%,9.1%,7450.0
2026-04-22,신중히 매수,NHN,181710,최근 급등 뒤 숨고르기 구간에 진입했습니다.,50.0%,-0.5%,42150.0
2026-04-22,신중히 매수,코스맥스비티아이,044820,최근 급등 뒤 숨고르기 구간에 진입했습니다.,50.0%,0.0%,17540.0
2026-04-22,신중히 매수,한화비전,489790,거래가 조용해지며 다음 변동성을 준비하는 구간입니다.,83.3%,4.5%,82200.0
2026-04-22,신중히 매수,우성,006980,"거래가 조용해져 다음 움직임을 준비하는 모습입니다., 최근 급등 뒤 숨고르기 구간에 진입했습니다.",57.1%,3.3%,23200.0
2026-04-22,신중히 매수,현대제철,004020,"거래가 조용해져 다음 움직임을 준비하는 모습입니다., 최근 급등 뒤 숨고르기 구간에 진입했습니다.",75.0%,5.6%,40100.0
2026-04-22,신중히 매수,한솔테크닉스,004710,최근 급등 뒤 숨고르기 구간에 진입했습니다.,100.0%,3.9%,7320.0
2026-04-22,신중히 매수,대한전선,001440,최근 급등 뒤 숨고르기 구간에 진입했습니다.,50.0%,4.9%,41050.0
2026-04-22,신중히 매수,삼화페인트,000390,"거래가 조용해져 다음 움직임을 준비하는 모습입니다., 거래가 조용해지며 다음 변동성을 준비하는 구간입니다.",50.0%,-2.5%,9400.0
2026-04-22,신중히 매수,비상교육,100220,최근 급등 뒤 숨고르기 구간에 진입했습니다.,100.0%,11.8%,6600.0
2026-04-22,신중히 매수,남해화학,025860,최근 급등 뒤 숨고르기 구간에 진입했습니다.,54.5%,4.1%,8890.0
2026-04-22,신중히 매수,자화전자,033240,거래량 급증,66.7%,10.6%,46250.0
2026-04-22,신중히 매수,한전기술,052690,최근 급등 뒤 숨고르기 구간에 진입했습니다.,80.0%,2.1%,180400.0
2026-04-22,신중히 매수,휴니드,005870,거래량 급증,50.0%,0.2%,10480.0
2026-04-22,신중히 매수,유진투자증권,001200,"거래가 조용해져 다음 움직임을 준비하는 모습입니다., 최근 급등 뒤 숨고르기 구간에 진입했습니다.",50.0%,-1.4%,5080.0
2026-04-22,신중히 매수,세아제강,306200,"거래가 조용해져 다음 움직임을 준비하는 모습입니다., 최근 급등 뒤 숨고르기 구간에 진입했습니다.",75.0%,-0.3%,148500.0
2026-04-22,신중히 매수,롯데손해보험,000400,"거래가 조용해져 다음 움직임을 준비하는 모습입니다., 최근 급등 뒤 숨고르기 구간에 진입했습니다.",50.0%,-2.6%,2110.0
2026-04-22,신중히 매수,롯데케미칼,011170,"최근 급등 뒤 숨고르기 구간에 진입했습니다., 거래가 조용해지며 다음 변동성을 준비하는 구간입니다.",57.1%,5.7%,91000.0
2026-04-22,신중히 매수,한국금융지주우,071055,최근 급등 뒤 숨고르기 구간에 진입했습니다.,100.0%,3.9%,174900.0
2026-04-22,신중히 매수,금호건설,002990,거래가 조용해져 다음 움직임을 준비하는 모습입니다.,62.5%,1.6%,5290.0
2026-04-22,신중히 매수,한화엔진,082740,거래량 급증,100.0%,20.9%,67500.0
2026-04-22,신중히 매수,한국주강,025890,최근 급등 뒤 숨고르기 구간에 진입했습니다.,75.0%,6.2%,2155.0
2026-04-22,신중히 매수,BGF,027410,거래가 조용해져 다음 움직임을 준비하는 모습입니다.,66.7%,-0.6%,4920.0
2026-04-22,신중히 매수,두산밥캣,241560,거래가 조용해져 다음 움직임을 준비하는 모습입니다.,80.0%,11.7%,72900.0
2026-04-22,신중히 매수,현대건설우,000725,거래가 조용해져 다음 움직임을 준비하는 모습입니다.,50.0%,0.9%,75600.0
2026-04-22,신중히 매수,한화에어로스페이스,012450,거래가 조용해져 다음 움직임을 준비하는 모습입니다.,50.0%,-1.9%,1416000.0
2026-04-22,신중히 매수,일진홀딩스,015860,최근 급등 뒤 숨고르기 구간에 진입했습니다.,63.6%,8.1%,8660.0
2026-04-22,신중히 매수,신세계 I&amp;C,035510,"거래가 조용해져 다음 움직임을 준비하는 모습입니다., 거래가 조용해지며 다음 변동성을 준비하는 구간입니다.",71.4%,1.7%,19860.0
2026-04-22,신중히 매수,인팩,023810,거래량 급증,100.0%,3.4%,9370.0
2026-04-22,신중히 매수,텔코웨어,078000,거래가 조용해지며 다음 변동성을 준비하는 구간입니다.,53.3%,-2.7%,17100.0
2026-04-22,신중히 매수,고려제강,002240,최근 급등 뒤 숨고르기 구간에 진입했습니다.,84.6%,8.6%,23950.0
2026-04-22,신중히 매수,한화,000880,최근 급등 뒤 숨고르기 구간에 진입했습니다.,100.0%,6.2%,128100.0
2026-04-22,신중히 매수,다스코,058730,"거래가 조용해져 다음 움직임을 준비하는 모습입니다., 거래가 조용해지며 다음 변동성을 준비하는 구간입니다.",50.0%,-1.9%,3770.0
2026-04-22,신중히 매수,신일전자,002700,최근 급등 뒤 숨고르기 구간에 진입했습니다.,100.0%,5.9%,1456.0
2026-04-22,신중히 매수,도화엔지니어링,002150,거래가 조용해져 다음 움직임을 준비하는 모습입니다.,57.1%,3.0%,7060.0
2026-04-22,신중히 매수,KG모빌리티,003620,최근 급등 뒤 숨고르기 구간에 진입했습니다.,100.0%,7.5%,4080.0
2026-04-22,신중히 매수,에스원,012750,거래가 조용해져 다음 움직임을 준비하는 모습입니다.,57.1%,0.3%,88000.0
2026-04-22,신중히 매수,국도화학,007690,최근 급등 뒤 숨고르기 구간에 진입했습니다.,75.0%,7.6%,39550.0
2026-04-22,신중히 매수,현대엘리베이터,017800,최근 급등 뒤 숨고르기 구간에 진입했습니다.,90.0%,7.0%,98000.0
2026-04-22,신중히 매수,한농화성,011500,거래량 급증,69.2%,12.5%,25850.0
2026-04-22,신중히 매수,KG케미칼,001390,"거래가 조용해져 다음 움직임을 준비하는 모습입니다., 최근 급등 뒤 숨고르기 구간에 진입했습니다.",100.0%,6.3%,5810.0
2026-04-22,신중히 매수,삼성물산,028260,거래가 조용해져 다음 움직임을 준비하는 모습입니다.,50.0%,0.1%,301000.0
2026-04-22,신중히 매수,한올바이오파마,009420,거래가 조용해져 다음 움직임을 준비하는 모습입니다.,57.1%,-1.0%,48250.0
2026-04-22,신중히 매수,방림,003610,거래가 조용해지며 다음 변동성을 준비하는 구간입니다.,60.0%,-1.4%,5270.0
2026-04-22,신중히 매수,두산로보틱스,454910,최근 급등 뒤 숨고르기 구간에 진입했습니다.,50.0%,-0.7%,92900.0
2026-04-22,추가 확인 후 매수,LIG디펜스앤에어로스페이스,079550,거래량 급증,40.0%,2.0%,1020000.0
2026-04-22,추가 확인 후 매수,엘앤에프,066970,거래가 조용해져 다음 움직임을 준비하는 모습입니다.,40.0%,1.1%,194700.0
2026-04-22,추가 확인 후 매수,조비,001550,거래가 조용해지며 다음 변동성을 준비하는 구간입니다.,40.0%,-1.8%,15140.0
2026-04-22,추가 확인 후 매수,동부건설,005960,거래가 조용해져 다음 움직임을 준비하는 모습입니다.,40.0%,-0.7%,9130.0
2026-04-22,추가 확인 후 매수,계룡건설,013580,최근 급등 뒤 숨고르기 구간에 진입했습니다.,40.0%,-0.4%,29000.0
2026-04-22,추가 확인 후 매수,하이스틸,071090,최근 급등 뒤 숨고르기 구간에 진입했습니다.,40.0%,-4.0%,4575.0
2026-04-22,추가 확인 후 매수,명신산업,009900,거래량 급증,41.7%,2.8%,11470.0
2026-04-22,추가 확인 후 매수,GOOGL,GOOGL,최근 급등 뒤 숨고르기 구간에 진입했습니다.,40.0%,3.2%,332.2900085449219
2026-04-22,추가 확인 후 매수,GOOG,GOOG,최근 급등 뒤 숨고르기 구간에 진입했습니다.,40.0%,3.0%,330.4700012207031
2026-04-22,추가 확인 후 매수,한국항공우주,047810,거래가 조용해지며 다음 변동성을 준비하는 구간입니다.,40.0%,-3.6%,185800.0
2026-04-22,추가 확인 후 매수,계양전기우,012205,거래가 조용해져 다음 움직임을 준비하는 모습입니다.,42.9%,3.1%,7750.0
2026-04-22,추가 확인 후 매수,에어부산,298690,최근 급등 뒤 숨고르기 구간에 진입했습니다.,40.0%,-1.6%,2085.0
2026-04-22,추가 확인 후 매수,전진건설로봇,079900,"거래가 조용해져 다음 움직임을 준비하는 모습입니다., 최근 급등 뒤 숨고르기 구간에 진입했습니다.",40.0%,2.8%,67700.0
2026-04-22,추가 확인 후 매수,인지컨트롤스,023800,최근 급등 뒤 숨고르기 구간에 진입했습니다.,40.0%,1.7%,7760.0
2026-04-22,추가 확인 후 매수,대한유화,006650,"거래가 조용해져 다음 움직임을 준비하는 모습입니다., 최근 급등 뒤 숨고르기 구간에 진입했습니다.",42.9%,-0.8%,156000.0
2026-04-22,추가 확인 후 매수,삼성물산우B,02826K,"거래가 조용해져 다음 움직임을 준비하는 모습입니다., 최근 급등 뒤 숨고르기 구간에 진입했습니다.",42.9%,-2.6%,195000.0
2026-04-22,추가 확인 후 매수,티에이치엔,019180,"거래가 조용해져 다음 움직임을 준비하는 모습입니다., 거래가 조용해지며 다음 변동성을 준비하는 구간입니다.",41.7%,-3.2%,7430.0
2026-04-22,추가 확인 후 매수,신도리코,029530,"거래가 조용해져 다음 움직임을 준비하는 모습입니다., 거래가 조용해지며 다음 변동성을 준비하는 구간입니다.",40.0%,-3.3%,51800.0
2026-04-22,추가 확인 후 매수,대성산업,128820,거래가 조용해지며 다음 변동성을 준비하는 구간입니다.,46.7%,-1.2%,6940.0
2026-04-22,지금 매수,코오롱인더,120110,"거래가 조용해져 다음 움직임을 준비하는 모습입니다., 최근 급등 뒤 숨고르기 구간에 진입했습니다., 거래가 조용해지며 다음 변동성을 준비하는 구간입니다.",60.0%,1.3%,88400.0
2026-04-22,지금 매수,파미셀,005690,"RSI 반전 신호(상승 가능성), 최근 급등 뒤 숨고르기 구간에 진입했습니다.",66.7%,7.9%,17770.0
2026-04-22,신중히 매수,HD현대에너지솔루션,322000,"거래가 조용해져 다음 움직임을 준비하는 모습입니다., 거래가 조용해지며 다음 변동성을 준비하는 구간입니다.",50.0%,12.0%,182400.0
2026-04-22,신중히 매수,DL이앤씨,375500,거래가 조용해져 다음 움직임을 준비하는 모습입니다.,50.0%,0.3%,98000.0
2026-04-22,신중히 매수,GS건설,006360,최근 급등 뒤 숨고르기 구간에 진입했습니다.,100.0%,18.9%,41700.0
2026-04-22,신중히 매수,가온전선,000500,거래량 급증,100.0%,21.1%,180000.0
2026-04-22,신중히 매수,신성이엔지,011930,최근 급등 뒤 숨고르기 구간에 진입했습니다.,50.0%,6.8%,4130.0
2026-04-22,신중히 매수,애경케미칼,161000,거래량 급증,66.7%,8.6%,19100.0
2026-04-22,신중히 매수,DL이앤씨2우(전환),37550L,거래가 조용해져 다음 움직임을 준비하는 모습입니다.,60.0%,2.8%,58600.0
2026-04-22,신중히 매수,대원전선,006340,최근 급등 뒤 숨고르기 구간에 진입했습니다.,75.0%,6.0%,6440.0
2026-04-22,신중히 매수,태영건설우,009415,거래량 급증,50.0%,4.6%,12000.0
2026-04-22,신중히 매수,솔루스첨단소재,336370,거래량 급증,100.0%,18.3%,13500.0
2026-04-22,신중히 매수,GS글로벌,001250,거래량 급증,66.7%,2.5%,3950.0
2026-04-22,신중히 매수,OCI,456040,거래량 급증,100.0%,5.5%,121400.0
2026-04-22,신중히 매수,삼성SDI우,006405,거래량 급증,100.0%,15.6%,320000.0
2026-04-22,신중히 매수,현대건설,000720,거래가 조용해져 다음 움직임을 준비하는 모습입니다.,50.0%,4.7%,168800.0
2026-04-22,신중히 매수,동국홀딩스,001230,"거래가 조용해져 다음 움직임을 준비하는 모습입니다., 최근 급등 뒤 숨고르기 구간에 진입했습니다.",71.4%,0.6%,11140.0
2026-04-22,신중히 매수,조일알미늄,018470,"거래량 급증, 과매도 반등 신호",50.0%,1.8%,1874.0
2026-04-22,신중히 매수,미래에셋증권,006800,최근 급등 뒤 숨고르기 구간에 진입했습니다.,80.0%,1.3%,69100.0
2026-04-22,신중히 매수,두산퓨얼셀,336260,거래량 급증,71.4%,10.4%,48250.0
2026-04-22,신중히 매수,DSR제강,069730,최근 급등 뒤 숨고르기 구간에 진입했습니다.,57.1%,3.6%,5450.0
2026-04-22,신중히 매수,진도,088790,거래가 조용해져 다음 움직임을 준비하는 모습입니다.,53.3%,-2.3%,2675.0
2026-04-22,신중히 매수,이수페타시스,007660,거래량 급증,66.7%,5.3%,161400.0
2026-04-22,신중히 매수,혜인,003010,거래량 급증,90.9%,9.1%,7450.0
2026-04-22,신중히 매수,NHN,181710,최근 급등 뒤 숨고르기 구간에 진입했습니다.,50.0%,-0.5%,42150.0
2026-04-22,신중히 매수,코스맥스비티아이,044820,최근 급등 뒤 숨고르기 구간에 진입했습니다.,50.0%,0.0%,17540.0
2026-04-22,신중히 매수,한화비전,489790,거래가 조용해지며 다음 변동성을 준비하는 구간입니다.,83.3%,4.5%,82200.0
2026-04-22,신중히 매수,우성,006980,"거래가 조용해져 다음 움직임을 준비하는 모습입니다., 최근 급등 뒤 숨고르기 구간에 진입했습니다.",57.1%,3.3%,23200.0
2026-04-22,신중히 매수,현대제철,004020,"거래가 조용해져 다음 움직임을 준비하는 모습입니다., 최근 급등 뒤 숨고르기 구간에 진입했습니다.",75.0%,5.6%,40100.0
2026-04-22,신중히 매수,한솔테크닉스,004710,최근 급등 뒤 숨고르기 구간에 진입했습니다.,100.0%,3.9%,7320.0
2026-04-22,신중히 매수,대한전선,001440,최근 급등 뒤 숨고르기 구간에 진입했습니다.,50.0%,4.9%,41050.0
2026-04-22,신중히 매수,삼화페인트,000390,"거래가 조용해져 다음 움직임을 준비하는 모습입니다., 거래가 조용해지며 다음 변동성을 준비하는 구간입니다.",50.0%,-2.5%,9400.0
2026-04-22,신중히 매수,비상교육,100220,최근 급등 뒤 숨고르기 구간에 진입했습니다.,100.0%,11.8%,6600.0
2026-04-22,신중히 매수,남해화학,025860,최근 급등 뒤 숨고르기 구간에 진입했습니다.,54.5%,4.1%,8890.0
2026-04-22,신중히 매수,자화전자,033240,거래량 급증,66.7%,10.6%,46250.0
2026-04-22,신중히 매수,한전기술,052690,최근 급등 뒤 숨고르기 구간에 진입했습니다.,80.0%,2.1%,180400.0
2026-04-22,신중히 매수,305720,305720,거래량 급증,100.0%,13.4%,21405.0
2026-04-22,신중히 매수,휴니드,005870,거래량 급증,50.0%,0.2%,10480.0
2026-04-22,신중히 매수,유진투자증권,001200,"거래가 조용해져 다음 움직임을 준비하는 모습입니다., 최근 급등 뒤 숨고르기 구간에 진입했습니다.",50.0%,-1.4%,5080.0
2026-04-22,신중히 매수,세아제강,306200,"거래가 조용해져 다음 움직임을 준비하는 모습입니다., 최근 급등 뒤 숨고르기 구간에 진입했습니다.",75.0%,-0.3%,148500.0
2026-04-22,신중히 매수,롯데손해보험,000400,"거래가 조용해져 다음 움직임을 준비하는 모습입니다., 최근 급등 뒤 숨고르기 구간에 진입했습니다.",50.0%,-2.6%,2110.0
2026-04-22,신중히 매수,롯데케미칼,011170,"최근 급등 뒤 숨고르기 구간에 진입했습니다., 거래가 조용해지며 다음 변동성을 준비하는 구간입니다.",57.1%,5.7%,91000.0
2026-04-22,신중히 매수,한국금융지주우,071055,최근 급등 뒤 숨고르기 구간에 진입했습니다.,100.0%,3.9%,174900.0
2026-04-22,신중히 매수,금호건설,002990,거래가 조용해져 다음 움직임을 준비하는 모습입니다.,62.5%,1.6%,5290.0
2026-04-22,신중히 매수,한화엔진,082740,거래량 급증,100.0%,20.9%,67500.0
2026-04-22,신중히 매수,한국주강,025890,최근 급등 뒤 숨고르기 구간에 진입했습니다.,75.0%,6.2%,2155.0
2026-04-22,신중히 매수,BGF,027410,거래가 조용해져 다음 움직임을 준비하는 모습입니다.,66.7%,-0.6%,4920.0
2026-04-22,신중히 매수,두산밥캣,241560,거래가 조용해져 다음 움직임을 준비하는 모습입니다.,80.0%,11.7%,72900.0
2026-04-22,신중히 매수,현대건설우,000725,거래가 조용해져 다음 움직임을 준비하는 모습입니다.,50.0%,0.9%,75600.0
2026-04-22,신중히 매수,한화에어로스페이스,012450,거래가 조용해져 다음 움직임을 준비하는 모습입니다.,50.0%,-1.9%,1416000.0
2026-04-22,신중히 매수,일진홀딩스,015860,최근 급등 뒤 숨고르기 구간에 진입했습니다.,63.6%,8.1%,8660.0
2026-04-22,신중히 매수,신세계 I&amp;C,035510,"거래가 조용해져 다음 움직임을 준비하는 모습입니다., 거래가 조용해지며 다음 변동성을 준비하는 구간입니다.",71.4%,1.7%,19860.0
2026-04-22,신중히 매수,인팩,023810,거래량 급증,100.0%,3.4%,9370.0
2026-04-22,신중히 매수,텔코웨어,078000,거래가 조용해지며 다음 변동성을 준비하는 구간입니다.,53.3%,-2.7%,17100.0
2026-04-22,신중히 매수,고려제강,002240,최근 급등 뒤 숨고르기 구간에 진입했습니다.,84.6%,8.6%,23950.0
2026-04-22,신중히 매수,한화,000880,최근 급등 뒤 숨고르기 구간에 진입했습니다.,100.0%,6.2%,128100.0
2026-04-22,신중히 매수,다스코,058730,"거래가 조용해져 다음 움직임을 준비하는 모습입니다., 거래가 조용해지며 다음 변동성을 준비하는 구간입니다.",50.0%,-1.9%,3770.0
2026-04-22,신중히 매수,신일전자,002700,최근 급등 뒤 숨고르기 구간에 진입했습니다.,100.0%,5.9%,1456.0
2026-04-22,신중히 매수,도화엔지니어링,002150,거래가 조용해져 다음 움직임을 준비하는 모습입니다.,57.1%,3.0%,7060.0
2026-04-22,신중히 매수,KG모빌리티,003620,최근 급등 뒤 숨고르기 구간에 진입했습니다.,100.0%,7.5%,4080.0
2026-04-22,신중히 매수,에스원,012750,거래가 조용해져 다음 움직임을 준비하는 모습입니다.,57.1%,0.3%,88000.0
2026-04-22,신중히 매수,국도화학,007690,최근 급등 뒤 숨고르기 구간에 진입했습니다.,75.0%,7.6%,39550.0
2026-04-22,신중히 매수,현대엘리베이터,017800,최근 급등 뒤 숨고르기 구간에 진입했습니다.,90.0%,7.0%,98000.0
2026-04-22,신중히 매수,한농화성,011500,거래량 급증,69.2%,12.5%,25850.0
2026-04-22,신중히 매수,KG케미칼,001390,"거래가 조용해져 다음 움직임을 준비하는 모습입니다., 최근 급등 뒤 숨고르기 구간에 진입했습니다.",100.0%,6.3%,5810.0
2026-04-22,신중히 매수,삼성물산,028260,거래가 조용해져 다음 움직임을 준비하는 모습입니다.,50.0%,0.1%,301000.0
2026-04-22,신중히 매수,한올바이오파마,009420,거래가 조용해져 다음 움직임을 준비하는 모습입니다.,57.1%,-1.0%,48250.0
2026-04-22,신중히 매수,방림,003610,거래가 조용해지며 다음 변동성을 준비하는 구간입니다.,60.0%,-1.4%,5270.0
2026-04-22,신중히 매수,두산로보틱스,454910,최근 급등 뒤 숨고르기 구간에 진입했습니다.,50.0%,-0.7%,92900.0
2026-04-22,추가 확인 후 매수,LIG디펜스앤에어로스페이스,079550,거래량 급증,40.0%,2.0%,1020000.0
2026-04-22,추가 확인 후 매수,엘앤에프,066970,거래가 조용해져 다음 움직임을 준비하는 모습입니다.,40.0%,1.1%,194700.0
2026-04-22,추가 확인 후 매수,조비,001550,거래가 조용해지며 다음 변동성을 준비하는 구간입니다.,40.0%,-1.8%,15140.0
2026-04-22,추가 확인 후 매수,동부건설,005960,거래가 조용해져 다음 움직임을 준비하는 모습입니다.,40.0%,-0.7%,9130.0
2026-04-22,추가 확인 후 매수,CAT,CAT,거래가 조용해져 다음 움직임을 준비하는 모습입니다.,40.0%,1.5%,808.8699951171875
2026-04-22,추가 확인 후 매수,계룡건설,013580,최근 급등 뒤 숨고르기 구간에 진입했습니다.,40.0%,-0.4%,29000.0
2026-04-22,추가 확인 후 매수,하이스틸,071090,최근 급등 뒤 숨고르기 구간에 진입했습니다.,40.0%,-4.0%,4575.0
2026-04-22,추가 확인 후 매수,명신산업,009900,거래량 급증,41.7%,2.8%,11470.0
2026-04-22,추가 확인 후 매수,GOOGL,GOOGL,"거래가 조용해져 다음 움직임을 준비하는 모습입니다., 최근 급등 뒤 숨고르기 구간에 진입했습니다.",40.0%,3.2%,339.32000732421875
2026-04-22,추가 확인 후 매수,GOOG,GOOG,"거래가 조용해져 다음 움직임을 준비하는 모습입니다., 최근 급등 뒤 숨고르기 구간에 진입했습니다.",40.0%,3.0%,337.7300109863281
2026-04-22,추가 확인 후 매수,한국항공우주,047810,거래가 조용해지며 다음 변동성을 준비하는 구간입니다.,40.0%,-3.6%,185800.0
2026-04-22,추가 확인 후 매수,계양전기우,012205,거래가 조용해져 다음 움직임을 준비하는 모습입니다.,42.9%,3.1%,7750.0
2026-04-22,추가 확인 후 매수,에어부산,298690,최근 급등 뒤 숨고르기 구간에 진입했습니다.,40.0%,-1.6%,2085.0
2026-04-22,추가 확인 후 매수,전진건설로봇,079900,"거래가 조용해져 다음 움직임을 준비하는 모습입니다., 최근 급등 뒤 숨고르기 구간에 진입했습니다.",40.0%,2.8%,67700.0
2026-04-22,추가 확인 후 매수,인지컨트롤스,023800,최근 급등 뒤 숨고르기 구간에 진입했습니다.,40.0%,1.7%,7760.0
2026-04-22,추가 확인 후 매수,대한유화,006650,"거래가 조용해져 다음 움직임을 준비하는 모습입니다., 최근 급등 뒤 숨고르기 구간에 진입했습니다.",42.9%,-0.8%,156000.0
2026-04-22,추가 확인 후 매수,삼성물산우B,02826K,"거래가 조용해져 다음 움직임을 준비하는 모습입니다., 최근 급등 뒤 숨고르기 구간에 진입했습니다.",42.9%,-2.6%,195000.0
2026-04-22,추가 확인 후 매수,티에이치엔,019180,"거래가 조용해져 다음 움직임을 준비하는 모습입니다., 거래가 조용해지며 다음 변동성을 준비하는 구간입니다.",41.7%,-3.2%,7430.0
2026-04-22,추가 확인 후 매수,신도리코,029530,"거래가 조용해져 다음 움직임을 준비하는 모습입니다., 거래가 조용해지며 다음 변동성을 준비하는 구간입니다.",40.0%,-3.3%,51800.0
2026-04-22,추가 확인 후 매수,대성산업,128820,거래가 조용해지며 다음 변동성을 준비하는 구간입니다.,46.7%,-1.2%,6940.0
2026-04-23,지금 매수,대원전선,006340,"거래량 급증, 52주 신고가 돌파(모멘텀)",66.7%,4.6%,8140.0
2026-04-23,지금 매수,OCI,456040,"거래량 급증, 52주 신고가 돌파(모멘텀)",100.0%,5.5%,137200.0
2026-04-23,신중히 매수,가온전선,000500,거래량 급증,100.0%,21.0%,208500.0
2026-04-23,신중히 매수,DL이앤씨,375500,"거래가 조용해져 다음 움직임을 준비하는 모습입니다., 최근 급등 뒤 숨고르기 구간에 진입했습니다.",50.0%,4.8%,97600.0
2026-04-23,신중히 매수,솔루스첨단소재,336370,거래량 급증,90.9%,15.6%,15500.0
2026-04-23,신중히 매수,수산세보틱스,017550,거래가 조용해져 다음 움직임을 준비하는 모습입니다.,70.0%,7.0%,3440.0
2026-04-23,신중히 매수,LS ELECTRIC,010120,거래량 급증,60.0%,9.4%,217000.0
2026-04-23,신중히 매수,미래아이앤지,007120,"최근 급등 뒤 숨고르기 구간에 진입했습니다., 거래가 조용해지며 다음 변동성을 준비하는 구간입니다.",60.0%,0.3%,2005.0
2026-04-23,신중히 매수,DL이앤씨2우(전환),37550L,"거래가 조용해져 다음 움직임을 준비하는 모습입니다., 최근 급등 뒤 숨고르기 구간에 진입했습니다.",50.0%,1.1%,58500.0
2026-04-23,신중히 매수,LS,006260,52주 신고가 돌파(모멘텀),80.0%,13.2%,374000.0
2026-04-23,신중히 매수,코리아써키트,007810,최근 급등 뒤 숨고르기 구간에 진입했습니다.,100.0%,12.0%,91200.0
2026-04-23,신중히 매수,엘앤에프,066970,거래가 조용해져 다음 움직임을 준비하는 모습입니다.,57.1%,2.5%,189100.0
2026-04-23,신중히 매수,코오롱인더,120110,"거래가 조용해져 다음 움직임을 준비하는 모습입니다., 거래가 조용해지며 다음 변동성을 준비하는 구간입니다., 52주 신고가 돌파(모멘텀)",50.0%,-0.1%,89300.0
2026-04-23,신중히 매수,LS에코에너지,229640,거래량 급증,91.7%,16.9%,62800.0
2026-04-23,신중히 매수,대원전선우,006345,거래량 급증,80.0%,8.0%,5330.0
2026-04-23,신중히 매수,동국홀딩스,001230,거래가 조용해져 다음 움직임을 준비하는 모습입니다.,71.4%,0.6%,11400.0
2026-04-23,신중히 매수,삼영,003720,거래량 급증,80.0%,14.4%,10620.0
2026-04-23,신중히 매수,삼성SDI우,006405,거래량 급증,85.7%,12.0%,302500.0
2026-04-23,신중히 매수,현대지에프홀딩스,005440,최근 급등 뒤 숨고르기 구간에 진입했습니다.,58.3%,2.4%,14660.0
2026-04-23,신중히 매수,넥스틸,092790,거래가 조용해져 다음 움직임을 준비하는 모습입니다.,60.0%,8.9%,15510.0
2026-04-23,신중히 매수,현대홈쇼핑,057050,최근 급등 뒤 숨고르기 구간에 진입했습니다.,72.7%,4.5%,84100.0
2026-04-23,신중히 매수,SK텔레콤,017670,거래가 조용해져 다음 움직임을 준비하는 모습입니다.,60.0%,4.7%,98800.0
2026-04-23,신중히 매수,CAT,CAT,거래가 조용해져 다음 움직임을 준비하는 모습입니다.,62.5%,6.4%,835.239990234375
2026-04-23,신중히 매수,삼성생명,032830,최근 급등 뒤 숨고르기 구간에 진입했습니다.,100.0%,3.9%,255500.0
2026-04-23,신중히 매수,두산에너빌리티,034020,"거래량 급증, 52주 신고가 돌파(모멘텀)",57.1%,6.4%,122600.0
2026-04-23,신중히 매수,롯데에너지머티리얼즈,020150,52주 신고가 돌파(모멘텀),77.8%,9.4%,63400.0
2026-04-23,신중히 매수,현대제철,004020,거래가 조용해져 다음 움직임을 준비하는 모습입니다.,71.4%,5.0%,41250.0
2026-04-23,신중히 매수,DB하이텍,000990,52주 신고가 돌파(모멘텀),80.0%,7.4%,137400.0
2026-04-23,신중히 매수,NHN,181710,최근 급등 뒤 숨고르기 구간에 진입했습니다.,66.7%,2.1%,41300.0
2026-04-23,신중히 매수,솔루스첨단소재1우,33637K,거래량 급증,90.9%,8.8%,2655.0
2026-04-23,신중히 매수,명신산업,009900,거래량 급증,72.7%,10.2%,12000.0
2026-04-23,신중히 매수,SNT에너지,100840,최근 급등 뒤 숨고르기 구간에 진입했습니다.,60.0%,1.6%,54300.0
2026-04-23,신중히 매수,일진홀딩스,015860,거래량 급증,81.8%,12.6%,9150.0
2026-04-23,신중히 매수,금호건설,002990,거래가 조용해져 다음 움직임을 준비하는 모습입니다.,55.6%,0.6%,5480.0
2026-04-23,신중히 매수,우성,006980,거래가 조용해져 다음 움직임을 준비하는 모습입니다.,50.0%,1.4%,22700.0
2026-04-23,신중히 매수,LF,093050,"거래가 조용해져 다음 움직임을 준비하는 모습입니다., 거래가 조용해지며 다음 변동성을 준비하는 구간입니다.",60.0%,-1.2%,25300.0
2026-04-23,신중히 매수,NC,036570,최근 급등 뒤 숨고르기 구간에 진입했습니다.,66.7%,8.2%,271000.0
2026-04-23,신중히 매수,WISCOM,024070,"거래량 급증, 52주 신고가 돌파(모멘텀)",76.9%,5.9%,2270.0
2026-04-23,신중히 매수,305720,305720,거래량 급증,85.7%,10.3%,20565.0
2026-04-23,신중히 매수,유진투자증권,001200,"거래가 조용해져 다음 움직임을 준비하는 모습입니다., 최근 급등 뒤 숨고르기 구간에 진입했습니다.",50.0%,-2.3%,5100.0
2026-04-23,신중히 매수,두산밥캣,241560,거래가 조용해져 다음 움직임을 준비하는 모습입니다.,80.0%,11.7%,73800.0
2026-04-23,신중히 매수,삼성중공업,010140,"거래량 급증, 52주 신고가 돌파(모멘텀)",85.7%,11.7%,34000.0
2026-04-23,신중히 매수,S-Oil,010950,거래가 조용해져 다음 움직임을 준비하는 모습입니다.,75.0%,-0.4%,120800.0
2026-04-23,신중히 매수,솔루엠,248070,최근 급등 뒤 숨고르기 구간에 진입했습니다.,100.0%,12.9%,19840.0
2026-04-23,신중히 매수,해성디에스,195870,"거래량 급증, 52주 신고가 돌파(모멘텀)",71.4%,13.2%,76100.0
2026-04-23,신중히 매수,한국금융지주우,071055,최근 급등 뒤 숨고르기 구간에 진입했습니다.,66.7%,0.2%,176000.0
2026-04-23,신중히 매수,BGF,027410,거래가 조용해져 다음 움직임을 준비하는 모습입니다.,50.0%,-3.0%,5000.0
2026-04-23,신중히 매수,한국전자홀딩스,006200,거래가 조용해지며 다음 변동성을 준비하는 구간입니다.,77.8%,0.1%,823.0
2026-04-23,신중히 매수,KCC,002380,최근 급등 뒤 숨고르기 구간에 진입했습니다.,50.0%,-0.1%,561000.0
2026-04-23,신중히 매수,한화비전,489790,"최근 급등 뒤 숨고르기 구간에 진입했습니다., 거래가 조용해지며 다음 변동성을 준비하는 구간입니다.",76.9%,3.6%,79900.0
2026-04-23,신중히 매수,서원,021050,"최근 급등 뒤 숨고르기 구간에 진입했습니다., 거래량 급증",83.3%,8.5%,1477.0
2026-04-23,신중히 매수,유니드,014830,"거래량 급증, 52주 신고가 돌파(모멘텀)",80.0%,9.0%,95600.0
2026-04-23,신중히 매수,에스엘,005850,최근 급등 뒤 숨고르기 구간에 진입했습니다.,55.6%,1.8%,61400.0
2026-04-23,신중히 매수,세아제강,306200,"거래가 조용해져 다음 움직임을 준비하는 모습입니다., 최근 급등 뒤 숨고르기 구간에 진입했습니다.",60.0%,-1.6%,145300.0
2026-04-23,신중히 매수,LG디스플레이,034220,거래량 급증,100.0%,16.9%,13250.0
2026-04-23,신중히 매수,와이투솔루션,011690,거래량 급증,54.5%,12.1%,7600.0
2026-04-23,신중히 매수,오리온,271560,"거래량 급증, 52주 신고가 돌파(모멘텀)",53.8%,3.0%,145500.0
2026-04-23,신중히 매수,신세계 I&amp;C,035510,"거래가 조용해져 다음 움직임을 준비하는 모습입니다., 거래가 조용해지며 다음 변동성을 준비하는 구간입니다.",66.7%,1.1%,19990.0
2026-04-23,신중히 매수,유니온머티리얼,047400,최근 급등 뒤 숨고르기 구간에 진입했습니다.,75.0%,1.6%,1754.0
2026-04-23,신중히 매수,오리온홀딩스,001800,최근 급등 뒤 숨고르기 구간에 진입했습니다.,50.0%,-1.3%,24950.0
2026-04-23,신중히 매수,이리츠코크렙,088260,거래량 급증,90.9%,5.0%,5200.0
2026-04-23,신중히 매수,TP,007980,최근 급등 뒤 숨고르기 구간에 진입했습니다.,66.7%,4.7%,2140.0
2026-04-23,신중히 매수,국도화학,007690,최근 급등 뒤 숨고르기 구간에 진입했습니다.,66.7%,5.2%,40750.0
2026-04-23,신중히 매수,대한유화,006650,"거래가 조용해져 다음 움직임을 준비하는 모습입니다., 최근 급등 뒤 숨고르기 구간에 진입했습니다.",50.0%,0.3%,155400.0
2026-04-23,신중히 매수,동원수산,030720,최근 급등 뒤 숨고르기 구간에 진입했습니다.,50.0%,-1.0%,6330.0
2026-04-23,신중히 매수,코람코라이프인프라리츠,357120,52주 신고가 돌파(모멘텀),50.0%,1.3%,4845.0
2026-04-23,신중히 매수,신일전자,002700,최근 급등 뒤 숨고르기 구간에 진입했습니다.,80.0%,3.9%,1462.0
2026-04-23,신중히 매수,삼성제약,001360,거래량 급증,55.6%,-1.1%,2090.0
2026-04-23,신중히 매수,동일고무벨트,163560,최근 급등 뒤 숨고르기 구간에 진입했습니다.,50.0%,1.1%,7600.0
2026-04-23,신중히 매수,한올바이오파마,009420,거래가 조용해져 다음 움직임을 준비하는 모습입니다.,50.0%,-1.8%,50400.0
2026-04-23,신중히 매수,금호건설우,002995,거래가 조용해져 다음 움직임을 준비하는 모습입니다.,50.0%,1.6%,15530.0
2026-04-23,신중히 매수,인팩,023810,거래량 급증,100.0%,4.5%,8620.0
2026-04-23,신중히 매수,에스원,012750,거래가 조용해져 다음 움직임을 준비하는 모습입니다.,66.7%,0.4%,88100.0
2026-04-23,신중히 매수,KG케미칼,001390,거래가 조용해져 다음 움직임을 준비하는 모습입니다.,75.0%,3.0%,5830.0
2026-04-23,신중히 매수,일성건설,013360,거래가 조용해져 다음 움직임을 준비하는 모습입니다.,50.0%,-0.9%,2005.0
2026-04-23,신중히 매수,경동인베스트,012320,거래량 급증,100.0%,2.0%,64800.0
2026-04-23,추가 확인 후 매수,현대건설,000720,거래가 조용해져 다음 움직임을 준비하는 모습입니다.,44.4%,3.4%,175400.0
2026-04-23,추가 확인 후 매수,대한전선,001440,거래량 급증,44.4%,5.7%,40850.0
2026-04-23,추가 확인 후 매수,삼화페인트,000390,거래가 조용해지며 다음 변동성을 준비하는 구간입니다.,42.9%,-3.0%,9450.0
2026-04-23,추가 확인 후 매수,롯데케미칼,011170,"거래가 조용해져 다음 움직임을 준비하는 모습입니다., 거래가 조용해지며 다음 변동성을 준비하는 구간입니다.",42.9%,3.1%,94100.0
2026-04-23,추가 확인 후 매수,계룡건설,013580,최근 급등 뒤 숨고르기 구간에 진입했습니다.,44.4%,-0.3%,28850.0
2026-04-23,추가 확인 후 매수,GOOGL,GOOGL,"거래가 조용해져 다음 움직임을 준비하는 모습입니다., 최근 급등 뒤 숨고르기 구간에 진입했습니다.",40.0%,3.2%,338.8900146484375
2026-04-23,추가 확인 후 매수,하이스틸,071090,"거래가 조용해져 다음 움직임을 준비하는 모습입니다., 최근 급등 뒤 숨고르기 구간에 진입했습니다.",42.9%,-3.7%,4465.0
2026-04-23,추가 확인 후 매수,NH투자증권우,005945,최근 급등 뒤 숨고르기 구간에 진입했습니다.,40.0%,1.2%,27550.0
2026-04-23,추가 확인 후 매수,한화에어로스페이스,012450,"거래가 조용해져 다음 움직임을 준비하는 모습입니다., 과매도 반등 신호",40.0%,-3.5%,1425000.0
2026-04-23,추가 확인 후 매수,알루코,001780,"거래가 조용해져 다음 움직임을 준비하는 모습입니다., 과매도 반등 신호",40.0%,-1.7%,2515.0
2026-04-23,추가 확인 후 매수,텔코웨어,078000,거래가 조용해지며 다음 변동성을 준비하는 구간입니다.,46.7%,-3.3%,17050.0
2026-04-23,추가 확인 후 매수,다스코,058730,"거래가 조용해져 다음 움직임을 준비하는 모습입니다., 거래가 조용해지며 다음 변동성을 준비하는 구간입니다.",41.7%,-2.9%,3690.0
2026-04-23,추가 확인 후 매수,도화엔지니어링,002150,거래가 조용해져 다음 움직임을 준비하는 모습입니다.,40.0%,-0.0%,6960.0
2026-04-23,추가 확인 후 매수,두산로보틱스,454910,거래가 조용해져 다음 움직임을 준비하는 모습입니다.,40.0%,-2.1%,92100.0
2026-04-23,추가 확인 후 매수,대성산업,128820,거래가 조용해지며 다음 변동성을 준비하는 구간입니다.,46.7%,-1.5%,6940.0
2026-04-24,신중히 매수,OCI홀딩스,010060,거래량 급증,100.0%,17.7%,384000.0
2026-04-24,신중히 매수,대원전선,006340,거래량 급증,87.5%,9.6%,9020.0
2026-04-24,신중히 매수,GS건설,006360,거래가 조용해져 다음 움직임을 준비하는 모습입니다.,83.3%,14.6%,40750.0
2026-04-24,신중히 매수,미래에셋생명,085620,"최근 급등 뒤 숨고르기 구간에 진입했습니다., 거래가 조용해지며 다음 변동성을 준비하는 구간입니다.",53.3%,-0.4%,17220.0
2026-04-24,신중히 매수,삼화콘덴서,001820,최근 급등 뒤 숨고르기 구간에 진입했습니다.,66.7%,3.1%,63600.0
2026-04-24,신중히 매수,수산세보틱스,017550,거래가 조용해져 다음 움직임을 준비하는 모습입니다.,71.4%,8.6%,3360.0
2026-04-24,신중히 매수,미래아이앤지,007120,거래가 조용해지며 다음 변동성을 준비하는 구간입니다.,60.0%,0.3%,2060.0
2026-04-24,신중히 매수,OCI,456040,거래량 급증,91.7%,4.6%,145500.0
2026-04-24,신중히 매수,엘앤에프,066970,거래가 조용해져 다음 움직임을 준비하는 모습입니다.,50.0%,-0.7%,198500.0
2026-04-24,신중히 매수,한화갤러리아,452260,거래량 급증,91.7%,18.5%,3340.0
2026-04-24,신중히 매수,대원전선우,006345,거래량 급증,80.0%,8.0%,5730.0
2026-04-24,신중히 매수,넥스틸,092790,"거래가 조용해져 다음 움직임을 준비하는 모습입니다., 최근 급등 뒤 숨고르기 구간에 진입했습니다.",60.0%,8.9%,15860.0
2026-04-24,신중히 매수,DSR제강,069730,거래가 조용해져 다음 움직임을 준비하는 모습입니다.,57.1%,0.9%,5660.0
2026-04-24,신중히 매수,동국제강,460860,거래량 급증,50.0%,4.2%,11810.0
2026-04-24,신중히 매수,HD현대마린엔진,071970,거래량 급증,100.0%,17.5%,114600.0
2026-04-24,신중히 매수,CAT,CAT,거래가 조용해져 다음 움직임을 준비하는 모습입니다.,46.7%,3.0%,835.239990234375
2026-04-24,신중히 매수,SK텔레콤,017670,"거래가 조용해져 다음 움직임을 준비하는 모습입니다., 최근 급등 뒤 숨고르기 구간에 진입했습니다.",50.0%,2.7%,100000.0
2026-04-24,신중히 매수,현대제철,004020,"거래가 조용해져 다음 움직임을 준비하는 모습입니다., 거래량 급증",57.1%,2.9%,42500.0
2026-04-24,신중히 매수,대한해운,005880,최근 급등 뒤 숨고르기 구간에 진입했습니다.,66.7%,14.7%,2765.0
2026-04-24,신중히 매수,태양금속우,004105,거래가 조용해져 다음 움직임을 준비하는 모습입니다.,66.7%,7.8%,4550.0
2026-04-24,신중히 매수,롯데정밀화학,004000,거래량 급증,88.9%,12.1%,61500.0
2026-04-24,신중히 매수,포스코스틸리온,058430,거래량 급증,81.8%,5.8%,5410.0
2026-04-24,신중히 매수,KSS해운,044450,거래가 조용해져 다음 움직임을 준비하는 모습입니다.,100.0%,5.2%,12950.0
2026-04-24,신중히 매수,SNT에너지,100840,과매도 반등 신호,50.0%,0.0%,57600.0
2026-04-24,신중히 매수,WISCOM,024070,거래량 급증,100.0%,9.9%,2335.0
2026-04-24,신중히 매수,수산인더스트리,126720,거래량 급증,61.5%,3.3%,33800.0
2026-04-24,신중히 매수,대덕1우,00806K,거래가 조용해지며 다음 변동성을 준비하는 구간입니다.,50.0%,3.2%,11590.0
2026-04-24,신중히 매수,DB,012030,거래량 급증,83.3%,12.1%,2110.0
2026-04-24,신중히 매수,호텔신라,008770,거래량 급증,100.0%,11.7%,62300.0
2026-04-24,신중히 매수,LF,093050,"거래가 조용해져 다음 움직임을 준비하는 모습입니다., 거래가 조용해지며 다음 변동성을 준비하는 구간입니다.",54.5%,-1.8%,25600.0
2026-04-24,신중히 매수,두산밥캣,241560,거래가 조용해져 다음 움직임을 준비하는 모습입니다.,80.0%,11.4%,76000.0
2026-04-24,신중히 매수,GOOGL,GOOGL,"거래가 조용해져 다음 움직임을 준비하는 모습입니다., 최근 급등 뒤 숨고르기 구간에 진입했습니다.",50.0%,5.6%,338.8900146484375
2026-04-24,신중히 매수,한진중공업홀딩스,003480,거래량 급증,100.0%,11.3%,6020.0
2026-04-24,신중히 매수,GOOG,GOOG,"거래가 조용해져 다음 움직임을 준비하는 모습입니다., 최근 급등 뒤 숨고르기 구간에 진입했습니다.",50.0%,5.3%,337.75
2026-04-24,신중히 매수,유진투자증권,001200,거래가 조용해져 다음 움직임을 준비하는 모습입니다.,50.0%,-2.3%,5130.0
2026-04-24,신중히 매수,한국전자홀딩스,006200,거래가 조용해지며 다음 변동성을 준비하는 구간입니다.,70.0%,-0.6%,827.0
2026-04-24,신중히 매수,한화비전,489790,거래가 조용해지며 다음 변동성을 준비하는 구간입니다.,76.9%,3.6%,81800.0
2026-04-24,신중히 매수,미래산업,025560,거래량 급증,100.0%,17.1%,16670.0
2026-04-24,신중히 매수,S-Oil,010950,거래가 조용해져 다음 움직임을 준비하는 모습입니다.,71.4%,-0.5%,119400.0
2026-04-24,신중히 매수,세진중공업,075580,거래량 급증,66.7%,9.7%,21550.0
2026-04-24,신중히 매수,서원,021050,최근 급등 뒤 숨고르기 구간에 진입했습니다.,75.0%,7.5%,1453.0
2026-04-24,신중히 매수,신세계 I&amp;C,035510,"거래가 조용해져 다음 움직임을 준비하는 모습입니다., 거래가 조용해지며 다음 변동성을 준비하는 구간입니다.",66.7%,1.1%,20050.0
2026-04-24,신중히 매수,한국단자,025540,최근 급등 뒤 숨고르기 구간에 진입했습니다.,75.0%,7.2%,85400.0
2026-04-24,신중히 매수,에스엘,005850,최근 급등 뒤 숨고르기 구간에 진입했습니다.,62.5%,2.9%,60800.0
2026-04-24,신중히 매수,유니드,014830,거래량 급증,100.0%,12.8%,92900.0
2026-04-24,신중히 매수,한솔로지스틱스,009180,"거래가 조용해져 다음 움직임을 준비하는 모습입니다., 최근 급등 뒤 숨고르기 구간에 진입했습니다.",50.0%,1.2%,3200.0
2026-04-24,신중히 매수,LX홀딩스,383800,거래량 급증,80.0%,8.2%,9600.0
2026-04-24,신중히 매수,남광토건,001260,거래가 조용해져 다음 움직임을 준비하는 모습입니다.,57.1%,4.3%,9740.0
2026-04-24,신중히 매수,오리온홀딩스,001800,최근 급등 뒤 숨고르기 구간에 진입했습니다.,60.0%,-0.1%,24950.0
2026-04-24,신중히 매수,한화,000880,"거래가 조용해져 다음 움직임을 준비하는 모습입니다., 최근 급등 뒤 숨고르기 구간에 진입했습니다.",90.9%,4.5%,131100.0
2026-04-24,신중히 매수,벽산,007210,"거래가 조용해져 다음 움직임을 준비하는 모습입니다., 최근 급등 뒤 숨고르기 구간에 진입했습니다.",50.0%,-2.9%,2110.0
2026-04-24,신중히 매수,대한유화,006650,거래가 조용해져 다음 움직임을 준비하는 모습입니다.,50.0%,0.3%,159400.0
2026-04-24,신중히 매수,보령,003850,최근 급등 뒤 숨고르기 구간에 진입했습니다.,80.0%,0.9%,10170.0
2026-04-24,신중히 매수,신한알파리츠,293940,최근 급등 뒤 숨고르기 구간에 진입했습니다.,83.3%,4.3%,6210.0
2026-04-24,신중히 매수,신일전자,002700,최근 급등 뒤 숨고르기 구간에 진입했습니다.,87.5%,4.7%,1478.0
2026-04-24,신중히 매수,신송홀딩스,006880,최근 급등 뒤 숨고르기 구간에 진입했습니다.,66.7%,-1.7%,7150.0
2026-04-24,신중히 매수,KT,030200,거래가 조용해져 다음 움직임을 준비하는 모습입니다.,85.7%,1.1%,61700.0
2026-04-24,신중히 매수,한일철강,002220,거래량 급증,66.7%,10.2%,5400.0
2026-04-24,신중히 매수,삼성제약,001360,거래량 급증,62.5%,-1.1%,2175.0
2026-04-24,신중히 매수,키움증권,039490,최근 급등 뒤 숨고르기 구간에 진입했습니다.,66.7%,3.7%,449500.0
2026-04-24,신중히 매수,현대위아,011210,최근 급등 뒤 숨고르기 구간에 진입했습니다.,50.0%,-1.0%,82700.0
2026-04-24,신중히 매수,에스원,012750,거래가 조용해져 다음 움직임을 준비하는 모습입니다.,50.0%,-1.4%,87500.0
2026-04-24,신중히 매수,현대모비스,012330,최근 급등 뒤 숨고르기 구간에 진입했습니다.,81.8%,2.6%,422500.0
2026-04-24,신중히 매수,DYP,092780,최근 급등 뒤 숨고르기 구간에 진입했습니다.,66.7%,8.0%,5080.0
2026-04-24,신중히 매수,금호석유화학,011780,거래가 조용해져 다음 움직임을 준비하는 모습입니다.,57.1%,-1.5%,133400.0
2026-04-24,신중히 매수,성문전자,014910,최근 급등 뒤 숨고르기 구간에 진입했습니다.,66.7%,4.6%,1785.0
2026-04-24,신중히 매수,한화갤러리아우,45226K,거래량 급증,91.7%,25.3%,8480.0
2026-04-24,추가 확인 후 매수,DL이앤씨2우(전환),37550L,"거래가 조용해져 다음 움직임을 준비하는 모습입니다., 최근 급등 뒤 숨고르기 구간에 진입했습니다.",42.9%,-0.0%,59400.0
2026-04-24,추가 확인 후 매수,현대건설,000720,거래가 조용해져 다음 움직임을 준비하는 모습입니다.,44.4%,3.4%,173000.0
2026-04-24,추가 확인 후 매수,코오롱인더,120110,"거래가 조용해져 다음 움직임을 준비하는 모습입니다., 최근 급등 뒤 숨고르기 구간에 진입했습니다., 거래가 조용해지며 다음 변동성을 준비하는 구간입니다.",42.9%,-1.0%,87400.0
2026-04-24,추가 확인 후 매수,진도,088790,거래가 조용해지며 다음 변동성을 준비하는 구간입니다.,40.0%,-3.5%,2630.0
2026-04-24,추가 확인 후 매수,계양전기우,012205,거래가 조용해져 다음 움직임을 준비하는 모습입니다.,42.9%,0.3%,8930.0
2026-04-24,추가 확인 후 매수,세아제강,306200,거래가 조용해져 다음 움직임을 준비하는 모습입니다.,40.0%,-3.9%,154300.0
2026-04-24,추가 확인 후 매수,BGF,027410,거래가 조용해져 다음 움직임을 준비하는 모습입니다.,42.9%,-3.6%,5030.0
2026-04-24,추가 확인 후 매수,금호건설,002990,"거래가 조용해져 다음 움직임을 준비하는 모습입니다., 최근 급등 뒤 숨고르기 구간에 진입했습니다.",44.4%,-0.7%,5430.0
2026-04-24,추가 확인 후 매수,전진건설로봇,079900,거래가 조용해져 다음 움직임을 준비하는 모습입니다.,40.0%,2.4%,66800.0
2026-04-24,추가 확인 후 매수,현대건설우,000725,"거래가 조용해져 다음 움직임을 준비하는 모습입니다., 최근 급등 뒤 숨고르기 구간에 진입했습니다.",40.0%,-0.7%,76900.0
2026-04-24,추가 확인 후 매수,텔코웨어,078000,거래가 조용해지며 다음 변동성을 준비하는 구간입니다.,40.0%,-3.7%,17270.0
2026-04-24,추가 확인 후 매수,신세계푸드,031440,최근 급등 뒤 숨고르기 구간에 진입했습니다.,44.4%,0.5%,51500.0
2026-04-24,추가 확인 후 매수,금호건설우,002995,거래가 조용해져 다음 움직임을 준비하는 모습입니다.,44.4%,0.2%,15400.0
2026-04-24,추가 확인 후 매수,한올바이오파마,009420,거래가 조용해져 다음 움직임을 준비하는 모습입니다.,44.4%,-2.3%,51600.0
2026-04-24,추가 확인 후 매수,삼화페인트,000390,"최근 급등 뒤 숨고르기 구간에 진입했습니다., 거래가 조용해지며 다음 변동성을 준비하는 구간입니다.",42.9%,-3.0%,9450.0
2026-04-24,추가 확인 후 매수,일성건설,013360,거래가 조용해져 다음 움직임을 준비하는 모습입니다.,42.9%,-1.2%,1997.0
2026-04-24,추가 확인 후 매수,두산로보틱스,454910,"거래가 조용해져 다음 움직임을 준비하는 모습입니다., 최근 급등 뒤 숨고르기 구간에 진입했습니다.",40.0%,-2.1%,94100.0
2026-04-24,추가 확인 후 매수,대성산업,128820,"최근 급등 뒤 숨고르기 구간에 진입했습니다., 거래가 조용해지며 다음 변동성을 준비하는 구간입니다.",40.0%,-2.1%,7060.0
2026-04-26,신중히 매수,OCI홀딩스,010060,거래량 급증,100.0%,17.7%,384000.0
2026-04-26,신중히 매수,대원전선,006340,거래량 급증,87.5%,9.6%,9020.0
2026-04-26,신중히 매수,GS건설,006360,거래가 조용해져 다음 움직임을 준비하는 모습입니다.,75.0%,9.7%,40750.0
2026-04-26,신중히 매수,삼화콘덴서,001820,최근 급등 뒤 숨고르기 구간에 진입했습니다.,57.1%,0.3%,63600.0
2026-04-26,신중히 매수,수산세보틱스,017550,거래가 조용해져 다음 움직임을 준비하는 모습입니다.,60.0%,6.6%,3360.0
2026-04-26,신중히 매수,미래아이앤지,007120,거래가 조용해지며 다음 변동성을 준비하는 구간입니다.,69.2%,1.4%,2060.0
2026-04-26,신중히 매수,OCI,456040,거래량 급증,90.0%,5.3%,145500.0
2026-04-26,신중히 매수,한화갤러리아,452260,거래량 급증,100.0%,20.4%,3340.0
2026-04-26,신중히 매수,대원전선우,006345,거래량 급증,80.0%,8.0%,5730.0
2026-04-26,신중히 매수,넥스틸,092790,"거래가 조용해져 다음 움직임을 준비하는 모습입니다., 최근 급등 뒤 숨고르기 구간에 진입했습니다.",66.7%,10.4%,15860.0
2026-04-26,신중히 매수,동국제강,460860,거래량 급증,50.0%,4.2%,11810.0
2026-04-26,신중히 매수,HD현대마린엔진,071970,거래량 급증,100.0%,17.5%,114600.0
2026-04-26,신중히 매수,대한해운,005880,최근 급등 뒤 숨고르기 구간에 진입했습니다.,57.1%,11.2%,2765.0
2026-04-26,신중히 매수,태양금속우,004105,거래가 조용해져 다음 움직임을 준비하는 모습입니다.,57.1%,5.6%,4550.0
2026-04-26,신중히 매수,롯데정밀화학,004000,거래량 급증,87.5%,11.4%,61500.0
2026-04-26,신중히 매수,포스코스틸리온,058430,거래량 급증,88.9%,6.6%,5410.0
2026-04-26,신중히 매수,KSS해운,044450,거래가 조용해져 다음 움직임을 준비하는 모습입니다.,100.0%,4.2%,12950.0
2026-04-26,신중히 매수,SNT에너지,100840,과매도 반등 신호,50.0%,0.0%,57600.0
2026-04-26,신중히 매수,WISCOM,024070,거래량 급증,100.0%,10.0%,2335.0
2026-04-26,신중히 매수,수산인더스트리,126720,거래량 급증,61.5%,3.3%,33800.0
2026-04-26,신중히 매수,DB,012030,거래량 급증,81.8%,11.4%,2110.0
2026-04-26,신중히 매수,호텔신라,008770,거래량 급증,100.0%,11.7%,62300.0
2026-04-26,신중히 매수,GOOGL,GOOGL,"거래가 조용해져 다음 움직임을 준비하는 모습입니다., 최근 급등 뒤 숨고르기 구간에 진입했습니다.",50.0%,5.6%,344.3999938964844
2026-04-26,신중히 매수,LF,093050,"거래가 조용해져 다음 움직임을 준비하는 모습입니다., 거래가 조용해지며 다음 변동성을 준비하는 구간입니다.",54.5%,-1.8%,25600.0
2026-04-26,신중히 매수,GOOG,GOOG,"거래가 조용해져 다음 움직임을 준비하는 모습입니다., 최근 급등 뒤 숨고르기 구간에 진입했습니다.",50.0%,5.4%,342.32000732421875
2026-04-26,신중히 매수,두산밥캣,241560,거래가 조용해져 다음 움직임을 준비하는 모습입니다.,66.7%,7.8%,76000.0
2026-04-26,신중히 매수,한진중공업홀딩스,003480,거래량 급증,100.0%,11.3%,6020.0
2026-04-26,신중히 매수,한국전자홀딩스,006200,거래가 조용해지며 다음 변동성을 준비하는 구간입니다.,70.0%,-0.6%,827.0
2026-04-26,신중히 매수,한화비전,489790,거래가 조용해지며 다음 변동성을 준비하는 구간입니다.,75.0%,2.9%,81800.0
2026-04-26,신중히 매수,미래산업,025560,거래량 급증,100.0%,16.6%,16670.0
2026-04-26,신중히 매수,S-Oil,010950,거래가 조용해져 다음 움직임을 준비하는 모습입니다.,60.0%,-1.6%,119400.0
2026-04-26,신중히 매수,세진중공업,075580,거래량 급증,66.7%,9.7%,21550.0
2026-04-26,신중히 매수,서원,021050,최근 급등 뒤 숨고르기 구간에 진입했습니다.,75.0%,7.5%,1453.0
2026-04-26,신중히 매수,신세계 I&amp;C,035510,"거래가 조용해져 다음 움직임을 준비하는 모습입니다., 거래가 조용해지며 다음 변동성을 준비하는 구간입니다.",61.5%,0.3%,20050.0
2026-04-26,신중히 매수,ASML,ASML,"거래가 조용해져 다음 움직임을 준비하는 모습입니다., 최근 급등 뒤 숨고르기 구간에 진입했습니다.",50.0%,-0.2%,1457.699951171875
2026-04-26,신중히 매수,한국단자,025540,최근 급등 뒤 숨고르기 구간에 진입했습니다.,75.0%,7.2%,85400.0
2026-04-26,신중히 매수,에스엘,005850,최근 급등 뒤 숨고르기 구간에 진입했습니다.,62.5%,2.9%,60800.0
2026-04-26,신중히 매수,유니드,014830,거래량 급증,100.0%,12.3%,92900.0
2026-04-26,신중히 매수,LX홀딩스,383800,거래량 급증,80.0%,8.2%,9600.0
2026-04-26,신중히 매수,남광토건,001260,거래가 조용해져 다음 움직임을 준비하는 모습입니다.,50.0%,2.3%,9740.0
2026-04-26,신중히 매수,오리온홀딩스,001800,최근 급등 뒤 숨고르기 구간에 진입했습니다.,66.7%,0.8%,24950.0
2026-04-26,신중히 매수,한화,000880,"거래가 조용해져 다음 움직임을 준비하는 모습입니다., 최근 급등 뒤 숨고르기 구간에 진입했습니다.",88.9%,2.7%,131100.0
2026-04-26,신중히 매수,벽산,007210,"거래가 조용해져 다음 움직임을 준비하는 모습입니다., 최근 급등 뒤 숨고르기 구간에 진입했습니다.",50.0%,-2.9%,2110.0
2026-04-26,신중히 매수,보령,003850,최근 급등 뒤 숨고르기 구간에 진입했습니다.,75.0%,-0.6%,10170.0
2026-04-26,신중히 매수,신세계푸드,031440,최근 급등 뒤 숨고르기 구간에 진입했습니다.,50.0%,1.1%,51500.0
2026-04-26,신중히 매수,신한알파리츠,293940,최근 급등 뒤 숨고르기 구간에 진입했습니다.,75.0%,3.4%,6210.0
2026-04-26,신중히 매수,신일전자,002700,최근 급등 뒤 숨고르기 구간에 진입했습니다.,83.3%,4.2%,1478.0
2026-04-26,신중히 매수,신송홀딩스,006880,최근 급등 뒤 숨고르기 구간에 진입했습니다.,66.7%,-1.7%,7150.0
2026-04-26,신중히 매수,KT,030200,거래가 조용해져 다음 움직임을 준비하는 모습입니다.,80.0%,0.1%,61700.0
2026-04-26,신중히 매수,한일철강,002220,거래량 급증,100.0%,19.0%,5400.0
2026-04-26,신중히 매수,삼성제약,001360,거래량 급증,50.0%,-2.0%,2175.0
2026-04-26,신중히 매수,키움증권,039490,최근 급등 뒤 숨고르기 구간에 진입했습니다.,50.0%,-0.2%,449500.0
2026-04-26,신중히 매수,현대위아,011210,최근 급등 뒤 숨고르기 구간에 진입했습니다.,50.0%,-1.0%,82700.0
2026-04-26,신중히 매수,현대모비스,012330,최근 급등 뒤 숨고르기 구간에 진입했습니다.,77.8%,2.3%,422500.0
2026-04-26,신중히 매수,DYP,092780,최근 급등 뒤 숨고르기 구간에 진입했습니다.,100.0%,14.8%,5080.0
2026-04-26,신중히 매수,금호석유화학,011780,거래가 조용해져 다음 움직임을 준비하는 모습입니다.,57.1%,-1.5%,133400.0
2026-04-26,신중히 매수,성문전자,014910,최근 급등 뒤 숨고르기 구간에 진입했습니다.,50.0%,0.0%,1785.0
2026-04-26,신중히 매수,한화갤러리아우,45226K,거래량 급증,90.9%,24.5%,8480.0
2026-04-26,추가 확인 후 매수,미래에셋생명,085620,"최근 급등 뒤 숨고르기 구간에 진입했습니다., 거래가 조용해지며 다음 변동성을 준비하는 구간입니다.",46.2%,-0.7%,17220.0
2026-04-26,추가 확인 후 매수,엘앤에프,066970,거래가 조용해져 다음 움직임을 준비하는 모습입니다.,40.0%,-1.7%,198500.0
2026-04-26,추가 확인 후 매수,DSR제강,069730,거래가 조용해져 다음 움직임을 준비하는 모습입니다.,40.0%,-3.4%,5660.0
2026-04-26,추가 확인 후 매수,현대제철,004020,"거래가 조용해져 다음 움직임을 준비하는 모습입니다., 거래량 급증",40.0%,-0.4%,42500.0
2026-04-26,추가 확인 후 매수,진도,088790,거래가 조용해지며 다음 변동성을 준비하는 구간입니다.,46.2%,-2.9%,2630.0
2026-04-26,추가 확인 후 매수,CAT,CAT,거래가 조용해져 다음 움직임을 준비하는 모습입니다.,42.9%,2.1%,830.7899780273438
2026-04-26,추가 확인 후 매수,대덕1우,00806K,거래가 조용해지며 다음 변동성을 준비하는 구간입니다.,44.4%,1.8%,11590.0
2026-04-26,추가 확인 후 매수,계양전기우,012205,거래가 조용해져 다음 움직임을 준비하는 모습입니다.,40.0%,0.4%,8930.0
2026-04-26,추가 확인 후 매수,BGF,027410,거래가 조용해져 다음 움직임을 준비하는 모습입니다.,42.9%,-3.6%,5030.0
2026-04-26,추가 확인 후 매수,현대건설우,000725,"거래가 조용해져 다음 움직임을 준비하는 모습입니다., 최근 급등 뒤 숨고르기 구간에 진입했습니다.",40.0%,-0.7%,76900.0
2026-04-26,추가 확인 후 매수,대한유화,006650,거래가 조용해져 다음 움직임을 준비하는 모습입니다.,40.0%,-2.5%,159400.0
2026-04-26,추가 확인 후 매수,티에이치엔,019180,"거래가 조용해져 다음 움직임을 준비하는 모습입니다., 거래가 조용해지며 다음 변동성을 준비하는 구간입니다.",45.5%,-2.9%,7340.0
2026-04-27,지금 매수,SK증권우,001515,"거래가 조용해져 다음 움직임을 준비하는 모습입니다., 거래량 급증",50.0%,8.2%,14970.0
2026-04-27,지금 매수,미래아이앤지,007120,"거래가 조용해져 다음 움직임을 준비하는 모습입니다., 최근 급등 뒤 숨고르기 구간에 진입했습니다., 거래가 조용해지며 다음 변동성을 준비하는 구간입니다.",64.3%,0.8%,2065.0
2026-04-27,신중히 매수,대원전선,006340,거래량 급증,88.9%,11.1%,10170.0
2026-04-27,신중히 매수,SK증권,001510,거래량 급증,64.3%,11.4%,4845.0
2026-04-27,신중히 매수,주성코퍼레이션,109070,과매도 반등 신호,80.0%,20.4%,1767.0
2026-04-27,신중히 매수,LIG디펜스앤에어로스페이스,079550,거래가 조용해져 다음 움직임을 준비하는 모습입니다.,60.0%,3.0%,950000.0
2026-04-27,신중히 매수,상상인증권,001290,거래량 급증,76.9%,13.8%,1515.0
2026-04-27,신중히 매수,한미반도체,042700,거래량 급증,100.0%,17.7%,373500.0
2026-04-27,신중히 매수,대원전선우,006345,거래량 급증,66.7%,5.5%,6800.0
2026-04-27,신중히 매수,GS건설,006360,거래가 조용해져 다음 움직임을 준비하는 모습입니다.,75.0%,11.6%,40750.0
2026-04-27,신중히 매수,수산세보틱스,017550,"거래가 조용해져 다음 움직임을 준비하는 모습입니다., 최근 급등 뒤 숨고르기 구간에 진입했습니다.",50.0%,4.4%,3185.0
2026-04-27,신중히 매수,삼화콘덴서,001820,최근 급등 뒤 숨고르기 구간에 진입했습니다.,57.1%,0.3%,62900.0
2026-04-27,신중히 매수,진흥기업,002780,거래량 급증,100.0%,12.5%,1327.0
2026-04-27,신중히 매수,포스코스틸리온,058430,거래량 급증,87.5%,5.9%,7030.0
2026-04-27,신중히 매수,동국제강,460860,거래량 급증,100.0%,14.0%,14490.0
2026-04-27,신중히 매수,에이엔피,015260,최근 급등 뒤 숨고르기 구간에 진입했습니다.,88.9%,21.3%,738.0
2026-04-27,신중히 매수,한화엔진,082740,거래량 급증,100.0%,19.6%,88500.0
2026-04-27,신중히 매수,일진전기,103590,거래량 급증,100.0%,14.4%,109900.0
2026-04-27,신중히 매수,후성,093370,최근 급등 뒤 숨고르기 구간에 진입했습니다.,66.7%,6.9%,13130.0
2026-04-27,신중히 매수,명신산업,009900,거래량 급증,100.0%,15.2%,14700.0
2026-04-27,신중히 매수,한화비전,489790,거래량 급증,69.2%,2.2%,88800.0
2026-04-27,신중히 매수,넥스틸,092790,"거래가 조용해져 다음 움직임을 준비하는 모습입니다., 최근 급등 뒤 숨고르기 구간에 진입했습니다., 과매도 반등 신호",50.0%,6.1%,16630.0
2026-04-27,신중히 매수,한솔테크닉스,004710,거래량 급증,50.0%,-1.6%,8690.0
2026-04-27,신중히 매수,CSCO,CSCO,최근 급등 뒤 숨고르기 구간에 진입했습니다.,50.0%,2.2%,88.26000213623047
2026-04-27,신중히 매수,DN오토모티브,007340,최근 급등 뒤 숨고르기 구간에 진입했습니다.,88.9%,6.8%,41300.0
2026-04-27,신중히 매수,효성,004800,거래량 급증,100.0%,19.0%,204500.0
2026-04-27,신중히 매수,WISCOM,024070,거래량 급증,91.7%,8.5%,2515.0
2026-04-27,신중히 매수,효성티앤씨,298020,"거래가 조용해져 다음 움직임을 준비하는 모습입니다., 최근 급등 뒤 숨고르기 구간에 진입했습니다.",100.0%,23.2%,517000.0
2026-04-27,신중히 매수,일진홀딩스,015860,거래량 급증,100.0%,16.6%,10200.0
2026-04-27,신중히 매수,CAT,CAT,거래가 조용해져 다음 움직임을 준비하는 모습입니다.,46.7%,3.0%,828.7899780273438
2026-04-27,신중히 매수,삼성FN리츠,448730,최근 급등 뒤 숨고르기 구간에 진입했습니다.,100.0%,10.3%,6800.0
2026-04-27,신중히 매수,미래에셋증권,006800,최근 급등 뒤 숨고르기 구간에 진입했습니다.,71.4%,0.3%,68700.0
2026-04-27,신중히 매수,남해화학,025860,거래가 조용해져 다음 움직임을 준비하는 모습입니다.,62.5%,5.8%,9390.0
2026-04-27,신중히 매수,파미셀,005690,최근 급등 뒤 숨고르기 구간에 진입했습니다.,61.5%,4.3%,18930.0
2026-04-27,신중히 매수,삼성생명,032830,"거래가 조용해져 다음 움직임을 준비하는 모습입니다., 최근 급등 뒤 숨고르기 구간에 진입했습니다.",75.0%,2.2%,250000.0
2026-04-27,신중히 매수,KSS해운,044450,거래가 조용해져 다음 움직임을 준비하는 모습입니다.,100.0%,4.2%,12970.0
2026-04-27,신중히 매수,태광산업,003240,최근 급등 뒤 숨고르기 구간에 진입했습니다.,66.7%,2.0%,1214000.0
2026-04-27,신중히 매수,호텔신라,008770,거래량 급증,100.0%,11.7%,65900.0
2026-04-27,신중히 매수,두산밥캣,241560,거래가 조용해져 다음 움직임을 준비하는 모습입니다.,50.0%,4.1%,76500.0
2026-04-27,신중히 매수,계양전기우,012205,거래가 조용해져 다음 움직임을 준비하는 모습입니다.,50.0%,2.3%,8940.0
2026-04-27,신중히 매수,대한해운,005880,"거래가 조용해져 다음 움직임을 준비하는 모습입니다., 최근 급등 뒤 숨고르기 구간에 진입했습니다.",66.7%,14.2%,2675.0
2026-04-27,신중히 매수,태양금속우,004105,거래가 조용해져 다음 움직임을 준비하는 모습입니다.,71.4%,6.8%,4210.0
2026-04-27,신중히 매수,롯데케미칼,011170,"거래가 조용해져 다음 움직임을 준비하는 모습입니다., 거래가 조용해지며 다음 변동성을 준비하는 구간입니다.",85.7%,1.7%,92200.0
2026-04-27,신중히 매수,동원수산,030720,거래량 급증,100.0%,6.7%,7110.0
2026-04-27,신중히 매수,동국씨엠,460850,거래량 급증,100.0%,8.8%,6520.0
2026-04-27,신중히 매수,한국주강,025890,"최근 급등 뒤 숨고르기 구간에 진입했습니다., 과매도 반등 신호",55.6%,2.4%,2115.0
2026-04-27,신중히 매수,원림,005820,최근 급등 뒤 숨고르기 구간에 진입했습니다.,90.9%,6.1%,16940.0
2026-04-27,신중히 매수,한국전자홀딩스,006200,거래가 조용해지며 다음 변동성을 준비하는 구간입니다.,63.6%,-1.2%,801.0
2026-04-27,신중히 매수,한국단자,025540,최근 급등 뒤 숨고르기 구간에 진입했습니다.,75.0%,7.2%,85900.0
2026-04-27,신중히 매수,한화,000880,"거래가 조용해져 다음 움직임을 준비하는 모습입니다., 최근 급등 뒤 숨고르기 구간에 진입했습니다.",88.9%,2.7%,131800.0
2026-04-27,신중히 매수,S-Oil,010950,거래가 조용해져 다음 움직임을 준비하는 모습입니다.,50.0%,-2.6%,115400.0
2026-04-27,신중히 매수,남광토건,001260,거래가 조용해져 다음 움직임을 준비하는 모습입니다.,50.0%,2.3%,9760.0
2026-04-27,신중히 매수,한국종합기술,023350,최근 급등 뒤 숨고르기 구간에 진입했습니다.,50.0%,-0.6%,5240.0
2026-04-27,신중히 매수,TP,007980,최근 급등 뒤 숨고르기 구간에 진입했습니다.,71.4%,5.9%,2185.0
2026-04-27,신중히 매수,현대차,005380,최근 급등 뒤 숨고르기 구간에 진입했습니다.,55.6%,-1.3%,524000.0
2026-04-27,신중히 매수,벽산,007210,"거래가 조용해져 다음 움직임을 준비하는 모습입니다., 최근 급등 뒤 숨고르기 구간에 진입했습니다.",50.0%,-2.9%,2100.0
2026-04-27,신중히 매수,신한알파리츠,293940,최근 급등 뒤 숨고르기 구간에 진입했습니다.,75.0%,3.4%,6200.0
2026-04-27,신중히 매수,KG모빌리티,003620,"최근 급등 뒤 숨고르기 구간에 진입했습니다., 거래량 급증",66.7%,2.7%,4275.0
2026-04-27,신중히 매수,신일전자,002700,최근 급등 뒤 숨고르기 구간에 진입했습니다.,71.4%,3.0%,1472.0
2026-04-27,신중히 매수,보령,003850,최근 급등 뒤 숨고르기 구간에 진입했습니다.,75.0%,-0.6%,9980.0
2026-04-27,신중히 매수,대한제당,001790,거래가 조용해지며 다음 변동성을 준비하는 구간입니다.,50.0%,-0.8%,2950.0
2026-04-27,신중히 매수,삼호개발,010960,최근 급등 뒤 숨고르기 구간에 진입했습니다.,66.7%,-0.2%,3985.0
2026-04-27,신중히 매수,팜스코,036580,최근 급등 뒤 숨고르기 구간에 진입했습니다.,50.0%,0.7%,3560.0
2026-04-27,신중히 매수,IPARK현대산업개발,294870,최근 급등 뒤 숨고르기 구간에 진입했습니다.,100.0%,0.5%,22950.0
2026-04-27,신중히 매수,금호석유화학,011780,거래가 조용해져 다음 움직임을 준비하는 모습입니다.,50.0%,-2.2%,132200.0
2026-04-27,신중히 매수,방림,003610,최근 급등 뒤 숨고르기 구간에 진입했습니다.,50.0%,-2.3%,5550.0
2026-04-27,추가 확인 후 매수,미래에셋생명,085620,거래가 조용해지며 다음 변동성을 준비하는 구간입니다.,42.9%,-1.1%,17300.0
2026-04-27,추가 확인 후 매수,DSR제강,069730,거래가 조용해져 다음 움직임을 준비하는 모습입니다.,40.0%,-3.4%,5700.0
2026-04-27,추가 확인 후 매수,SNT에너지,100840,"거래가 조용해져 다음 움직임을 준비하는 모습입니다., 거래가 조용해지며 다음 변동성을 준비하는 구간입니다.",40.0%,-1.4%,57500.0
2026-04-27,추가 확인 후 매수,GOOGL,GOOGL,거래가 조용해져 다음 움직임을 준비하는 모습입니다.,40.0%,3.4%,350.3399963378906
2026-04-27,추가 확인 후 매수,GOOG,GOOG,거래가 조용해져 다음 움직임을 준비하는 모습입니다.,40.0%,3.3%,348.5199890136719
2026-04-27,추가 확인 후 매수,현대위아,011210,최근 급등 뒤 숨고르기 구간에 진입했습니다.,42.9%,-1.9%,84800.0
2026-04-28,지금 매수,삼화콘덴서,001820,"거래가 조용해져 다음 움직임을 준비하는 모습입니다., 과매도 반등 신호",50.0%,-0.6%,64800.0
2026-04-28,지금 매수,미래에셋증권,006800,"거래가 조용해져 다음 움직임을 준비하는 모습입니다., 최근 급등 뒤 숨고르기 구간에 진입했습니다., 거래가 조용해지며 다음 변동성을 준비하는 구간입니다.",71.4%,0.3%,68500.0
2026-04-28,신중히 매수,SK증권,001510,거래량 급증,93.3%,22.4%,5510.0
2026-04-28,신중히 매수,SK증권우,001515,거래량 급증,61.5%,12.9%,15170.0
2026-04-28,신중히 매수,주성코퍼레이션,109070,최근 급등 뒤 숨고르기 구간에 진입했습니다.,80.0%,20.4%,1733.0
2026-04-28,신중히 매수,포스코스틸리온,058430,거래량 급증,88.9%,6.3%,9130.0
2026-04-28,신중히 매수,LIG디펜스앤에어로스페이스,079550,거래가 조용해지며 다음 변동성을 준비하는 구간입니다.,60.0%,3.0%,933000.0
2026-04-28,신중히 매수,GS건설,006360,"거래가 조용해져 다음 움직임을 준비하는 모습입니다., 최근 급등 뒤 숨고르기 구간에 진입했습니다.",60.0%,7.9%,42450.0
2026-04-28,신중히 매수,남선알미늄,008350,"거래가 조용해져 다음 움직임을 준비하는 모습입니다., 과매도 반등 신호",66.7%,10.7%,2350.0
2026-04-28,신중히 매수,동국제강,460860,거래량 급증,83.3%,10.5%,15140.0
2026-04-28,신중히 매수,TBH글로벌,084870,거래가 조용해지며 다음 변동성을 준비하는 구간입니다.,69.2%,1.2%,2110.0
2026-04-28,신중히 매수,코리아써키트,007810,거래가 조용해져 다음 움직임을 준비하는 모습입니다.,85.7%,9.3%,96000.0
2026-04-28,신중히 매수,미래아이앤지,007120,"거래가 조용해져 다음 움직임을 준비하는 모습입니다., 거래가 조용해지며 다음 변동성을 준비하는 구간입니다.",60.0%,0.3%,1950.0
2026-04-28,신중히 매수,부국철강,026940,"거래가 조용해져 다음 움직임을 준비하는 모습입니다., 거래량 급증",50.0%,6.7%,3350.0
2026-04-28,신중히 매수,에이엔피,015260,최근 급등 뒤 숨고르기 구간에 진입했습니다.,88.9%,21.3%,711.0
2026-04-28,신중히 매수,문배철강,008420,거래량 급증,85.7%,13.6%,3185.0
2026-04-28,신중히 매수,송원산업,004430,거래량 급증,100.0%,10.0%,14560.0
2026-04-28,신중히 매수,한양증권우,001755,최근 급등 뒤 숨고르기 구간에 진입했습니다.,100.0%,14.2%,29900.0
2026-04-28,신중히 매수,한화비전,489790,최근 급등 뒤 숨고르기 구간에 진입했습니다.,64.3%,1.5%,86500.0
2026-04-28,신중히 매수,알루코,001780,거래량 급증,60.0%,11.1%,3445.0
2026-04-28,신중히 매수,세아제강,306200,거래량 급증,100.0%,14.1%,183000.0
2026-04-28,신중히 매수,유진투자증권,001200,거래량 급증,100.0%,10.5%,6280.0
2026-04-28,신중히 매수,TCC스틸,002710,거래량 급증,100.0%,6.7%,22600.0
2026-04-28,신중히 매수,한솔테크닉스,004710,거래가 조용해져 다음 움직임을 준비하는 모습입니다.,100.0%,6.6%,8120.0
2026-04-28,신중히 매수,태양금속,004100,거래가 조용해져 다음 움직임을 준비하는 모습입니다.,83.3%,8.4%,3400.0
2026-04-28,신중히 매수,MU,MU,거래가 조용해져 다음 움직임을 준비하는 모습입니다.,100.0%,47.8%,504.2900085449219
2026-04-28,신중히 매수,맵스리얼티,094800,거래량 급증,84.6%,7.5%,7980.0
2026-04-28,신중히 매수,효성티앤씨,298020,"거래가 조용해져 다음 움직임을 준비하는 모습입니다., 최근 급등 뒤 숨고르기 구간에 진입했습니다.",100.0%,23.2%,535000.0
2026-04-28,신중히 매수,한양증권,001750,최근 급등 뒤 숨고르기 구간에 진입했습니다.,85.7%,10.9%,29800.0
2026-04-28,신중히 매수,동국씨엠,460850,거래량 급증,100.0%,8.9%,7150.0
2026-04-28,신중히 매수,305720,305720,최근 급등 뒤 숨고르기 구간에 진입했습니다.,75.0%,7.1%,21575.0
2026-04-28,신중히 매수,069500,069500,거래가 조용해져 다음 움직임을 준비하는 모습입니다.,100.0%,13.9%,100700.0
2026-04-28,신중히 매수,대한해운,005880,"거래가 조용해져 다음 움직임을 준비하는 모습입니다., 최근 급등 뒤 숨고르기 구간에 진입했습니다.",57.1%,11.2%,2685.0
2026-04-28,신중히 매수,삼성생명,032830,"거래가 조용해져 다음 움직임을 준비하는 모습입니다., 최근 급등 뒤 숨고르기 구간에 진입했습니다.",75.0%,2.2%,252000.0
2026-04-28,신중히 매수,남해화학,025860,거래가 조용해져 다음 움직임을 준비하는 모습입니다.,62.5%,5.8%,9180.0
2026-04-28,신중히 매수,현대지에프홀딩스,005440,최근 급등 뒤 숨고르기 구간에 진입했습니다.,66.7%,3.8%,15190.0
2026-04-28,신중히 매수,KSS해운,044450,거래가 조용해져 다음 움직임을 준비하는 모습입니다.,75.0%,1.4%,12980.0
2026-04-28,신중히 매수,POSCO홀딩스,005490,거래량 급증,100.0%,11.9%,466500.0
2026-04-28,신중히 매수,BYC우,001465,최근 급등 뒤 숨고르기 구간에 진입했습니다.,66.7%,7.6%,34000.0
2026-04-28,신중히 매수,한국주강,025890,"거래가 조용해져 다음 움직임을 준비하는 모습입니다., 최근 급등 뒤 숨고르기 구간에 진입했습니다.",55.6%,2.4%,2160.0
2026-04-28,신중히 매수,AMAT,AMAT,거래가 조용해져 다음 움직임을 준비하는 모습입니다.,50.0%,4.7%,381.1099853515625
2026-04-28,신중히 매수,에스엘,005850,최근 급등 뒤 숨고르기 구간에 진입했습니다.,50.0%,0.9%,66000.0
2026-04-28,신중히 매수,LG에너지솔루션,373220,최근 급등 뒤 숨고르기 구간에 진입했습니다.,88.9%,10.1%,472000.0
2026-04-28,신중히 매수,현대홈쇼핑,057050,최근 급등 뒤 숨고르기 구간에 진입했습니다.,62.5%,5.1%,87000.0
2026-04-28,신중히 매수,두산퓨얼셀1우,33626K,거래량 급증,50.0%,4.9%,8680.0
2026-04-28,신중히 매수,태양금속우,004105,거래가 조용해져 다음 움직임을 준비하는 모습입니다.,62.5%,5.1%,4170.0
2026-04-28,신중히 매수,롯데케미칼,011170,"거래가 조용해져 다음 움직임을 준비하는 모습입니다., 거래가 조용해지며 다음 변동성을 준비하는 구간입니다.",75.0%,0.7%,94500.0
2026-04-28,신중히 매수,현대비앤지스틸,004560,거래량 급증,78.6%,11.3%,18530.0
2026-04-28,신중히 매수,원림,005820,최근 급등 뒤 숨고르기 구간에 진입했습니다.,90.9%,6.1%,16820.0
2026-04-28,신중히 매수,한국전자홀딩스,006200,거래가 조용해지며 다음 변동성을 준비하는 구간입니다.,58.3%,-1.7%,801.0
2026-04-28,신중히 매수,코오롱인더우,120115,거래량 급증,61.5%,2.7%,32150.0
2026-04-28,신중히 매수,NH투자증권우,005945,최근 급등 뒤 숨고르기 구간에 진입했습니다.,66.7%,6.0%,28050.0
2026-04-28,신중히 매수,고려제강,002240,거래량 급증,70.0%,4.9%,27200.0
2026-04-28,신중히 매수,한화,000880,"거래가 조용해져 다음 움직임을 준비하는 모습입니다., 최근 급등 뒤 숨고르기 구간에 진입했습니다.",80.0%,1.7%,129100.0
2026-04-28,신중히 매수,신세계인터내셔날,031430,최근 급등 뒤 숨고르기 구간에 진입했습니다.,75.0%,7.0%,14750.0
2026-04-28,신중히 매수,코스모화학,005420,최근 급등 뒤 숨고르기 구간에 진입했습니다.,66.7%,1.0%,18190.0
2026-04-28,신중히 매수,한국종합기술,023350,"거래가 조용해져 다음 움직임을 준비하는 모습입니다., 최근 급등 뒤 숨고르기 구간에 진입했습니다.",50.0%,-0.6%,5320.0
2026-04-28,신중히 매수,LG전자우,066575,거래량 급증,50.0%,2.1%,62000.0
2026-04-28,신중히 매수,더블유게임즈,192080,거래량 급증,50.0%,1.4%,62000.0
2026-04-28,신중히 매수,TP,007980,"거래가 조용해져 다음 움직임을 준비하는 모습입니다., 최근 급등 뒤 숨고르기 구간에 진입했습니다.",71.4%,5.9%,2160.0
2026-04-28,신중히 매수,현대차,005380,"최근 급등 뒤 숨고르기 구간에 진입했습니다., 거래량 급증",55.6%,-1.3%,555000.0
2026-04-28,신중히 매수,유엔젤,072130,거래가 조용해져 다음 움직임을 준비하는 모습입니다.,75.0%,4.2%,5190.0
2026-04-28,신중히 매수,경농,002100,거래가 조용해져 다음 움직임을 준비하는 모습입니다.,60.0%,0.1%,10260.0
2026-04-28,신중히 매수,황금에스티,032560,거래량 급증,66.7%,2.3%,6520.0
2026-04-28,신중히 매수,보령,003850,"거래가 조용해져 다음 움직임을 준비하는 모습입니다., 최근 급등 뒤 숨고르기 구간에 진입했습니다.",66.7%,-1.3%,10050.0
2026-04-28,신중히 매수,KPX케미칼,025000,거래가 조용해져 다음 움직임을 준비하는 모습입니다.,60.0%,1.2%,52900.0
2026-04-28,신중히 매수,신일전자,002700,최근 급등 뒤 숨고르기 구간에 진입했습니다.,62.5%,2.2%,1465.0
2026-04-28,신중히 매수,대한제당,001790,"거래가 조용해지며 다음 변동성을 준비하는 구간입니다., 과매도 반등 신호",50.0%,-0.8%,2960.0
2026-04-28,신중히 매수,HS효성첨단소재,298050,거래량 급증,100.0%,13.0%,264000.0
2026-04-28,신중히 매수,HS화성,002460,"거래가 조용해져 다음 움직임을 준비하는 모습입니다., 최근 급등 뒤 숨고르기 구간에 진입했습니다.",50.0%,-1.8%,13110.0
2026-04-28,신중히 매수,현대모비스,012330,최근 급등 뒤 숨고르기 구간에 진입했습니다.,70.0%,2.2%,447000.0
2026-04-28,신중히 매수,LG유플러스,032640,거래가 조용해져 다음 움직임을 준비하는 모습입니다.,57.1%,-0.1%,16470.0
2026-04-28,신중히 매수,iM금융지주,139130,"거래가 조용해져 다음 움직임을 준비하는 모습입니다., 최근 급등 뒤 숨고르기 구간에 진입했습니다.",80.0%,8.7%,19280.0
2026-04-28,신중히 매수,삼호개발,010960,최근 급등 뒤 숨고르기 구간에 진입했습니다.,66.7%,-0.2%,4050.0
2026-04-28,신중히 매수,팜스코,036580,최근 급등 뒤 숨고르기 구간에 진입했습니다.,50.0%,0.7%,3540.0
2026-04-28,신중히 매수,신라교역,004970,거래가 조용해지며 다음 변동성을 준비하는 구간입니다.,50.0%,-1.1%,9710.0
2026-04-28,신중히 매수,한농화성,011500,최근 급등 뒤 숨고르기 구간에 진입했습니다.,83.3%,13.0%,24750.0
2026-04-28,신중히 매수,고려아연,010130,거래가 조용해져 다음 움직임을 준비하는 모습입니다.,50.0%,-0.6%,1627000.0
2026-04-28,신중히 매수,현대엘리베이터,017800,최근 급등 뒤 숨고르기 구간에 진입했습니다.,77.8%,4.3%,99400.0
2026-04-28,신중히 매수,DYP,092780,최근 급등 뒤 숨고르기 구간에 진입했습니다.,50.0%,3.9%,5080.0
2026-04-28,신중히 매수,이화산업,000760,최근 급등 뒤 숨고르기 구간에 진입했습니다.,50.0%,-2.6%,15820.0
2026-04-28,신중히 매수,BYC,001460,최근 급등 뒤 숨고르기 구간에 진입했습니다.,91.7%,3.3%,52200.0
2026-04-28,신중히 매수,방림,003610,최근 급등 뒤 숨고르기 구간에 진입했습니다.,50.0%,-2.3%,5530.0
2026-04-28,추가 확인 후 매수,미래에셋생명,085620,거래가 조용해지며 다음 변동성을 준비하는 구간입니다.,40.0%,-1.5%,16770.0
2026-04-28,추가 확인 후 매수,수산세보틱스,017550,거래가 조용해져 다음 움직임을 준비하는 모습입니다.,42.9%,2.7%,3145.0
2026-04-28,추가 확인 후 매수,한국철강,104700,"거래가 조용해져 다음 움직임을 준비하는 모습입니다., 거래량 급증",42.9%,1.3%,11440.0
2026-04-28,추가 확인 후 매수,계양전기우,012205,거래가 조용해져 다음 움직임을 준비하는 모습입니다.,40.0%,0.4%,8500.0
2026-04-28,추가 확인 후 매수,SK이노베이션,096770,최근 급등 뒤 숨고르기 구간에 진입했습니다.,40.0%,-1.5%,133000.0
2026-04-28,추가 확인 후 매수,남광토건,001260,"거래가 조용해져 다음 움직임을 준비하는 모습입니다., 최근 급등 뒤 숨고르기 구간에 진입했습니다., 과매도 반등 신호",42.9%,1.0%,10020.0
2026-04-28,추가 확인 후 매수,휴비스,079980,거래가 조용해져 다음 움직임을 준비하는 모습입니다.,42.9%,-3.1%,3325.0
2026-04-28,추가 확인 후 매수,영화금속,012280,"거래가 조용해져 다음 움직임을 준비하는 모습입니다., 최근 급등 뒤 숨고르기 구간에 진입했습니다.",42.9%,-1.0%,1108.0
2026-04-28,추가 확인 후 매수,팬오션,028670,최근 급등 뒤 숨고르기 구간에 진입했습니다.,40.0%,-1.9%,5580.0
2026-04-28,추가 확인 후 매수,DSR,155660,"거래가 조용해져 다음 움직임을 준비하는 모습입니다., 최근 급등 뒤 숨고르기 구간에 진입했습니다.",42.9%,-0.1%,4470.0
2026-04-28,추가 확인 후 매수,솔루엠,248070,"거래가 조용해져 다음 움직임을 준비하는 모습입니다., 최근 급등 뒤 숨고르기 구간에 진입했습니다.",40.0%,1.0%,19140.0
2026-04-28,추가 확인 후 매수,S-Oil,010950,"거래가 조용해져 다음 움직임을 준비하는 모습입니다., 거래가 조용해지며 다음 변동성을 준비하는 구간입니다.",42.9%,-3.2%,118700.0
2026-04-28,추가 확인 후 매수,인지컨트롤스,023800,거래가 조용해져 다음 움직임을 준비하는 모습입니다.,44.4%,1.8%,8090.0
2026-04-28,추가 확인 후 매수,대원강업,000430,"거래가 조용해져 다음 움직임을 준비하는 모습입니다., 최근 급등 뒤 숨고르기 구간에 진입했습니다.",42.9%,0.8%,4430.0
2026-04-28,추가 확인 후 매수,한화3우B,00088K,거래가 조용해져 다음 움직임을 준비하는 모습입니다.,44.4%,-2.7%,48800.0
2026-04-28,추가 확인 후 매수,대상홀딩스우,084695,거래가 조용해져 다음 움직임을 준비하는 모습입니다.,44.4%,-1.3%,14490.0
2026-04-28,추가 확인 후 매수,키움증권,039490,"거래가 조용해져 다음 움직임을 준비하는 모습입니다., 거래가 조용해지며 다음 변동성을 준비하는 구간입니다.",40.0%,-1.6%,445500.0
2026-04-28,추가 확인 후 매수,우진아이엔에스,010400,거래가 조용해져 다음 움직임을 준비하는 모습입니다.,40.0%,-1.4%,4100.0
2026-04-28,추가 확인 후 매수,금호석유화학,011780,거래가 조용해져 다음 움직임을 준비하는 모습입니다.,44.4%,-2.7%,137700.0
2026-04-28,추가 확인 후 매수,포스코DX,022100,거래량 급증,42.9%,1.0%,36600.0
2026-04-28,추가 확인 후 매수,한솔제지,213500,과매도 반등 신호,100.0%,1.8%,8450.0
2026-04-28,추가 확인 후 매수,경방,000050,"거래가 조용해져 다음 움직임을 준비하는 모습입니다., 최근 급등 뒤 숨고르기 구간에 진입했습니다.",42.9%,0.5%,10040.0
2026-04-29,지금 매수,후성,093370,"최근 급등 뒤 숨고르기 구간에 진입했습니다., 과매도 반등 신호",50.0%,3.4%,14010.0
2026-04-29,지금 매수,미래에셋증권,006800,"거래가 조용해져 다음 움직임을 준비하는 모습입니다., 거래가 조용해지며 다음 변동성을 준비하는 구간입니다.",62.5%,-0.6%,67700.0
2026-04-29,신중히 매수,광전자,017900,거래가 조용해져 다음 움직임을 준비하는 모습입니다.,50.0%,8.5%,10630.0
2026-04-29,신중히 매수,대원전선,006340,거래량 급증,90.9%,13.1%,13090.0
2026-04-29,신중히 매수,삼성전기,009150,최근 급등 뒤 숨고르기 구간에 진입했습니다.,100.0%,19.2%,827000.0
2026-04-29,신중히 매수,대원전선우,006345,거래량 급증,71.4%,7.2%,8610.0
2026-04-29,신중히 매수,LIG디펜스앤에어로스페이스,079550,거래가 조용해지며 다음 변동성을 준비하는 구간입니다.,50.0%,1.4%,968000.0
2026-04-29,신중히 매수,주성코퍼레이션,109070,거래가 조용해져 다음 움직임을 준비하는 모습입니다.,80.0%,20.4%,1708.0
2026-04-29,신중히 매수,LS에코에너지,229640,거래량 급증,100.0%,18.2%,90900.0
2026-04-29,신중히 매수,삼화콘덴서,001820,거래량 급증,50.0%,-0.6%,71000.0
2026-04-29,신중히 매수,TBH글로벌,084870,거래가 조용해지며 다음 변동성을 준비하는 구간입니다.,64.3%,0.6%,2225.0
2026-04-29,신중히 매수,진흥기업,002780,거래량 급증,92.3%,11.2%,1458.0
2026-04-29,신중히 매수,남선알미늄,008350,거래가 조용해져 다음 움직임을 준비하는 모습입니다.,50.0%,15.8%,2210.0
2026-04-29,신중히 매수,코리아써키트,007810,"거래가 조용해져 다음 움직임을 준비하는 모습입니다., 최근 급등 뒤 숨고르기 구간에 진입했습니다.",85.7%,9.3%,95400.0
2026-04-29,신중히 매수,비에이치,090460,최근 급등 뒤 숨고르기 구간에 진입했습니다.,100.0%,20.7%,35300.0
2026-04-29,신중히 매수,대한전선,001440,거래량 급증,75.0%,12.4%,51200.0
2026-04-29,신중히 매수,에이피알,278470,거래가 조용해져 다음 움직임을 준비하는 모습입니다.,100.0%,20.0%,451000.0
2026-04-29,신중히 매수,미래아이앤지,007120,거래가 조용해지며 다음 변동성을 준비하는 구간입니다.,53.3%,-0.5%,1951.0
2026-04-29,신중히 매수,송원산업,004430,거래량 급증,100.0%,10.3%,14800.0
2026-04-29,신중히 매수,한솔테크닉스,004710,거래가 조용해져 다음 움직임을 준비하는 모습입니다.,80.0%,3.9%,8480.0
2026-04-29,신중히 매수,롯데케미칼,011170,거래량 급증,100.0%,6.9%,118000.0
2026-04-29,신중히 매수,부국철강,026940,거래가 조용해져 다음 움직임을 준비하는 모습입니다.,71.4%,10.7%,2980.0
2026-04-29,신중히 매수,MU,MU,거래가 조용해져 다음 움직임을 준비하는 모습입니다.,100.0%,47.8%,504.2900085449219
2026-04-29,신중히 매수,태양금속,004100,거래가 조용해져 다음 움직임을 준비하는 모습입니다.,80.0%,6.8%,3350.0
2026-04-29,신중히 매수,한화비전,489790,최근 급등 뒤 숨고르기 구간에 진입했습니다.,66.7%,2.6%,81700.0
2026-04-29,신중히 매수,효성티앤씨,298020,"거래가 조용해져 다음 움직임을 준비하는 모습입니다., 최근 급등 뒤 숨고르기 구간에 진입했습니다.",66.7%,12.8%,533000.0
2026-04-29,신중히 매수,LS네트웍스,000680,거래량 급증,50.0%,0.2%,4630.0
2026-04-29,신중히 매수,이수화학,005950,거래량 급증,100.0%,14.8%,11850.0
2026-04-29,신중히 매수,한전기술,052690,거래가 조용해져 다음 움직임을 준비하는 모습입니다.,71.4%,1.1%,193300.0
2026-04-29,신중히 매수,SK이노베이션,096770,거래량 급증,100.0%,12.6%,149800.0
2026-04-29,신중히 매수,NC,036570,최근 급등 뒤 숨고르기 구간에 진입했습니다.,50.0%,4.1%,277500.0
2026-04-29,신중히 매수,남해화학,025860,거래가 조용해져 다음 움직임을 준비하는 모습입니다.,50.0%,3.9%,9440.0
2026-04-29,신중히 매수,두산퓨얼셀1우,33626K,거래량 급증,90.0%,14.1%,9350.0
2026-04-29,신중히 매수,S-Oil,010950,거래량 급증,57.1%,1.8%,134300.0
2026-04-29,신중히 매수,069500,069500,거래가 조용해져 다음 움직임을 준비하는 모습입니다.,100.0%,13.4%,101045.0
2026-04-29,신중히 매수,KSS해운,044450,거래가 조용해져 다음 움직임을 준비하는 모습입니다.,60.0%,-0.3%,12860.0
2026-04-29,신중히 매수,삼성생명,032830,"거래가 조용해져 다음 움직임을 준비하는 모습입니다., 최근 급등 뒤 숨고르기 구간에 진입했습니다.",50.0%,-1.4%,252000.0
2026-04-29,신중히 매수,SK우,03473K,거래량 급증,100.0%,12.6%,300500.0
2026-04-29,신중히 매수,한국주강,025890,"거래가 조용해져 다음 움직임을 준비하는 모습입니다., 최근 급등 뒤 숨고르기 구간에 진입했습니다.",50.0%,1.4%,2160.0
2026-04-29,신중히 매수,AMAT,AMAT,거래가 조용해져 다음 움직임을 준비하는 모습입니다.,53.3%,5.5%,381.1099853515625
2026-04-29,신중히 매수,HD한국조선해양,009540,최근 급등 뒤 숨고르기 구간에 진입했습니다.,100.0%,13.1%,472000.0
2026-04-29,신중히 매수,한국전자홀딩스,006200,거래가 조용해지며 다음 변동성을 준비하는 구간입니다.,53.8%,-2.1%,801.0
2026-04-29,신중히 매수,태양금속우,004105,거래가 조용해져 다음 움직임을 준비하는 모습입니다.,50.0%,2.2%,4185.0
2026-04-29,신중히 매수,SIMPAC,009160,거래량 급증,90.9%,3.1%,6120.0
2026-04-29,신중히 매수,포스코퓨처엠,003670,최근 급등 뒤 숨고르기 구간에 진입했습니다.,100.0%,12.2%,261000.0
2026-04-29,신중히 매수,화신,010690,최근 급등 뒤 숨고르기 구간에 진입했습니다.,75.0%,4.4%,12820.0
2026-04-29,신중히 매수,인팩,023810,최근 급등 뒤 숨고르기 구간에 진입했습니다.,83.3%,1.3%,9220.0
2026-04-29,신중히 매수,대한유화,006650,거래량 급증,71.4%,9.0%,188000.0
2026-04-29,신중히 매수,NH투자증권우,005945,최근 급등 뒤 숨고르기 구간에 진입했습니다.,50.0%,2.4%,27800.0
2026-04-29,신중히 매수,한화,000880,거래가 조용해져 다음 움직임을 준비하는 모습입니다.,70.0%,0.1%,132500.0
2026-04-29,신중히 매수,케이비아이동국실업,001620,최근 급등 뒤 숨고르기 구간에 진입했습니다.,80.0%,1.4%,642.0
2026-04-29,신중히 매수,KG모빌리티,003620,거래가 조용해져 다음 움직임을 준비하는 모습입니다.,50.0%,0.3%,4420.0
2026-04-29,신중히 매수,삼화전기,009470,거래량 급증,66.7%,11.2%,49000.0
2026-04-29,신중히 매수,현대지에프홀딩스,005440,최근 급등 뒤 숨고르기 구간에 진입했습니다.,62.5%,3.4%,14930.0
2026-04-29,신중히 매수,유엔젤,072130,"거래가 조용해져 다음 움직임을 준비하는 모습입니다., 과매도 반등 신호",75.0%,4.2%,5200.0
2026-04-29,신중히 매수,코스모화학,005420,최근 급등 뒤 숨고르기 구간에 진입했습니다.,66.7%,1.0%,18420.0
2026-04-29,신중히 매수,경인양행,012610,거래량 급증,75.0%,10.5%,5170.0
2026-04-29,신중히 매수,HS효성첨단소재,298050,거래량 급증,100.0%,13.0%,277500.0
2026-04-29,신중히 매수,보령,003850,거래가 조용해져 다음 움직임을 준비하는 모습입니다.,55.6%,-2.1%,10080.0
2026-04-29,신중히 매수,대한제당,001790,거래가 조용해지며 다음 변동성을 준비하는 구간입니다.,50.0%,-1.3%,2975.0
2026-04-29,신중히 매수,KPX케미칼,025000,거래량 급증,60.0%,1.9%,53800.0
2026-04-29,신중히 매수,경농,002100,거래가 조용해져 다음 움직임을 준비하는 모습입니다.,60.0%,0.9%,10160.0
2026-04-29,신중히 매수,신일전자,002700,"거래가 조용해져 다음 움직임을 준비하는 모습입니다., 최근 급등 뒤 숨고르기 구간에 진입했습니다.",50.0%,1.0%,1466.0
2026-04-29,신중히 매수,태광산업,003240,"거래가 조용해져 다음 움직임을 준비하는 모습입니다., 최근 급등 뒤 숨고르기 구간에 진입했습니다.",50.0%,-0.9%,1219000.0
2026-04-29,신중히 매수,KT&amp;G,033780,거래가 조용해져 다음 움직임을 준비하는 모습입니다.,50.0%,2.4%,176500.0
2026-04-29,신중히 매수,금호석유화학,011780,거래량 급증,50.0%,-1.1%,150200.0
2026-04-29,신중히 매수,IPARK현대산업개발,294870,거래가 조용해져 다음 움직임을 준비하는 모습입니다.,50.0%,-3.3%,23500.0
2026-04-29,신중히 매수,한화솔루션,009830,최근 급등 뒤 숨고르기 구간에 진입했습니다.,100.0%,14.9%,47950.0
2026-04-29,신중히 매수,현대엘리베이터,017800,"거래가 조용해져 다음 움직임을 준비하는 모습입니다., 최근 급등 뒤 숨고르기 구간에 진입했습니다.",75.0%,3.3%,99000.0
2026-04-29,신중히 매수,HS화성,002460,"거래가 조용해져 다음 움직임을 준비하는 모습입니다., 과매도 반등 신호",50.0%,-1.8%,13110.0
2026-04-29,신중히 매수,경동인베스트,012320,최근 급등 뒤 숨고르기 구간에 진입했습니다.,50.0%,-2.5%,70200.0
2026-04-29,신중히 매수,삼호개발,010960,최근 급등 뒤 숨고르기 구간에 진입했습니다.,50.0%,-1.7%,4015.0
2026-04-29,신중히 매수,경방,000050,거래가 조용해져 다음 움직임을 준비하는 모습입니다.,50.0%,1.9%,10220.0
2026-04-29,신중히 매수,신라교역,004970,거래가 조용해지며 다음 변동성을 준비하는 구간입니다.,60.0%,-0.6%,9700.0
2026-04-29,신중히 매수,DYP,092780,최근 급등 뒤 숨고르기 구간에 진입했습니다.,50.0%,3.9%,5090.0
2026-04-29,신중히 매수,iM금융지주,139130,"거래가 조용해져 다음 움직임을 준비하는 모습입니다., 최근 급등 뒤 숨고르기 구간에 진입했습니다.",60.0%,4.7%,19000.0
2026-04-29,신중히 매수,LG유플러스,032640,거래가 조용해져 다음 움직임을 준비하는 모습입니다.,50.0%,-2.1%,16050.0
2026-04-29,신중히 매수,포스코DX,022100,최근 급등 뒤 숨고르기 구간에 진입했습니다.,50.0%,2.5%,36350.0
2026-04-29,신중히 매수,BYC,001460,최근 급등 뒤 숨고르기 구간에 진입했습니다.,90.9%,2.9%,50200.0
2026-04-29,추가 확인 후 매수,GS건설,006360,"거래가 조용해져 다음 움직임을 준비하는 모습입니다., 최근 급등 뒤 숨고르기 구간에 진입했습니다.",40.0%,2.1%,41700.0
2026-04-29,추가 확인 후 매수,SK텔레콤,017670,거래가 조용해져 다음 움직임을 준비하는 모습입니다.,40.0%,-3.3%,95600.0
2026-04-29,추가 확인 후 매수,에코프로머티,450080,최근 급등 뒤 숨고르기 구간에 진입했습니다.,40.0%,-0.4%,83700.0
2026-04-29,추가 확인 후 매수,대한해운,005880,거래가 조용해져 다음 움직임을 준비하는 모습입니다.,42.9%,6.4%,2645.0
2026-04-29,추가 확인 후 매수,영화금속,012280,거래가 조용해져 다음 움직임을 준비하는 모습입니다.,42.9%,-1.5%,1136.0
2026-04-29,추가 확인 후 매수,DSR,155660,거래가 조용해져 다음 움직임을 준비하는 모습입니다.,42.9%,0.1%,4600.0
2026-04-29,추가 확인 후 매수,코오롱,002020,거래량 급증,42.9%,5.0%,75000.0
2026-04-29,추가 확인 후 매수,한국종합기술,023350,"거래가 조용해져 다음 움직임을 준비하는 모습입니다., 최근 급등 뒤 숨고르기 구간에 진입했습니다.",40.0%,-1.9%,5340.0
2026-04-29,추가 확인 후 매수,한화3우B,00088K,"거래가 조용해져 다음 움직임을 준비하는 모습입니다., 최근 급등 뒤 숨고르기 구간에 진입했습니다., 거래가 조용해지며 다음 변동성을 준비하는 구간입니다.",40.0%,-3.1%,49700.0
2026-04-29,추가 확인 후 매수,무림페이퍼,009200,과매도 반등 신호,80.0%,7.9%,2035.0
2026-04-29,추가 확인 후 매수,고려아연,010130,거래가 조용해져 다음 움직임을 준비하는 모습입니다.,40.0%,-2.4%,1604000.0
2026-04-29,추가 확인 후 매수,이화산업,000760,최근 급등 뒤 숨고르기 구간에 진입했습니다.,40.0%,-3.2%,15890.0
2026-04-29,추가 확인 후 매수,한올바이오파마,009420,"거래가 조용해져 다음 움직임을 준비하는 모습입니다., 거래가 조용해지며 다음 변동성을 준비하는 구간입니다.",45.5%,-1.7%,49500.0
2026-04-29,지금 매수,후성,093370,"최근 급등 뒤 숨고르기 구간에 진입했습니다., 과매도 반등 신호",50.0%,3.4%,14010.0
2026-04-29,지금 매수,미래에셋증권,006800,"거래가 조용해져 다음 움직임을 준비하는 모습입니다., 거래가 조용해지며 다음 변동성을 준비하는 구간입니다.",62.5%,-0.6%,67700.0
2026-04-29,신중히 매수,광전자,017900,거래가 조용해져 다음 움직임을 준비하는 모습입니다.,50.0%,8.5%,10630.0
2026-04-29,신중히 매수,대원전선,006340,거래량 급증,90.9%,13.1%,13090.0
2026-04-29,신중히 매수,삼성전기,009150,최근 급등 뒤 숨고르기 구간에 진입했습니다.,100.0%,19.2%,827000.0
2026-04-29,신중히 매수,대원전선우,006345,거래량 급증,71.4%,7.2%,8610.0
2026-04-29,신중히 매수,LIG디펜스앤에어로스페이스,079550,거래가 조용해지며 다음 변동성을 준비하는 구간입니다.,50.0%,1.4%,968000.0
2026-04-29,신중히 매수,주성코퍼레이션,109070,거래가 조용해져 다음 움직임을 준비하는 모습입니다.,80.0%,20.4%,1708.0
2026-04-29,신중히 매수,LS에코에너지,229640,거래량 급증,100.0%,18.2%,90900.0
2026-04-29,신중히 매수,삼화콘덴서,001820,거래량 급증,62.5%,1.1%,71000.0
2026-04-29,신중히 매수,TBH글로벌,084870,거래가 조용해지며 다음 변동성을 준비하는 구간입니다.,71.4%,0.9%,2225.0
2026-04-29,신중히 매수,진흥기업,002780,거래량 급증,92.3%,11.2%,1458.0
2026-04-29,신중히 매수,남선알미늄,008350,거래가 조용해져 다음 움직임을 준비하는 모습입니다.,50.0%,15.8%,2210.0
2026-04-29,신중히 매수,코리아써키트,007810,"거래가 조용해져 다음 움직임을 준비하는 모습입니다., 최근 급등 뒤 숨고르기 구간에 진입했습니다.",85.7%,9.3%,95400.0
2026-04-29,신중히 매수,비에이치,090460,최근 급등 뒤 숨고르기 구간에 진입했습니다.,100.0%,20.7%,35300.0
2026-04-29,신중히 매수,대한전선,001440,거래량 급증,75.0%,12.4%,51200.0
2026-04-29,신중히 매수,에이피알,278470,거래가 조용해져 다음 움직임을 준비하는 모습입니다.,100.0%,20.0%,451000.0
2026-04-29,신중히 매수,미래아이앤지,007120,거래가 조용해지며 다음 변동성을 준비하는 구간입니다.,53.3%,-0.5%,1951.0
2026-04-29,신중히 매수,송원산업,004430,거래량 급증,100.0%,10.3%,14800.0
2026-04-29,신중히 매수,한솔테크닉스,004710,거래가 조용해져 다음 움직임을 준비하는 모습입니다.,80.0%,3.9%,8480.0
2026-04-29,신중히 매수,롯데케미칼,011170,거래량 급증,100.0%,6.9%,118000.0
2026-04-29,신중히 매수,부국철강,026940,거래가 조용해져 다음 움직임을 준비하는 모습입니다.,71.4%,10.7%,2980.0
2026-04-29,신중히 매수,태양금속,004100,거래가 조용해져 다음 움직임을 준비하는 모습입니다.,80.0%,6.8%,3350.0
2026-04-29,신중히 매수,한화비전,489790,최근 급등 뒤 숨고르기 구간에 진입했습니다.,66.7%,2.6%,81700.0
2026-04-29,신중히 매수,효성티앤씨,298020,"거래가 조용해져 다음 움직임을 준비하는 모습입니다., 최근 급등 뒤 숨고르기 구간에 진입했습니다.",66.7%,12.8%,533000.0
2026-04-29,신중히 매수,LS네트웍스,000680,거래량 급증,50.0%,0.2%,4630.0
2026-04-29,신중히 매수,이수화학,005950,거래량 급증,100.0%,14.0%,11850.0
2026-04-29,신중히 매수,한전기술,052690,거래가 조용해져 다음 움직임을 준비하는 모습입니다.,71.4%,1.1%,193300.0
2026-04-29,신중히 매수,SK이노베이션,096770,거래량 급증,100.0%,13.0%,149800.0
2026-04-29,신중히 매수,NC,036570,최근 급등 뒤 숨고르기 구간에 진입했습니다.,50.0%,4.1%,277500.0
2026-04-29,신중히 매수,남해화학,025860,거래가 조용해져 다음 움직임을 준비하는 모습입니다.,50.0%,3.9%,9440.0
2026-04-29,신중히 매수,두산퓨얼셀1우,33626K,거래량 급증,90.0%,13.4%,9350.0
2026-04-29,신중히 매수,069500,069500,거래가 조용해져 다음 움직임을 준비하는 모습입니다.,100.0%,12.0%,101045.0
2026-04-29,신중히 매수,KSS해운,044450,거래가 조용해져 다음 움직임을 준비하는 모습입니다.,60.0%,-0.3%,12860.0
2026-04-29,신중히 매수,삼성생명,032830,"거래가 조용해져 다음 움직임을 준비하는 모습입니다., 최근 급등 뒤 숨고르기 구간에 진입했습니다.",50.0%,-1.4%,252000.0
2026-04-29,신중히 매수,SK우,03473K,거래량 급증,100.0%,11.5%,300500.0
2026-04-29,신중히 매수,한국주강,025890,"거래가 조용해져 다음 움직임을 준비하는 모습입니다., 최근 급등 뒤 숨고르기 구간에 진입했습니다.",50.0%,1.4%,2160.0
2026-04-29,신중히 매수,HD한국조선해양,009540,최근 급등 뒤 숨고르기 구간에 진입했습니다.,100.0%,13.1%,472000.0
2026-04-29,신중히 매수,AMAT,AMAT,거래가 조용해져 다음 움직임을 준비하는 모습입니다.,50.0%,4.7%,382.5899963378906
2026-04-29,신중히 매수,휴비스,079980,"거래가 조용해져 다음 움직임을 준비하는 모습입니다., 거래가 조용해지며 다음 변동성을 준비하는 구간입니다.",50.0%,-2.4%,3435.0
2026-04-29,신중히 매수,한국전자홀딩스,006200,거래가 조용해지며 다음 변동성을 준비하는 구간입니다.,53.8%,-2.1%,801.0
2026-04-29,신중히 매수,태양금속우,004105,거래가 조용해져 다음 움직임을 준비하는 모습입니다.,50.0%,2.2%,4185.0
2026-04-29,신중히 매수,SIMPAC,009160,거래량 급증,90.9%,3.4%,6120.0
2026-04-29,신중히 매수,포스코퓨처엠,003670,최근 급등 뒤 숨고르기 구간에 진입했습니다.,100.0%,12.2%,261000.0
2026-04-29,신중히 매수,KISCO홀딩스,001940,최근 급등 뒤 숨고르기 구간에 진입했습니다.,50.0%,-0.7%,27150.0
2026-04-29,신중히 매수,경인전자,009140,"최근 급등 뒤 숨고르기 구간에 진입했습니다., 과매도 반등 신호",50.0%,-1.2%,23300.0
2026-04-29,신중히 매수,코오롱,002020,거래량 급증,50.0%,6.1%,75000.0
2026-04-29,신중히 매수,화신,010690,최근 급등 뒤 숨고르기 구간에 진입했습니다.,75.0%,4.4%,12820.0
2026-04-29,신중히 매수,인팩,023810,최근 급등 뒤 숨고르기 구간에 진입했습니다.,66.7%,0.4%,9220.0
2026-04-29,신중히 매수,대한유화,006650,거래량 급증,71.4%,9.0%,188000.0
2026-04-29,신중히 매수,영풍,000670,최근 급등 뒤 숨고르기 구간에 진입했습니다.,62.5%,4.4%,67100.0
2026-04-29,신중히 매수,한국종합기술,023350,"거래가 조용해져 다음 움직임을 준비하는 모습입니다., 최근 급등 뒤 숨고르기 구간에 진입했습니다.",50.0%,-0.6%,5340.0
2026-04-29,신중히 매수,NH투자증권우,005945,최근 급등 뒤 숨고르기 구간에 진입했습니다.,50.0%,1.9%,27800.0
2026-04-29,신중히 매수,한화,000880,거래가 조용해져 다음 움직임을 준비하는 모습입니다.,70.0%,0.1%,132500.0
2026-04-29,신중히 매수,일진다이아,081000,최근 급등 뒤 숨고르기 구간에 진입했습니다.,75.0%,7.6%,14990.0
2026-04-29,신중히 매수,케이비아이동국실업,001620,최근 급등 뒤 숨고르기 구간에 진입했습니다.,80.0%,1.4%,642.0
2026-04-29,신중히 매수,KG모빌리티,003620,거래가 조용해져 다음 움직임을 준비하는 모습입니다.,50.0%,0.3%,4420.0
2026-04-29,신중히 매수,삼화전기,009470,거래량 급증,66.7%,10.7%,49000.0
2026-04-29,신중히 매수,현대지에프홀딩스,005440,최근 급등 뒤 숨고르기 구간에 진입했습니다.,62.5%,3.4%,14930.0
2026-04-29,신중히 매수,유엔젤,072130,"거래가 조용해져 다음 움직임을 준비하는 모습입니다., 과매도 반등 신호",75.0%,4.2%,5200.0
2026-04-29,신중히 매수,코스모화학,005420,최근 급등 뒤 숨고르기 구간에 진입했습니다.,66.7%,1.0%,18420.0
2026-04-29,신중히 매수,경인양행,012610,거래량 급증,75.0%,9.4%,5170.0
2026-04-29,신중히 매수,HS효성첨단소재,298050,거래량 급증,100.0%,12.0%,277500.0
2026-04-29,신중히 매수,보령,003850,거래가 조용해져 다음 움직임을 준비하는 모습입니다.,55.6%,-2.1%,10080.0
2026-04-29,신중히 매수,대한제당,001790,거래가 조용해지며 다음 변동성을 준비하는 구간입니다.,50.0%,-1.3%,2975.0
2026-04-29,신중히 매수,KPX케미칼,025000,거래량 급증,80.0%,2.5%,53800.0
2026-04-29,신중히 매수,경농,002100,거래가 조용해져 다음 움직임을 준비하는 모습입니다.,80.0%,1.8%,10160.0
2026-04-29,신중히 매수,신일전자,002700,"거래가 조용해져 다음 움직임을 준비하는 모습입니다., 최근 급등 뒤 숨고르기 구간에 진입했습니다.",50.0%,1.0%,1466.0
2026-04-29,신중히 매수,태광산업,003240,"거래가 조용해져 다음 움직임을 준비하는 모습입니다., 최근 급등 뒤 숨고르기 구간에 진입했습니다.",50.0%,-0.9%,1219000.0
2026-04-29,신중히 매수,KT&amp;G,033780,거래가 조용해져 다음 움직임을 준비하는 모습입니다.,50.0%,1.4%,176500.0
2026-04-29,신중히 매수,금호석유화학,011780,거래량 급증,60.0%,0.8%,150200.0
2026-04-29,신중히 매수,IPARK현대산업개발,294870,거래가 조용해져 다음 움직임을 준비하는 모습입니다.,50.0%,-3.3%,23500.0
2026-04-29,신중히 매수,한화솔루션,009830,최근 급등 뒤 숨고르기 구간에 진입했습니다.,100.0%,14.9%,47950.0
2026-04-29,신중히 매수,현대엘리베이터,017800,"거래가 조용해져 다음 움직임을 준비하는 모습입니다., 최근 급등 뒤 숨고르기 구간에 진입했습니다.",75.0%,3.3%,99000.0
2026-04-29,신중히 매수,HS화성,002460,"거래가 조용해져 다음 움직임을 준비하는 모습입니다., 과매도 반등 신호",50.0%,-1.8%,13110.0
2026-04-29,신중히 매수,경동인베스트,012320,최근 급등 뒤 숨고르기 구간에 진입했습니다.,50.0%,-2.5%,70200.0
2026-04-29,신중히 매수,삼호개발,010960,최근 급등 뒤 숨고르기 구간에 진입했습니다.,50.0%,-1.7%,4015.0
2026-04-29,신중히 매수,경방,000050,거래가 조용해져 다음 움직임을 준비하는 모습입니다.,66.7%,3.7%,10220.0
2026-04-29,신중히 매수,신라교역,004970,거래가 조용해지며 다음 변동성을 준비하는 구간입니다.,60.0%,-0.7%,9700.0
2026-04-29,신중히 매수,세이브존I&amp;C,067830,"거래가 조용해져 다음 움직임을 준비하는 모습입니다., 최근 급등 뒤 숨고르기 구간에 진입했습니다.",50.0%,-0.2%,3185.0
2026-04-29,신중히 매수,DYP,092780,최근 급등 뒤 숨고르기 구간에 진입했습니다.,50.0%,3.9%,5090.0
2026-04-29,신중히 매수,iM금융지주,139130,"거래가 조용해져 다음 움직임을 준비하는 모습입니다., 최근 급등 뒤 숨고르기 구간에 진입했습니다.",80.0%,7.2%,19000.0
2026-04-29,신중히 매수,LG유플러스,032640,거래가 조용해져 다음 움직임을 준비하는 모습입니다.,50.0%,-2.1%,16050.0
2026-04-29,신중히 매수,미창석유,003650,"거래가 조용해져 다음 움직임을 준비하는 모습입니다., 거래가 조용해지며 다음 변동성을 준비하는 구간입니다.",55.6%,-0.9%,122400.0
2026-04-29,신중히 매수,포스코DX,022100,최근 급등 뒤 숨고르기 구간에 진입했습니다.,83.3%,8.0%,36350.0
2026-04-29,신중히 매수,BYC,001460,최근 급등 뒤 숨고르기 구간에 진입했습니다.,90.9%,2.9%,50200.0
2026-04-29,추가 확인 후 매수,GS건설,006360,"거래가 조용해져 다음 움직임을 준비하는 모습입니다., 최근 급등 뒤 숨고르기 구간에 진입했습니다.",40.0%,2.1%,41700.0
2026-04-29,추가 확인 후 매수,한국카본,017960,"거래가 조용해져 다음 움직임을 준비하는 모습입니다., 거래가 조용해지며 다음 변동성을 준비하는 구간입니다.",42.9%,2.5%,50400.0
2026-04-29,추가 확인 후 매수,CSCO,CSCO,최근 급등 뒤 숨고르기 구간에 진입했습니다.,40.0%,0.6%,89.56999969482422
2026-04-29,추가 확인 후 매수,SK텔레콤,017670,거래가 조용해져 다음 움직임을 준비하는 모습입니다.,40.0%,-2.1%,95600.0
2026-04-29,추가 확인 후 매수,에코프로머티,450080,최근 급등 뒤 숨고르기 구간에 진입했습니다.,40.0%,-0.4%,83700.0
2026-04-29,추가 확인 후 매수,대한해운,005880,거래가 조용해져 다음 움직임을 준비하는 모습입니다.,42.9%,6.4%,2645.0
2026-04-29,추가 확인 후 매수,DSR,155660,거래가 조용해져 다음 움직임을 준비하는 모습입니다.,42.9%,-0.5%,4600.0
2026-04-29,추가 확인 후 매수,인지컨트롤스,023800,거래가 조용해져 다음 움직임을 준비하는 모습입니다.,44.4%,0.9%,8190.0
2026-04-29,추가 확인 후 매수,한화3우B,00088K,"거래가 조용해져 다음 움직임을 준비하는 모습입니다., 최근 급등 뒤 숨고르기 구간에 진입했습니다., 거래가 조용해지며 다음 변동성을 준비하는 구간입니다.",40.0%,-2.5%,49700.0
2026-04-29,추가 확인 후 매수,무림페이퍼,009200,과매도 반등 신호,80.0%,7.9%,2035.0
2026-04-29,추가 확인 후 매수,우진아이엔에스,010400,"거래가 조용해져 다음 움직임을 준비하는 모습입니다., 최근 급등 뒤 숨고르기 구간에 진입했습니다.",40.0%,-1.6%,4175.0
2026-04-29,추가 확인 후 매수,고려아연,010130,거래가 조용해져 다음 움직임을 준비하는 모습입니다.,40.0%,-1.9%,1604000.0
2026-04-29,추가 확인 후 매수,이화산업,000760,최근 급등 뒤 숨고르기 구간에 진입했습니다.,40.0%,-3.2%,15890.0
2026-04-29,추가 확인 후 매수,영원무역,111770,"거래가 조용해져 다음 움직임을 준비하는 모습입니다., 최근 급등 뒤 숨고르기 구간에 진입했습니다., 거래가 조용해지며 다음 변동성을 준비하는 구간입니다.",44.4%,-2.7%,84200.0
2026-04-29,추가 확인 후 매수,한올바이오파마,009420,"거래가 조용해져 다음 움직임을 준비하는 모습입니다., 거래가 조용해지며 다음 변동성을 준비하는 구간입니다.",45.5%,-1.7%,49500.0
2026-04-29,추가 확인 후 매수,셀트리온,068270,"거래가 조용해져 다음 움직임을 준비하는 모습입니다., 최근 급등 뒤 숨고르기 구간에 진입했습니다.",45.5%,-2.5%,204000.0
2026-04-29,추가 확인 후 매수,한국타이어앤테크놀로지,161390,거래가 조용해져 다음 움직임을 준비하는 모습입니다.,40.0%,-1.9%,61200.0
2026-05-04,신중히 매수,대우건설,047040,최근 급등 뒤 숨고르기 구간에 진입했습니다.,77.8%,18.1%,32150.0
2026-05-04,신중히 매수,대덕전자,353200,최근 급등 뒤 숨고르기 구간에 진입했습니다.,60.0%,6.3%,114400.0
2026-05-04,신중히 매수,OCI,456040,최근 급등 뒤 숨고르기 구간에 진입했습니다.,65.6%,6.9%,144300.0
2026-05-04,신중히 매수,GS건설,006360,"거래가 조용해져 다음 움직임을 준비하는 모습입니다., 거래가 조용해지며 다음 변동성을 준비하는 구간입니다.",53.3%,8.0%,35950.0
2026-05-04,신중히 매수,비에이치,090460,거래가 조용해져 다음 움직임을 준비하는 모습입니다.,70.8%,11.0%,31950.0
2026-05-04,신중히 매수,WISCOM,024070,거래량 급증,95.0%,8.0%,2810.0
2026-05-04,신중히 매수,서원,021050,거래량 급증,56.2%,2.3%,1849.0
2026-05-04,신중히 매수,씨에스윈드,112610,거래가 조용해지며 다음 변동성을 준비하는 구간입니다.,50.0%,3.6%,69700.0
2026-05-04,신중히 매수,DL,000210,최근 급등 뒤 숨고르기 구간에 진입했습니다.,81.0%,6.4%,67400.0
2026-05-04,신중히 매수,HD건설기계,267270,최근 급등 뒤 숨고르기 구간에 진입했습니다.,53.3%,5.2%,191100.0
2026-05-04,신중히 매수,LX하우시스,108670,거래량 급증,60.0%,4.7%,42500.0
2026-05-04,신중히 매수,동국홀딩스,001230,거래가 조용해지며 다음 변동성을 준비하는 구간입니다.,52.9%,0.6%,11400.0
2026-05-04,신중히 매수,DSR제강,069730,거래가 조용해져 다음 움직임을 준비하는 모습입니다.,53.3%,2.8%,5730.0
2026-05-04,신중히 매수,한솔테크닉스,004710,거래가 조용해져 다음 움직임을 준비하는 모습입니다.,50.0%,1.2%,8260.0
2026-05-04,신중히 매수,CVX,CVX,"거래가 조용해져 다음 움직임을 준비하는 모습입니다., 거래가 조용해지며 다음 변동성을 준비하는 구간입니다.",78.1%,5.0%,192.39010620117188
2026-05-04,신중히 매수,화승코퍼레이션,013520,거래량 급증,53.7%,3.9%,3365.0
2026-05-04,신중히 매수,삼일씨엔에스,004440,거래가 조용해지며 다음 변동성을 준비하는 구간입니다.,59.4%,2.6%,7660.0
2026-05-04,신중히 매수,한섬,020000,거래가 조용해져 다음 움직임을 준비하는 모습입니다.,60.9%,3.3%,26400.0
2026-05-04,신중히 매수,한양증권우,001755,거래가 조용해져 다음 움직임을 준비하는 모습입니다.,53.8%,5.4%,29650.0
2026-05-04,신중히 매수,SK우,03473K,거래량 급증,58.3%,4.4%,326000.0
2026-05-04,신중히 매수,BGF,027410,거래가 조용해지며 다음 변동성을 준비하는 구간입니다.,54.5%,2.0%,5290.0
2026-05-04,신중히 매수,SIMPAC,009160,거래량 급증,71.0%,2.4%,6440.0
2026-05-04,신중히 매수,이수스페셜티케미컬,457190,최근 급등 뒤 숨고르기 구간에 진입했습니다.,61.8%,6.0%,123600.0
2026-05-04,신중히 매수,무림P&amp;P,009580,최근 급등 뒤 숨고르기 구간에 진입했습니다.,72.7%,11.1%,2995.0
2026-05-04,신중히 매수,에이블씨엔씨,078520,최근 급등 뒤 숨고르기 구간에 진입했습니다.,57.7%,5.9%,14250.0
2026-05-04,신중히 매수,BYC우,001465,최근 급등 뒤 숨고르기 구간에 진입했습니다.,88.6%,7.5%,33900.0
2026-05-04,신중히 매수,한국콜마,161890,거래가 조용해져 다음 움직임을 준비하는 모습입니다.,66.7%,7.9%,88700.0
2026-05-04,신중히 매수,신세계인터내셔날,031430,최근 급등 뒤 숨고르기 구간에 진입했습니다.,63.9%,4.5%,14860.0
2026-05-04,신중히 매수,솔루스첨단소재1우,33637K,최근 급등 뒤 숨고르기 구간에 진입했습니다.,71.0%,3.5%,2655.0
2026-05-04,신중히 매수,이구산업,025820,거래량 급증,57.1%,1.4%,6540.0
2026-05-04,신중히 매수,코스모신소재,005070,최근 급등 뒤 숨고르기 구간에 진입했습니다.,67.9%,6.6%,62700.0
2026-05-04,신중히 매수,코람코더원리츠,417310,거래가 조용해져 다음 움직임을 준비하는 모습입니다.,64.7%,1.3%,10210.0
2026-05-04,신중히 매수,경인전자,009140,최근 급등 뒤 숨고르기 구간에 진입했습니다.,84.8%,2.1%,23500.0
2026-05-04,신중히 매수,영풍,000670,"거래가 조용해져 다음 움직임을 준비하는 모습입니다., 최근 급등 뒤 숨고르기 구간에 진입했습니다.",64.7%,3.7%,67500.0
2026-05-04,신중히 매수,DL우,000215,거래가 조용해지며 다음 변동성을 준비하는 구간입니다.,74.1%,2.9%,29250.0
2026-05-04,신중히 매수,KSS해운,044450,"거래가 조용해져 다음 움직임을 준비하는 모습입니다., 최근 급등 뒤 숨고르기 구간에 진입했습니다.",67.9%,5.4%,12760.0
2026-05-04,신중히 매수,써니전자,004770,거래가 조용해져 다음 움직임을 준비하는 모습입니다.,55.6%,1.6%,1840.0
2026-05-04,신중히 매수,인지컨트롤스,023800,거래가 조용해져 다음 움직임을 준비하는 모습입니다.,68.4%,3.9%,8390.0
2026-05-04,신중히 매수,동부건설,005960,"거래가 조용해져 다음 움직임을 준비하는 모습입니다., 거래가 조용해지며 다음 변동성을 준비하는 구간입니다.",52.5%,4.5%,9540.0
2026-05-04,신중히 매수,미원화학,134380,"거래가 조용해져 다음 움직임을 준비하는 모습입니다., 최근 급등 뒤 숨고르기 구간에 진입했습니다.",62.2%,3.2%,12890.0
2026-05-04,신중히 매수,신세계푸드,031440,최근 급등 뒤 숨고르기 구간에 진입했습니다.,82.9%,2.1%,51600.0
2026-05-04,신중히 매수,고려제강,002240,거래가 조용해져 다음 움직임을 준비하는 모습입니다.,50.0%,2.4%,25400.0
2026-05-04,신중히 매수,LF,093050,거래가 조용해지며 다음 변동성을 준비하는 구간입니다.,60.0%,3.2%,25050.0
2026-05-04,신중히 매수,태광산업,003240,"거래가 조용해져 다음 움직임을 준비하는 모습입니다., 거래가 조용해지며 다음 변동성을 준비하는 구간입니다.",59.3%,3.2%,1190000.0
2026-05-04,신중히 매수,현대홈쇼핑,057050,최근 급등 뒤 숨고르기 구간에 진입했습니다.,51.7%,2.1%,85500.0
2026-05-04,신중히 매수,한양증권,001750,거래가 조용해져 다음 움직임을 준비하는 모습입니다.,50.0%,4.8%,29150.0
2026-05-04,신중히 매수,한국쉘석유,002960,거래가 조용해지며 다음 변동성을 준비하는 구간입니다.,58.7%,1.1%,495500.0
2026-05-04,신중히 매수,신일전자,002700,거래가 조용해져 다음 움직임을 준비하는 모습입니다.,56.5%,2.2%,1465.0
2026-05-04,신중히 매수,금호건설,002990,거래가 조용해지며 다음 변동성을 준비하는 구간입니다.,57.1%,2.9%,5480.0
2026-05-04,신중히 매수,오리온,271560,최근 급등 뒤 숨고르기 구간에 진입했습니다.,55.9%,2.0%,142800.0
2026-05-04,신중히 매수,영화금속,012280,거래가 조용해져 다음 움직임을 준비하는 모습입니다.,67.5%,3.5%,1086.0
2026-05-04,신중히 매수,GS리테일,007070,"거래가 조용해져 다음 움직임을 준비하는 모습입니다., 최근 급등 뒤 숨고르기 구간에 진입했습니다., 거래가 조용해지며 다음 변동성을 준비하는 구간입니다.",59.5%,3.4%,23050.0
2026-05-04,신중히 매수,TP,007980,"거래가 조용해져 다음 움직임을 준비하는 모습입니다., 최근 급등 뒤 숨고르기 구간에 진입했습니다.",62.1%,4.1%,2140.0
2026-05-04,신중히 매수,HS화성,002460,거래가 조용해져 다음 움직임을 준비하는 모습입니다.,51.5%,2.1%,14000.0
2026-05-04,신중히 매수,까뮤이앤씨,013700,"거래가 조용해져 다음 움직임을 준비하는 모습입니다., 거래가 조용해지며 다음 변동성을 준비하는 구간입니다.",63.2%,2.5%,1392.0
2026-05-04,신중히 매수,HL D&amp;I,014790,"거래가 조용해져 다음 움직임을 준비하는 모습입니다., 거래가 조용해지며 다음 변동성을 준비하는 구간입니다.",55.6%,1.8%,3450.0
2026-05-04,신중히 매수,영원무역,111770,거래가 조용해지며 다음 변동성을 준비하는 구간입니다.,54.2%,0.4%,85500.0
2026-05-04,신중히 매수,다스코,058730,"거래가 조용해져 다음 움직임을 준비하는 모습입니다., 거래가 조용해지며 다음 변동성을 준비하는 구간입니다.",54.1%,2.9%,3750.0
2026-05-04,신중히 매수,넥센타이어1우B,002355,거래가 조용해지며 다음 변동성을 준비하는 구간입니다.,54.1%,0.3%,4350.0
2026-05-04,신중히 매수,BGF리테일,282330,거래가 조용해져 다음 움직임을 준비하는 모습입니다.,55.6%,3.9%,132400.0
2026-05-04,신중히 매수,SK케미칼우,28513K,거래가 조용해져 다음 움직임을 준비하는 모습입니다.,87.5%,2.0%,27850.0
2026-05-04,신중히 매수,F&amp;F홀딩스,007700,거래량 급증,50.0%,-1.0%,20250.0
2026-05-04,신중히 매수,삼호개발,010960,"거래가 조용해져 다음 움직임을 준비하는 모습입니다., 거래가 조용해지며 다음 변동성을 준비하는 구간입니다.",50.0%,0.3%,3945.0
2026-05-04,신중히 매수,iM금융지주,139130,"거래가 조용해져 다음 움직임을 준비하는 모습입니다., 최근 급등 뒤 숨고르기 구간에 진입했습니다.",74.1%,4.5%,19300.0
2026-05-04,신중히 매수,넥센우,005725,최근 급등 뒤 숨고르기 구간에 진입했습니다.,80.0%,5.6%,4700.0
2026-05-04,신중히 매수,보령,003850,"거래가 조용해져 다음 움직임을 준비하는 모습입니다., 최근 급등 뒤 숨고르기 구간에 진입했습니다.",54.8%,1.8%,10010.0
2026-05-04,신중히 매수,롯데칠성우,005305,거래가 조용해지며 다음 변동성을 준비하는 구간입니다.,67.7%,2.5%,81900.0
2026-05-04,신중히 매수,현대엘리베이터,017800,거래가 조용해져 다음 움직임을 준비하는 모습입니다.,58.3%,3.3%,100100.0
2026-05-04,신중히 매수,LG유플러스,032640,거래가 조용해져 다음 움직임을 준비하는 모습입니다.,66.7%,3.3%,15990.0
2026-05-04,신중히 매수,KT,030200,과매도 반등 신호,68.2%,1.3%,60600.0
2026-05-04,신중히 매수,롯데칠성,005300,거래량 급증,76.9%,3.7%,126400.0
2026-05-04,신중히 매수,BYC,001460,최근 급등 뒤 숨고르기 구간에 진입했습니다.,73.3%,4.2%,50800.0
2026-05-04,추가 확인 후 매수,광전자,017900,거래가 조용해져 다음 움직임을 준비하는 모습입니다.,44.4%,4.5%,10430.0
2026-05-04,추가 확인 후 매수,산일전기,062040,거래량 급증,45.0%,3.2%,333500.0
2026-05-04,추가 확인 후 매수,에이엔피,015260,거래가 조용해져 다음 움직임을 준비하는 모습입니다.,45.8%,7.3%,744.0
2026-05-04,추가 확인 후 매수,SK이터닉스,475150,거래가 조용해지며 다음 변동성을 준비하는 구간입니다.,48.3%,2.9%,55200.0
2026-05-04,추가 확인 후 매수,AMD,AMD,최근 급등 뒤 숨고르기 구간에 진입했습니다.,44.0%,-0.8%,340.0
2026-05-04,추가 확인 후 매수,신성이엔지,011930,"최근 급등 뒤 숨고르기 구간에 진입했습니다., 거래가 조용해지며 다음 변동성을 준비하는 구간입니다.",44.4%,1.9%,3995.0
2026-05-04,추가 확인 후 매수,일진홀딩스,015860,거래량 급증,40.0%,5.3%,13410.0
2026-05-04,추가 확인 후 매수,DL이앤씨2우(전환),37550L,"거래가 조용해져 다음 움직임을 준비하는 모습입니다., 거래가 조용해지며 다음 변동성을 준비하는 구간입니다.",42.1%,3.9%,54400.0
2026-05-04,추가 확인 후 매수,두산에너빌리티,034020,최근 급등 뒤 숨고르기 구간에 진입했습니다.,42.9%,3.2%,127200.0
2026-05-04,추가 확인 후 매수,한국주강,025890,거래가 조용해져 다음 움직임을 준비하는 모습입니다.,46.2%,1.8%,2205.0
2026-05-04,추가 확인 후 매수,대덕1우,00806K,"최근 급등 뒤 숨고르기 구간에 진입했습니다., 거래가 조용해지며 다음 변동성을 준비하는 구간입니다.",48.3%,1.5%,11600.0
2026-05-04,추가 확인 후 매수,한전기술,052690,거래가 조용해져 다음 움직임을 준비하는 모습입니다.,47.1%,0.6%,186300.0
2026-05-04,추가 확인 후 매수,한국전자홀딩스,006200,거래가 조용해지며 다음 변동성을 준비하는 구간입니다.,40.0%,4.6%,801.0
2026-05-04,추가 확인 후 매수,SK네트웍스,001740,거래량 급증,44.4%,3.0%,6590.0
2026-05-04,추가 확인 후 매수,대창,012800,거래량 급증,40.0%,2.6%,1761.0
2026-05-04,추가 확인 후 매수,SK텔레콤,017670,거래가 조용해져 다음 움직임을 준비하는 모습입니다.,46.9%,2.8%,97400.0
2026-05-04,추가 확인 후 매수,LG에너지솔루션,373220,최근 급등 뒤 숨고르기 구간에 진입했습니다.,43.3%,2.8%,472000.0
2026-05-04,추가 확인 후 매수,한화,000880,거래가 조용해지며 다음 변동성을 준비하는 구간입니다.,40.5%,1.6%,139900.0
2026-05-04,추가 확인 후 매수,경인양행,012610,거래량 급증,48.9%,2.2%,5630.0
2026-05-04,추가 확인 후 매수,태양금속우,004105,거래가 조용해져 다음 움직임을 준비하는 모습입니다.,44.4%,4.0%,4150.0
2026-05-04,추가 확인 후 매수,이월드,084680,거래가 조용해져 다음 움직임을 준비하는 모습입니다.,48.6%,2.8%,1931.0
2026-05-04,추가 확인 후 매수,한신공영,004960,거래가 조용해져 다음 움직임을 준비하는 모습입니다.,41.4%,5.7%,14420.0
2026-05-04,추가 확인 후 매수,대한해운,005880,거래가 조용해져 다음 움직임을 준비하는 모습입니다.,43.3%,4.3%,2600.0
2026-05-04,추가 확인 후 매수,유엔젤,072130,거래가 조용해져 다음 움직임을 준비하는 모습입니다.,40.0%,1.7%,5160.0
2026-05-04,추가 확인 후 매수,부국증권우,001275,"거래가 조용해져 다음 움직임을 준비하는 모습입니다., 거래가 조용해지며 다음 변동성을 준비하는 구간입니다.",46.2%,0.6%,36400.0
2026-05-04,추가 확인 후 매수,자화전자,033240,최근 급등 뒤 숨고르기 구간에 진입했습니다.,47.1%,6.8%,47700.0
2026-05-04,추가 확인 후 매수,우진아이엔에스,010400,"거래가 조용해져 다음 움직임을 준비하는 모습입니다., 최근 급등 뒤 숨고르기 구간에 진입했습니다.",42.1%,0.9%,4195.0
2026-05-04,추가 확인 후 매수,한화3우B,00088K,"거래가 조용해져 다음 움직임을 준비하는 모습입니다., 거래가 조용해지며 다음 변동성을 준비하는 구간입니다.",42.5%,2.0%,50500.0
2026-05-04,추가 확인 후 매수,PKC,001340,거래가 조용해져 다음 움직임을 준비하는 모습입니다.,48.5%,2.8%,7390.0
2026-05-04,추가 확인 후 매수,디와이파워,210540,거래가 조용해져 다음 움직임을 준비하는 모습입니다.,45.5%,2.3%,16300.0
2026-05-04,추가 확인 후 매수,국도화학,007690,"거래가 조용해져 다음 움직임을 준비하는 모습입니다., 최근 급등 뒤 숨고르기 구간에 진입했습니다.",43.8%,1.4%,40900.0
2026-05-04,추가 확인 후 매수,국제약품,002720,거래가 조용해져 다음 움직임을 준비하는 모습입니다.,45.2%,-0.9%,4710.0
2026-05-04,추가 확인 후 매수,KG모빌리티,003620,거래가 조용해져 다음 움직임을 준비하는 모습입니다.,43.5%,-0.3%,4440.0
2026-05-04,추가 확인 후 매수,팬오션,028670,최근 급등 뒤 숨고르기 구간에 진입했습니다.,46.9%,1.6%,5640.0
2026-05-04,추가 확인 후 매수,무림페이퍼,009200,"거래가 조용해져 다음 움직임을 준비하는 모습입니다., 최근 급등 뒤 숨고르기 구간에 진입했습니다., 과매도 반등 신호",60.0%,7.0%,2030.0
2026-05-04,추가 확인 후 매수,대한제당,001790,과매도 반등 신호,57.9%,0.5%,2890.0
2026-05-04,추가 확인 후 매수,대한제분,001130,최근 급등 뒤 숨고르기 구간에 진입했습니다.,43.8%,-0.4%,156500.0
2026-05-04,추가 확인 후 매수,동아지질,028100,거래량 급증,41.9%,-0.1%,18520.0
2026-05-04,추가 확인 후 매수,오리온홀딩스,001800,최근 급등 뒤 숨고르기 구간에 진입했습니다.,45.5%,0.5%,24900.0
2026-05-04,추가 확인 후 매수,경방,000050,거래가 조용해져 다음 움직임을 준비하는 모습입니다.,49.0%,2.9%,10320.0
2026-05-04,추가 확인 후 매수,농심홀딩스,072710,"거래가 조용해져 다음 움직임을 준비하는 모습입니다., 거래가 조용해지며 다음 변동성을 준비하는 구간입니다.",47.2%,0.4%,97200.0
2026-05-04,추가 확인 후 매수,넥센,005720,최근 급등 뒤 숨고르기 구간에 진입했습니다.,44.4%,2.0%,7200.0
2026-05-04,추가 확인 후 매수,LX홀딩스1우,38380K,최근 급등 뒤 숨고르기 구간에 진입했습니다.,44.4%,-0.5%,8870.0
2026-05-04,추가 확인 후 매수,한화생명,088350,"거래가 조용해져 다음 움직임을 준비하는 모습입니다., 거래가 조용해지며 다음 변동성을 준비하는 구간입니다.",40.0%,-0.0%,5040.0
2026-05-04,추가 확인 후 매수,대림바스,005750,거래가 조용해지며 다음 변동성을 준비하는 구간입니다.,40.9%,1.9%,5660.0
2026-05-04,추가 확인 후 매수,광주신세계,037710,"거래가 조용해져 다음 움직임을 준비하는 모습입니다., 거래가 조용해지며 다음 변동성을 준비하는 구간입니다.",41.9%,-0.4%,38100.0
2026-05-04,추가 확인 후 매수,대상홀딩스우,084695,거래가 조용해져 다음 움직임을 준비하는 모습입니다.,44.4%,-0.3%,14300.0
2026-05-04,추가 확인 후 매수,고려아연,010130,거래가 조용해지며 다음 변동성을 준비하는 구간입니다.,46.2%,4.2%,1629000.0
2026-05-04,추가 확인 후 매수,NH투자증권우,005945,최근 급등 뒤 숨고르기 구간에 진입했습니다.,40.7%,1.9%,28200.0
2026-05-04,추가 확인 후 매수,경동도시가스,267290,"거래가 조용해져 다음 움직임을 준비하는 모습입니다., 거래가 조용해지며 다음 변동성을 준비하는 구간입니다.",46.4%,-0.5%,23000.0
2026-05-04,추가 확인 후 매수,영보화학,014440,거래가 조용해져 다음 움직임을 준비하는 모습입니다.,41.2%,0.4%,4795.0
2026-05-04,추가 확인 후 매수,동성케미컬,102260,거래가 조용해져 다음 움직임을 준비하는 모습입니다.,43.8%,0.4%,4370.0
2026-05-04,추가 확인 후 매수,현대위아,011210,"거래가 조용해져 다음 움직임을 준비하는 모습입니다., 최근 급등 뒤 숨고르기 구간에 진입했습니다.",40.0%,1.5%,82900.0
2026-05-04,추가 확인 후 매수,NHN,181710,"거래가 조용해져 다음 움직임을 준비하는 모습입니다., 최근 급등 뒤 숨고르기 구간에 진입했습니다.",46.5%,2.3%,40600.0
2026-05-04,추가 확인 후 매수,대상우,001685,거래가 조용해져 다음 움직임을 준비하는 모습입니다.,83.3%,2.0%,16750.0
2026-05-04,추가 확인 후 매수,세이브존I&amp;C,067830,"거래가 조용해져 다음 움직임을 준비하는 모습입니다., 최근 급등 뒤 숨고르기 구간에 진입했습니다.",44.7%,1.2%,3215.0
2026-05-04,추가 확인 후 매수,이화산업,000760,"거래가 조용해져 다음 움직임을 준비하는 모습입니다., 최근 급등 뒤 숨고르기 구간에 진입했습니다.",47.4%,2.4%,16000.0
2026-05-04,추가 확인 후 매수,제일약품,271980,"거래가 조용해져 다음 움직임을 준비하는 모습입니다., 최근 급등 뒤 숨고르기 구간에 진입했습니다.",75.0%,7.4%,13960.0
2026-05-04,추가 확인 후 매수,이마트,139480,"거래가 조용해져 다음 움직임을 준비하는 모습입니다., 최근 급등 뒤 숨고르기 구간에 진입했습니다.",42.9%,0.6%,105900.0
2026-05-04,추가 확인 후 매수,신라교역,004970,거래가 조용해지며 다음 변동성을 준비하는 구간입니다.,47.8%,0.1%,9600.0
2026-05-04,추가 확인 후 매수,SP삼화,000390,"거래가 조용해져 다음 움직임을 준비하는 모습입니다., 거래가 조용해지며 다음 변동성을 준비하는 구간입니다.",45.5%,4.6%,9260.0
2026-05-04,추가 확인 후 매수,CS홀딩스,000590,거래가 조용해지며 다음 변동성을 준비하는 구간입니다.,55.6%,-0.0%,80200.0
2026-05-04,추가 확인 후 매수,091170,091170,거래가 조용해져 다음 움직임을 준비하는 모습입니다.,46.7%,1.3%,15700.0
2026-05-04,추가 확인 후 매수,디아이,003160,거래가 조용해지며 다음 변동성을 준비하는 구간입니다.,43.3%,1.4%,33800.0
2026-05-04,추가 확인 후 매수,한전산업,130660,최근 급등 뒤 숨고르기 구간에 진입했습니다.,45.2%,1.4%,20600.0
2026-05-04,추가 확인 후 매수,CJ우,001045,거래가 조용해져 다음 움직임을 준비하는 모습입니다.,47.1%,1.8%,90800.0
2026-05-04,추가 확인 후 매수,기아,000270,"최근 급등 뒤 숨고르기 구간에 진입했습니다., 거래가 조용해지며 다음 변동성을 준비하는 구간입니다.",45.7%,2.7%,154000.0
2026-05-04,추가 확인 후 매수,서연이화,200880,"거래가 조용해져 다음 움직임을 준비하는 모습입니다., 최근 급등 뒤 숨고르기 구간에 진입했습니다.",44.1%,0.1%,14310.0
2026-05-04,추가 확인 후 매수,대상,001680,거래가 조용해져 다음 움직임을 준비하는 모습입니다.,40.0%,-0.8%,20450.0
2026-05-04,추가 확인 후 매수,노루홀딩스,000320,"거래가 조용해져 다음 움직임을 준비하는 모습입니다., 거래가 조용해지며 다음 변동성을 준비하는 구간입니다.",50.0%,0.2%,22000.0
2026-05-04,추가 확인 후 매수,키움증권,039490,바닥권 반등 신호(BB 하단),40.0%,0.8%,422500.0
2026-05-04,추가 확인 후 매수,한화솔루션,009830,최근 급등 뒤 숨고르기 구간에 진입했습니다.,41.4%,2.9%,49900.0
2026-05-04,추가 확인 후 매수,한국공항,005430,"거래가 조용해져 다음 움직임을 준비하는 모습입니다., 거래가 조용해지며 다음 변동성을 준비하는 구간입니다.",81.8%,2.4%,58700.0
2026-05-04,추가 확인 후 매수,대웅,003090,"거래가 조용해져 다음 움직임을 준비하는 모습입니다., 거래가 조용해지며 다음 변동성을 준비하는 구간입니다.",40.0%,-0.2%,22400.0
2026-05-04,추가 확인 후 매수,한올바이오파마,009420,거래가 조용해지며 다음 변동성을 준비하는 구간입니다.,40.0%,-0.1%,46300.0
2026-05-04,추가 확인 후 매수,한국앤컴퍼니,000240,"거래가 조용해져 다음 움직임을 준비하는 모습입니다., 거래가 조용해지며 다음 변동성을 준비하는 구간입니다.",42.9%,2.6%,25300.0
2026-05-04,추가 확인 후 매수,한진칼우,18064K,"거래가 조용해져 다음 움직임을 준비하는 모습입니다., 거래가 조용해지며 다음 변동성을 준비하는 구간입니다.",50.0%,1.4%,32800.0
2026-05-04,추가 확인 후 매수,성창기업지주,000180,거래가 조용해지며 다음 변동성을 준비하는 구간입니다.,50.0%,-0.9%,7150.0
2026-05-04,추가 확인 후 매수,하이브,352820,거래가 조용해지며 다음 변동성을 준비하는 구간입니다.,56.2%,1.4%,257500.0
2026-05-04,추가 확인 후 매수,광명전기,017040,"거래가 조용해져 다음 움직임을 준비하는 모습입니다., 거래가 조용해지며 다음 변동성을 준비하는 구간입니다.",60.0%,0.1%,932.0
2026-05-04,신중히 매수,대우건설,047040,최근 급등 뒤 숨고르기 구간에 진입했습니다.,77.8%,18.1%,32150.0
2026-05-04,신중히 매수,대덕전자,353200,최근 급등 뒤 숨고르기 구간에 진입했습니다.,60.0%,6.3%,114400.0
2026-05-04,신중히 매수,OCI,456040,최근 급등 뒤 숨고르기 구간에 진입했습니다.,65.6%,6.9%,144300.0
2026-05-04,신중히 매수,GS건설,006360,"거래가 조용해져 다음 움직임을 준비하는 모습입니다., 거래가 조용해지며 다음 변동성을 준비하는 구간입니다.",53.3%,8.0%,35950.0
2026-05-04,신중히 매수,비에이치,090460,거래가 조용해져 다음 움직임을 준비하는 모습입니다.,70.8%,11.0%,31950.0
2026-05-04,신중히 매수,WISCOM,024070,거래량 급증,95.0%,8.0%,2810.0
2026-05-04,신중히 매수,서원,021050,거래량 급증,56.2%,2.3%,1849.0
2026-05-04,신중히 매수,씨에스윈드,112610,거래가 조용해지며 다음 변동성을 준비하는 구간입니다.,50.0%,3.6%,69700.0
2026-05-04,신중히 매수,DL,000210,최근 급등 뒤 숨고르기 구간에 진입했습니다.,81.0%,6.4%,67400.0
2026-05-04,신중히 매수,HD건설기계,267270,최근 급등 뒤 숨고르기 구간에 진입했습니다.,53.3%,5.2%,191100.0
2026-05-04,신중히 매수,LX하우시스,108670,거래량 급증,60.0%,4.7%,42500.0
2026-05-04,신중히 매수,동국홀딩스,001230,거래가 조용해지며 다음 변동성을 준비하는 구간입니다.,52.9%,0.6%,11400.0
2026-05-04,신중히 매수,DSR제강,069730,거래가 조용해져 다음 움직임을 준비하는 모습입니다.,53.3%,2.8%,5730.0
2026-05-04,신중히 매수,한솔테크닉스,004710,거래가 조용해져 다음 움직임을 준비하는 모습입니다.,50.0%,1.2%,8260.0
2026-05-04,신중히 매수,CVX,CVX,"거래가 조용해져 다음 움직임을 준비하는 모습입니다., 거래가 조용해지며 다음 변동성을 준비하는 구간입니다.",78.1%,5.0%,192.5200958251953
2026-05-04,신중히 매수,화승코퍼레이션,013520,거래량 급증,53.7%,3.9%,3365.0
2026-05-04,신중히 매수,삼일씨엔에스,004440,거래가 조용해지며 다음 변동성을 준비하는 구간입니다.,59.4%,2.6%,7660.0
2026-05-04,신중히 매수,한섬,020000,거래가 조용해져 다음 움직임을 준비하는 모습입니다.,60.9%,3.3%,26400.0
2026-05-04,신중히 매수,한양증권우,001755,거래가 조용해져 다음 움직임을 준비하는 모습입니다.,53.8%,5.4%,29650.0
2026-05-04,신중히 매수,SK우,03473K,거래량 급증,58.3%,4.4%,326000.0
2026-05-04,신중히 매수,BGF,027410,거래가 조용해지며 다음 변동성을 준비하는 구간입니다.,54.5%,2.0%,5290.0
2026-05-04,신중히 매수,SIMPAC,009160,거래량 급증,71.0%,2.4%,6440.0
2026-05-04,신중히 매수,이수스페셜티케미컬,457190,최근 급등 뒤 숨고르기 구간에 진입했습니다.,61.8%,6.0%,123600.0
2026-05-04,신중히 매수,무림P&amp;P,009580,최근 급등 뒤 숨고르기 구간에 진입했습니다.,72.7%,11.1%,2995.0
2026-05-04,신중히 매수,에이블씨엔씨,078520,최근 급등 뒤 숨고르기 구간에 진입했습니다.,57.7%,5.9%,14250.0
2026-05-04,신중히 매수,BYC우,001465,최근 급등 뒤 숨고르기 구간에 진입했습니다.,88.6%,7.5%,33900.0
2026-05-04,신중히 매수,한국콜마,161890,거래가 조용해져 다음 움직임을 준비하는 모습입니다.,66.7%,7.9%,88700.0
2026-05-04,신중히 매수,신세계인터내셔날,031430,최근 급등 뒤 숨고르기 구간에 진입했습니다.,63.9%,4.5%,14860.0
2026-05-04,신중히 매수,솔루스첨단소재1우,33637K,최근 급등 뒤 숨고르기 구간에 진입했습니다.,71.0%,3.5%,2655.0
2026-05-04,신중히 매수,이구산업,025820,거래량 급증,57.1%,1.4%,6540.0
2026-05-04,신중히 매수,코스모신소재,005070,최근 급등 뒤 숨고르기 구간에 진입했습니다.,67.9%,6.6%,62700.0
2026-05-04,신중히 매수,코람코더원리츠,417310,거래가 조용해져 다음 움직임을 준비하는 모습입니다.,64.7%,1.3%,10210.0
2026-05-04,신중히 매수,경인전자,009140,최근 급등 뒤 숨고르기 구간에 진입했습니다.,84.8%,2.1%,23500.0
2026-05-04,신중히 매수,영풍,000670,"거래가 조용해져 다음 움직임을 준비하는 모습입니다., 최근 급등 뒤 숨고르기 구간에 진입했습니다.",64.7%,3.7%,67500.0
2026-05-04,신중히 매수,DL우,000215,거래가 조용해지며 다음 변동성을 준비하는 구간입니다.,74.1%,2.9%,29250.0
2026-05-04,신중히 매수,KSS해운,044450,"거래가 조용해져 다음 움직임을 준비하는 모습입니다., 최근 급등 뒤 숨고르기 구간에 진입했습니다.",67.9%,5.4%,12760.0
2026-05-04,신중히 매수,써니전자,004770,거래가 조용해져 다음 움직임을 준비하는 모습입니다.,55.6%,1.6%,1840.0
2026-05-04,신중히 매수,인지컨트롤스,023800,거래가 조용해져 다음 움직임을 준비하는 모습입니다.,68.4%,3.9%,8390.0
2026-05-04,신중히 매수,동부건설,005960,"거래가 조용해져 다음 움직임을 준비하는 모습입니다., 거래가 조용해지며 다음 변동성을 준비하는 구간입니다.",52.5%,4.5%,9540.0
2026-05-04,신중히 매수,미원화학,134380,"거래가 조용해져 다음 움직임을 준비하는 모습입니다., 최근 급등 뒤 숨고르기 구간에 진입했습니다.",62.2%,3.2%,12890.0
2026-05-04,신중히 매수,신세계푸드,031440,최근 급등 뒤 숨고르기 구간에 진입했습니다.,82.9%,2.1%,51600.0
2026-05-04,신중히 매수,고려제강,002240,거래가 조용해져 다음 움직임을 준비하는 모습입니다.,50.0%,2.4%,25400.0
2026-05-04,신중히 매수,LF,093050,거래가 조용해지며 다음 변동성을 준비하는 구간입니다.,60.0%,3.2%,25050.0
2026-05-04,신중히 매수,태광산업,003240,"거래가 조용해져 다음 움직임을 준비하는 모습입니다., 거래가 조용해지며 다음 변동성을 준비하는 구간입니다.",59.3%,3.2%,1190000.0
2026-05-04,신중히 매수,현대홈쇼핑,057050,최근 급등 뒤 숨고르기 구간에 진입했습니다.,51.7%,2.1%,85500.0
2026-05-04,신중히 매수,한양증권,001750,거래가 조용해져 다음 움직임을 준비하는 모습입니다.,50.0%,4.8%,29150.0
2026-05-04,신중히 매수,한국쉘석유,002960,거래가 조용해지며 다음 변동성을 준비하는 구간입니다.,58.7%,1.1%,495500.0
2026-05-04,신중히 매수,신일전자,002700,거래가 조용해져 다음 움직임을 준비하는 모습입니다.,56.5%,2.2%,1465.0
2026-05-04,신중히 매수,금호건설,002990,거래가 조용해지며 다음 변동성을 준비하는 구간입니다.,57.1%,2.9%,5480.0
2026-05-04,신중히 매수,오리온,271560,최근 급등 뒤 숨고르기 구간에 진입했습니다.,55.9%,2.0%,142800.0
2026-05-04,신중히 매수,영화금속,012280,거래가 조용해져 다음 움직임을 준비하는 모습입니다.,67.5%,3.5%,1086.0
2026-05-04,신중히 매수,GS리테일,007070,"거래가 조용해져 다음 움직임을 준비하는 모습입니다., 최근 급등 뒤 숨고르기 구간에 진입했습니다., 거래가 조용해지며 다음 변동성을 준비하는 구간입니다.",59.5%,3.4%,23050.0
2026-05-04,신중히 매수,TP,007980,"거래가 조용해져 다음 움직임을 준비하는 모습입니다., 최근 급등 뒤 숨고르기 구간에 진입했습니다.",62.1%,4.1%,2140.0
2026-05-04,신중히 매수,HS화성,002460,거래가 조용해져 다음 움직임을 준비하는 모습입니다.,51.5%,2.1%,14000.0
2026-05-04,신중히 매수,까뮤이앤씨,013700,"거래가 조용해져 다음 움직임을 준비하는 모습입니다., 거래가 조용해지며 다음 변동성을 준비하는 구간입니다.",63.2%,2.5%,1392.0
2026-05-04,신중히 매수,HL D&amp;I,014790,"거래가 조용해져 다음 움직임을 준비하는 모습입니다., 거래가 조용해지며 다음 변동성을 준비하는 구간입니다.",55.6%,1.8%,3450.0
2026-05-04,신중히 매수,영원무역,111770,거래가 조용해지며 다음 변동성을 준비하는 구간입니다.,54.2%,0.4%,85500.0
2026-05-04,신중히 매수,다스코,058730,"거래가 조용해져 다음 움직임을 준비하는 모습입니다., 거래가 조용해지며 다음 변동성을 준비하는 구간입니다.",54.1%,2.9%,3750.0
2026-05-04,신중히 매수,넥센타이어1우B,002355,거래가 조용해지며 다음 변동성을 준비하는 구간입니다.,54.1%,0.3%,4350.0
2026-05-04,신중히 매수,BGF리테일,282330,거래가 조용해져 다음 움직임을 준비하는 모습입니다.,55.6%,3.9%,132400.0
2026-05-04,신중히 매수,SK케미칼우,28513K,거래가 조용해져 다음 움직임을 준비하는 모습입니다.,87.5%,2.0%,27850.0
2026-05-04,신중히 매수,F&amp;F홀딩스,007700,거래량 급증,50.0%,-1.0%,20250.0
2026-05-04,신중히 매수,삼호개발,010960,"거래가 조용해져 다음 움직임을 준비하는 모습입니다., 거래가 조용해지며 다음 변동성을 준비하는 구간입니다.",50.0%,0.3%,3945.0
2026-05-04,신중히 매수,iM금융지주,139130,"거래가 조용해져 다음 움직임을 준비하는 모습입니다., 최근 급등 뒤 숨고르기 구간에 진입했습니다.",74.1%,4.5%,19300.0
2026-05-04,신중히 매수,넥센우,005725,최근 급등 뒤 숨고르기 구간에 진입했습니다.,80.0%,5.6%,4700.0
2026-05-04,신중히 매수,보령,003850,"거래가 조용해져 다음 움직임을 준비하는 모습입니다., 최근 급등 뒤 숨고르기 구간에 진입했습니다.",54.8%,1.8%,10010.0
2026-05-04,신중히 매수,롯데칠성우,005305,거래가 조용해지며 다음 변동성을 준비하는 구간입니다.,67.7%,2.5%,81900.0
2026-05-04,신중히 매수,현대엘리베이터,017800,거래가 조용해져 다음 움직임을 준비하는 모습입니다.,58.3%,3.3%,100100.0
2026-05-04,신중히 매수,LG유플러스,032640,거래가 조용해져 다음 움직임을 준비하는 모습입니다.,66.7%,3.3%,15990.0
2026-05-04,신중히 매수,KT,030200,과매도 반등 신호,68.2%,1.3%,60600.0
2026-05-04,신중히 매수,롯데칠성,005300,거래량 급증,76.9%,3.7%,126400.0
2026-05-04,신중히 매수,BYC,001460,최근 급등 뒤 숨고르기 구간에 진입했습니다.,73.3%,4.2%,50800.0
2026-05-04,추가 확인 후 매수,광전자,017900,거래가 조용해져 다음 움직임을 준비하는 모습입니다.,44.4%,4.5%,10430.0
2026-05-04,추가 확인 후 매수,산일전기,062040,거래량 급증,45.0%,3.2%,333500.0
2026-05-04,추가 확인 후 매수,에이엔피,015260,거래가 조용해져 다음 움직임을 준비하는 모습입니다.,45.8%,7.3%,744.0
2026-05-04,추가 확인 후 매수,SK이터닉스,475150,거래가 조용해지며 다음 변동성을 준비하는 구간입니다.,48.3%,2.9%,55200.0
2026-05-04,추가 확인 후 매수,신성이엔지,011930,"최근 급등 뒤 숨고르기 구간에 진입했습니다., 거래가 조용해지며 다음 변동성을 준비하는 구간입니다.",44.4%,1.9%,3995.0
2026-05-04,추가 확인 후 매수,일진홀딩스,015860,거래량 급증,40.0%,5.3%,13410.0
2026-05-04,추가 확인 후 매수,DL이앤씨2우(전환),37550L,"거래가 조용해져 다음 움직임을 준비하는 모습입니다., 거래가 조용해지며 다음 변동성을 준비하는 구간입니다.",42.1%,3.9%,54400.0
2026-05-04,추가 확인 후 매수,WMT,WMT,최근 급등 뒤 숨고르기 구간에 진입했습니다.,43.3%,0.8%,130.125
2026-05-04,추가 확인 후 매수,두산에너빌리티,034020,최근 급등 뒤 숨고르기 구간에 진입했습니다.,42.9%,3.2%,127200.0
2026-05-04,추가 확인 후 매수,한국주강,025890,거래가 조용해져 다음 움직임을 준비하는 모습입니다.,46.2%,1.8%,2205.0
2026-05-04,추가 확인 후 매수,대덕1우,00806K,"최근 급등 뒤 숨고르기 구간에 진입했습니다., 거래가 조용해지며 다음 변동성을 준비하는 구간입니다.",48.3%,1.5%,11600.0
2026-05-04,추가 확인 후 매수,한전기술,052690,거래가 조용해져 다음 움직임을 준비하는 모습입니다.,47.1%,0.6%,186300.0
2026-05-04,추가 확인 후 매수,한국전자홀딩스,006200,거래가 조용해지며 다음 변동성을 준비하는 구간입니다.,40.0%,4.6%,801.0
2026-05-04,추가 확인 후 매수,SK네트웍스,001740,거래량 급증,44.4%,3.0%,6590.0
2026-05-04,추가 확인 후 매수,대창,012800,거래량 급증,40.0%,2.6%,1761.0
2026-05-04,추가 확인 후 매수,SK텔레콤,017670,거래가 조용해져 다음 움직임을 준비하는 모습입니다.,46.9%,2.8%,97400.0
2026-05-04,추가 확인 후 매수,LG에너지솔루션,373220,최근 급등 뒤 숨고르기 구간에 진입했습니다.,43.3%,2.8%,472000.0
2026-05-04,추가 확인 후 매수,한화,000880,거래가 조용해지며 다음 변동성을 준비하는 구간입니다.,40.5%,1.6%,139900.0
2026-05-04,추가 확인 후 매수,경인양행,012610,거래량 급증,48.9%,2.2%,5630.0
2026-05-04,추가 확인 후 매수,태양금속우,004105,거래가 조용해져 다음 움직임을 준비하는 모습입니다.,44.4%,4.0%,4150.0
2026-05-04,추가 확인 후 매수,이월드,084680,거래가 조용해져 다음 움직임을 준비하는 모습입니다.,48.6%,2.8%,1931.0
2026-05-04,추가 확인 후 매수,한신공영,004960,거래가 조용해져 다음 움직임을 준비하는 모습입니다.,41.4%,5.7%,14420.0
2026-05-04,추가 확인 후 매수,대한해운,005880,거래가 조용해져 다음 움직임을 준비하는 모습입니다.,43.3%,4.3%,2600.0
2026-05-04,추가 확인 후 매수,유엔젤,072130,거래가 조용해져 다음 움직임을 준비하는 모습입니다.,40.0%,1.7%,5160.0
2026-05-04,추가 확인 후 매수,부국증권우,001275,"거래가 조용해져 다음 움직임을 준비하는 모습입니다., 거래가 조용해지며 다음 변동성을 준비하는 구간입니다.",46.2%,0.6%,36400.0
2026-05-04,추가 확인 후 매수,자화전자,033240,최근 급등 뒤 숨고르기 구간에 진입했습니다.,47.1%,6.8%,47700.0
2026-05-04,추가 확인 후 매수,우진아이엔에스,010400,"거래가 조용해져 다음 움직임을 준비하는 모습입니다., 최근 급등 뒤 숨고르기 구간에 진입했습니다.",42.1%,0.9%,4195.0
2026-05-04,추가 확인 후 매수,한화3우B,00088K,"거래가 조용해져 다음 움직임을 준비하는 모습입니다., 거래가 조용해지며 다음 변동성을 준비하는 구간입니다.",42.5%,2.0%,50500.0
2026-05-04,추가 확인 후 매수,PKC,001340,거래가 조용해져 다음 움직임을 준비하는 모습입니다.,48.5%,2.8%,7390.0
2026-05-04,추가 확인 후 매수,디와이파워,210540,거래가 조용해져 다음 움직임을 준비하는 모습입니다.,45.5%,2.3%,16300.0
2026-05-04,추가 확인 후 매수,국도화학,007690,"거래가 조용해져 다음 움직임을 준비하는 모습입니다., 최근 급등 뒤 숨고르기 구간에 진입했습니다.",43.8%,1.4%,40900.0
2026-05-04,추가 확인 후 매수,국제약품,002720,거래가 조용해져 다음 움직임을 준비하는 모습입니다.,45.2%,-0.9%,4710.0
2026-05-04,추가 확인 후 매수,KG모빌리티,003620,거래가 조용해져 다음 움직임을 준비하는 모습입니다.,43.5%,-0.3%,4440.0
2026-05-04,추가 확인 후 매수,팬오션,028670,최근 급등 뒤 숨고르기 구간에 진입했습니다.,46.9%,1.6%,5640.0
2026-05-04,추가 확인 후 매수,무림페이퍼,009200,"거래가 조용해져 다음 움직임을 준비하는 모습입니다., 최근 급등 뒤 숨고르기 구간에 진입했습니다., 과매도 반등 신호",60.0%,7.0%,2030.0
2026-05-04,추가 확인 후 매수,대한제당,001790,과매도 반등 신호,57.9%,0.5%,2890.0
2026-05-04,추가 확인 후 매수,대한제분,001130,최근 급등 뒤 숨고르기 구간에 진입했습니다.,43.8%,-0.4%,156500.0
2026-05-04,추가 확인 후 매수,동아지질,028100,거래량 급증,41.9%,-0.1%,18520.0
2026-05-04,추가 확인 후 매수,오리온홀딩스,001800,최근 급등 뒤 숨고르기 구간에 진입했습니다.,45.5%,0.5%,24900.0
2026-05-04,추가 확인 후 매수,경방,000050,거래가 조용해져 다음 움직임을 준비하는 모습입니다.,49.0%,2.9%,10320.0
2026-05-04,추가 확인 후 매수,농심홀딩스,072710,"거래가 조용해져 다음 움직임을 준비하는 모습입니다., 거래가 조용해지며 다음 변동성을 준비하는 구간입니다.",47.2%,0.4%,97200.0
2026-05-04,추가 확인 후 매수,넥센,005720,최근 급등 뒤 숨고르기 구간에 진입했습니다.,44.4%,2.0%,7200.0
2026-05-04,추가 확인 후 매수,LX홀딩스1우,38380K,최근 급등 뒤 숨고르기 구간에 진입했습니다.,44.4%,-0.5%,8870.0
2026-05-04,추가 확인 후 매수,한화생명,088350,"거래가 조용해져 다음 움직임을 준비하는 모습입니다., 거래가 조용해지며 다음 변동성을 준비하는 구간입니다.",40.0%,-0.0%,5040.0
2026-05-04,추가 확인 후 매수,대림바스,005750,거래가 조용해지며 다음 변동성을 준비하는 구간입니다.,40.9%,1.9%,5660.0
2026-05-04,추가 확인 후 매수,광주신세계,037710,"거래가 조용해져 다음 움직임을 준비하는 모습입니다., 거래가 조용해지며 다음 변동성을 준비하는 구간입니다.",41.9%,-0.4%,38100.0
2026-05-04,추가 확인 후 매수,대상홀딩스우,084695,거래가 조용해져 다음 움직임을 준비하는 모습입니다.,44.4%,-0.3%,14300.0
2026-05-04,추가 확인 후 매수,고려아연,010130,거래가 조용해지며 다음 변동성을 준비하는 구간입니다.,46.2%,4.2%,1629000.0
2026-05-04,추가 확인 후 매수,NH투자증권우,005945,최근 급등 뒤 숨고르기 구간에 진입했습니다.,40.7%,1.9%,28200.0
2026-05-04,추가 확인 후 매수,경동도시가스,267290,"거래가 조용해져 다음 움직임을 준비하는 모습입니다., 거래가 조용해지며 다음 변동성을 준비하는 구간입니다.",46.4%,-0.5%,23000.0
2026-05-04,추가 확인 후 매수,영보화학,014440,거래가 조용해져 다음 움직임을 준비하는 모습입니다.,41.2%,0.4%,4795.0
2026-05-04,추가 확인 후 매수,동성케미컬,102260,거래가 조용해져 다음 움직임을 준비하는 모습입니다.,43.8%,0.4%,4370.0
2026-05-04,추가 확인 후 매수,현대위아,011210,"거래가 조용해져 다음 움직임을 준비하는 모습입니다., 최근 급등 뒤 숨고르기 구간에 진입했습니다.",40.0%,1.5%,82900.0
2026-05-04,추가 확인 후 매수,NHN,181710,"거래가 조용해져 다음 움직임을 준비하는 모습입니다., 최근 급등 뒤 숨고르기 구간에 진입했습니다.",46.5%,2.3%,40600.0
2026-05-04,추가 확인 후 매수,대상우,001685,거래가 조용해져 다음 움직임을 준비하는 모습입니다.,83.3%,2.0%,16750.0
2026-05-04,추가 확인 후 매수,세이브존I&amp;C,067830,"거래가 조용해져 다음 움직임을 준비하는 모습입니다., 최근 급등 뒤 숨고르기 구간에 진입했습니다.",44.7%,1.2%,3215.0
2026-05-04,추가 확인 후 매수,이화산업,000760,"거래가 조용해져 다음 움직임을 준비하는 모습입니다., 최근 급등 뒤 숨고르기 구간에 진입했습니다.",47.4%,2.4%,16000.0
2026-05-04,추가 확인 후 매수,제일약품,271980,"거래가 조용해져 다음 움직임을 준비하는 모습입니다., 최근 급등 뒤 숨고르기 구간에 진입했습니다.",75.0%,7.4%,13960.0
2026-05-04,추가 확인 후 매수,이마트,139480,"거래가 조용해져 다음 움직임을 준비하는 모습입니다., 최근 급등 뒤 숨고르기 구간에 진입했습니다.",42.9%,0.6%,105900.0
2026-05-04,추가 확인 후 매수,신라교역,004970,거래가 조용해지며 다음 변동성을 준비하는 구간입니다.,47.8%,0.1%,9600.0
2026-05-04,추가 확인 후 매수,SP삼화,000390,"거래가 조용해져 다음 움직임을 준비하는 모습입니다., 거래가 조용해지며 다음 변동성을 준비하는 구간입니다.",45.5%,4.6%,9260.0
2026-05-04,추가 확인 후 매수,CS홀딩스,000590,거래가 조용해지며 다음 변동성을 준비하는 구간입니다.,55.6%,-0.0%,80200.0
2026-05-04,추가 확인 후 매수,091170,091170,거래가 조용해져 다음 움직임을 준비하는 모습입니다.,46.7%,1.3%,15700.0
2026-05-04,추가 확인 후 매수,디아이,003160,거래가 조용해지며 다음 변동성을 준비하는 구간입니다.,43.3%,1.4%,33800.0
2026-05-04,추가 확인 후 매수,한전산업,130660,최근 급등 뒤 숨고르기 구간에 진입했습니다.,45.2%,1.4%,20600.0
2026-05-04,추가 확인 후 매수,CJ우,001045,거래가 조용해져 다음 움직임을 준비하는 모습입니다.,47.1%,1.8%,90800.0
2026-05-04,추가 확인 후 매수,기아,000270,"최근 급등 뒤 숨고르기 구간에 진입했습니다., 거래가 조용해지며 다음 변동성을 준비하는 구간입니다.",45.7%,2.7%,154000.0
2026-05-04,추가 확인 후 매수,서연이화,200880,"거래가 조용해져 다음 움직임을 준비하는 모습입니다., 최근 급등 뒤 숨고르기 구간에 진입했습니다.",44.1%,0.1%,14310.0
2026-05-04,추가 확인 후 매수,대상,001680,거래가 조용해져 다음 움직임을 준비하는 모습입니다.,40.0%,-0.8%,20450.0
2026-05-04,추가 확인 후 매수,노루홀딩스,000320,"거래가 조용해져 다음 움직임을 준비하는 모습입니다., 거래가 조용해지며 다음 변동성을 준비하는 구간입니다.",50.0%,0.2%,22000.0
2026-05-04,추가 확인 후 매수,키움증권,039490,바닥권 반등 신호(BB 하단),40.0%,0.8%,422500.0
2026-05-04,추가 확인 후 매수,한화솔루션,009830,최근 급등 뒤 숨고르기 구간에 진입했습니다.,41.4%,2.9%,49900.0
2026-05-04,추가 확인 후 매수,한국공항,005430,"거래가 조용해져 다음 움직임을 준비하는 모습입니다., 거래가 조용해지며 다음 변동성을 준비하는 구간입니다.",81.8%,2.4%,58700.0
2026-05-04,추가 확인 후 매수,대웅,003090,"거래가 조용해져 다음 움직임을 준비하는 모습입니다., 거래가 조용해지며 다음 변동성을 준비하는 구간입니다.",40.0%,-0.2%,22400.0
2026-05-04,추가 확인 후 매수,한올바이오파마,009420,거래가 조용해지며 다음 변동성을 준비하는 구간입니다.,40.0%,-0.1%,46300.0
2026-05-04,추가 확인 후 매수,한국앤컴퍼니,000240,"거래가 조용해져 다음 움직임을 준비하는 모습입니다., 거래가 조용해지며 다음 변동성을 준비하는 구간입니다.",42.9%,2.6%,25300.0
2026-05-04,추가 확인 후 매수,한진칼우,18064K,"거래가 조용해져 다음 움직임을 준비하는 모습입니다., 거래가 조용해지며 다음 변동성을 준비하는 구간입니다.",50.0%,1.4%,32800.0
2026-05-04,추가 확인 후 매수,성창기업지주,000180,거래가 조용해지며 다음 변동성을 준비하는 구간입니다.,50.0%,-0.9%,7150.0
2026-05-04,추가 확인 후 매수,하이브,352820,거래가 조용해지며 다음 변동성을 준비하는 구간입니다.,56.2%,1.4%,257500.0
2026-05-04,추가 확인 후 매수,광명전기,017040,"거래가 조용해져 다음 움직임을 준비하는 모습입니다., 거래가 조용해지며 다음 변동성을 준비하는 구간입니다.",60.0%,0.1%,932.0
2026-05-04,신중히 매수,대우건설,047040,최근 급등 뒤 숨고르기 구간에 진입했습니다.,77.8%,18.1%,32150.0
2026-05-04,신중히 매수,대덕전자,353200,최근 급등 뒤 숨고르기 구간에 진입했습니다.,60.0%,6.3%,114400.0
2026-05-04,신중히 매수,OCI,456040,최근 급등 뒤 숨고르기 구간에 진입했습니다.,65.6%,6.9%,144300.0
2026-05-04,신중히 매수,GS건설,006360,"거래가 조용해져 다음 움직임을 준비하는 모습입니다., 거래가 조용해지며 다음 변동성을 준비하는 구간입니다.",53.3%,8.0%,35950.0
2026-05-04,신중히 매수,비에이치,090460,거래가 조용해져 다음 움직임을 준비하는 모습입니다.,70.8%,11.0%,31950.0
2026-05-04,신중히 매수,WISCOM,024070,거래량 급증,95.0%,8.0%,2810.0
2026-05-04,신중히 매수,서원,021050,거래량 급증,56.2%,2.3%,1849.0
2026-05-04,신중히 매수,씨에스윈드,112610,거래가 조용해지며 다음 변동성을 준비하는 구간입니다.,50.0%,3.6%,69700.0
2026-05-04,신중히 매수,DL,000210,최근 급등 뒤 숨고르기 구간에 진입했습니다.,81.0%,6.4%,67400.0
2026-05-04,신중히 매수,HD건설기계,267270,최근 급등 뒤 숨고르기 구간에 진입했습니다.,53.3%,5.2%,191100.0
2026-05-04,신중히 매수,LX하우시스,108670,거래량 급증,60.0%,4.7%,42500.0
2026-05-04,신중히 매수,동국홀딩스,001230,거래가 조용해지며 다음 변동성을 준비하는 구간입니다.,52.9%,0.6%,11400.0
2026-05-04,신중히 매수,DSR제강,069730,거래가 조용해져 다음 움직임을 준비하는 모습입니다.,53.3%,2.8%,5730.0
2026-05-04,신중히 매수,한솔테크닉스,004710,거래가 조용해져 다음 움직임을 준비하는 모습입니다.,50.0%,1.2%,8260.0
2026-05-04,신중히 매수,CVX,CVX,"거래가 조용해져 다음 움직임을 준비하는 모습입니다., 거래가 조용해지며 다음 변동성을 준비하는 구간입니다.",78.1%,5.0%,192.27999877929688
2026-05-04,신중히 매수,화승코퍼레이션,013520,거래량 급증,53.7%,3.9%,3365.0
2026-05-04,신중히 매수,삼일씨엔에스,004440,거래가 조용해지며 다음 변동성을 준비하는 구간입니다.,59.4%,2.6%,7660.0
2026-05-04,신중히 매수,한섬,020000,거래가 조용해져 다음 움직임을 준비하는 모습입니다.,60.9%,3.3%,26400.0
2026-05-04,신중히 매수,한양증권우,001755,거래가 조용해져 다음 움직임을 준비하는 모습입니다.,53.8%,5.4%,29650.0
2026-05-04,신중히 매수,SK우,03473K,거래량 급증,58.3%,4.4%,326000.0
2026-05-04,신중히 매수,BGF,027410,거래가 조용해지며 다음 변동성을 준비하는 구간입니다.,54.5%,2.0%,5290.0
2026-05-04,신중히 매수,SIMPAC,009160,거래량 급증,71.0%,2.4%,6440.0
2026-05-04,신중히 매수,이수스페셜티케미컬,457190,최근 급등 뒤 숨고르기 구간에 진입했습니다.,61.8%,6.0%,123600.0
2026-05-04,신중히 매수,무림P&amp;P,009580,최근 급등 뒤 숨고르기 구간에 진입했습니다.,72.7%,11.1%,2995.0
2026-05-04,신중히 매수,에이블씨엔씨,078520,최근 급등 뒤 숨고르기 구간에 진입했습니다.,57.7%,5.9%,14250.0
2026-05-04,신중히 매수,BYC우,001465,최근 급등 뒤 숨고르기 구간에 진입했습니다.,88.6%,7.5%,33900.0
2026-05-04,신중히 매수,한국콜마,161890,거래가 조용해져 다음 움직임을 준비하는 모습입니다.,66.7%,7.9%,88700.0
2026-05-04,신중히 매수,신세계인터내셔날,031430,최근 급등 뒤 숨고르기 구간에 진입했습니다.,63.9%,4.5%,14860.0
2026-05-04,신중히 매수,솔루스첨단소재1우,33637K,최근 급등 뒤 숨고르기 구간에 진입했습니다.,71.0%,3.5%,2655.0
2026-05-04,신중히 매수,이구산업,025820,거래량 급증,57.1%,1.4%,6540.0
2026-05-04,신중히 매수,코스모신소재,005070,최근 급등 뒤 숨고르기 구간에 진입했습니다.,67.9%,6.6%,62700.0
2026-05-04,신중히 매수,코람코더원리츠,417310,거래가 조용해져 다음 움직임을 준비하는 모습입니다.,64.7%,1.3%,10210.0
2026-05-04,신중히 매수,경인전자,009140,최근 급등 뒤 숨고르기 구간에 진입했습니다.,84.8%,2.1%,23500.0
2026-05-04,신중히 매수,영풍,000670,"거래가 조용해져 다음 움직임을 준비하는 모습입니다., 최근 급등 뒤 숨고르기 구간에 진입했습니다.",64.7%,3.7%,67500.0
2026-05-04,신중히 매수,DL우,000215,거래가 조용해지며 다음 변동성을 준비하는 구간입니다.,74.1%,2.9%,29250.0
2026-05-04,신중히 매수,KSS해운,044450,"거래가 조용해져 다음 움직임을 준비하는 모습입니다., 최근 급등 뒤 숨고르기 구간에 진입했습니다.",67.9%,5.4%,12760.0
2026-05-04,신중히 매수,써니전자,004770,거래가 조용해져 다음 움직임을 준비하는 모습입니다.,55.6%,1.6%,1840.0
2026-05-04,신중히 매수,인지컨트롤스,023800,거래가 조용해져 다음 움직임을 준비하는 모습입니다.,68.4%,3.9%,8390.0
2026-05-04,신중히 매수,동부건설,005960,"거래가 조용해져 다음 움직임을 준비하는 모습입니다., 거래가 조용해지며 다음 변동성을 준비하는 구간입니다.",52.5%,4.5%,9540.0
2026-05-04,신중히 매수,미원화학,134380,"거래가 조용해져 다음 움직임을 준비하는 모습입니다., 최근 급등 뒤 숨고르기 구간에 진입했습니다.",62.2%,3.2%,12890.0
2026-05-04,신중히 매수,신세계푸드,031440,최근 급등 뒤 숨고르기 구간에 진입했습니다.,82.9%,2.1%,51600.0
2026-05-04,신중히 매수,고려제강,002240,거래가 조용해져 다음 움직임을 준비하는 모습입니다.,50.0%,2.4%,25400.0
2026-05-04,신중히 매수,LF,093050,거래가 조용해지며 다음 변동성을 준비하는 구간입니다.,60.0%,3.2%,25050.0
2026-05-04,신중히 매수,태광산업,003240,"거래가 조용해져 다음 움직임을 준비하는 모습입니다., 거래가 조용해지며 다음 변동성을 준비하는 구간입니다.",59.3%,3.2%,1190000.0
2026-05-04,신중히 매수,현대홈쇼핑,057050,최근 급등 뒤 숨고르기 구간에 진입했습니다.,51.7%,2.1%,85500.0
2026-05-04,신중히 매수,한양증권,001750,거래가 조용해져 다음 움직임을 준비하는 모습입니다.,50.0%,4.8%,29150.0
2026-05-04,신중히 매수,한국쉘석유,002960,거래가 조용해지며 다음 변동성을 준비하는 구간입니다.,58.7%,1.1%,495500.0
2026-05-04,신중히 매수,신일전자,002700,거래가 조용해져 다음 움직임을 준비하는 모습입니다.,56.5%,2.2%,1465.0
2026-05-04,신중히 매수,금호건설,002990,거래가 조용해지며 다음 변동성을 준비하는 구간입니다.,57.1%,2.9%,5480.0
2026-05-04,신중히 매수,오리온,271560,최근 급등 뒤 숨고르기 구간에 진입했습니다.,55.9%,2.0%,142800.0
2026-05-04,신중히 매수,영화금속,012280,거래가 조용해져 다음 움직임을 준비하는 모습입니다.,67.5%,3.5%,1086.0
2026-05-04,신중히 매수,GS리테일,007070,"거래가 조용해져 다음 움직임을 준비하는 모습입니다., 최근 급등 뒤 숨고르기 구간에 진입했습니다., 거래가 조용해지며 다음 변동성을 준비하는 구간입니다.",59.5%,3.4%,23050.0
2026-05-04,신중히 매수,TP,007980,"거래가 조용해져 다음 움직임을 준비하는 모습입니다., 최근 급등 뒤 숨고르기 구간에 진입했습니다.",62.1%,4.1%,2140.0
2026-05-04,신중히 매수,HS화성,002460,거래가 조용해져 다음 움직임을 준비하는 모습입니다.,51.5%,2.1%,14000.0
2026-05-04,신중히 매수,까뮤이앤씨,013700,"거래가 조용해져 다음 움직임을 준비하는 모습입니다., 거래가 조용해지며 다음 변동성을 준비하는 구간입니다.",63.2%,2.5%,1392.0
2026-05-04,신중히 매수,HL D&amp;I,014790,"거래가 조용해져 다음 움직임을 준비하는 모습입니다., 거래가 조용해지며 다음 변동성을 준비하는 구간입니다.",55.6%,1.8%,3450.0
2026-05-04,신중히 매수,영원무역,111770,거래가 조용해지며 다음 변동성을 준비하는 구간입니다.,54.2%,0.4%,85500.0
2026-05-04,신중히 매수,다스코,058730,"거래가 조용해져 다음 움직임을 준비하는 모습입니다., 거래가 조용해지며 다음 변동성을 준비하는 구간입니다.",54.1%,2.9%,3750.0
2026-05-04,신중히 매수,넥센타이어1우B,002355,거래가 조용해지며 다음 변동성을 준비하는 구간입니다.,54.1%,0.3%,4350.0
2026-05-04,신중히 매수,BGF리테일,282330,거래가 조용해져 다음 움직임을 준비하는 모습입니다.,55.6%,3.9%,132400.0
2026-05-04,신중히 매수,SK케미칼우,28513K,거래가 조용해져 다음 움직임을 준비하는 모습입니다.,87.5%,2.0%,27850.0
2026-05-04,신중히 매수,F&amp;F홀딩스,007700,거래량 급증,50.0%,-1.0%,20250.0
2026-05-04,신중히 매수,삼호개발,010960,"거래가 조용해져 다음 움직임을 준비하는 모습입니다., 거래가 조용해지며 다음 변동성을 준비하는 구간입니다.",50.0%,0.3%,3945.0
2026-05-04,신중히 매수,iM금융지주,139130,"거래가 조용해져 다음 움직임을 준비하는 모습입니다., 최근 급등 뒤 숨고르기 구간에 진입했습니다.",74.1%,4.5%,19300.0
2026-05-04,신중히 매수,넥센우,005725,최근 급등 뒤 숨고르기 구간에 진입했습니다.,80.0%,5.6%,4700.0
2026-05-04,신중히 매수,보령,003850,"거래가 조용해져 다음 움직임을 준비하는 모습입니다., 최근 급등 뒤 숨고르기 구간에 진입했습니다.",54.8%,1.8%,10010.0
2026-05-04,신중히 매수,롯데칠성우,005305,거래가 조용해지며 다음 변동성을 준비하는 구간입니다.,67.7%,2.5%,81900.0
2026-05-04,신중히 매수,현대엘리베이터,017800,거래가 조용해져 다음 움직임을 준비하는 모습입니다.,58.3%,3.3%,100100.0
2026-05-04,신중히 매수,LG유플러스,032640,거래가 조용해져 다음 움직임을 준비하는 모습입니다.,66.7%,3.3%,15990.0
2026-05-04,신중히 매수,KT,030200,과매도 반등 신호,68.2%,1.3%,60600.0
2026-05-04,신중히 매수,롯데칠성,005300,거래량 급증,76.9%,3.7%,126400.0
2026-05-04,신중히 매수,BYC,001460,최근 급등 뒤 숨고르기 구간에 진입했습니다.,73.3%,4.2%,50800.0
2026-05-04,추가 확인 후 매수,광전자,017900,거래가 조용해져 다음 움직임을 준비하는 모습입니다.,44.4%,4.5%,10430.0
2026-05-04,추가 확인 후 매수,산일전기,062040,거래량 급증,45.0%,3.2%,333500.0
2026-05-04,추가 확인 후 매수,에이엔피,015260,거래가 조용해져 다음 움직임을 준비하는 모습입니다.,45.8%,7.3%,744.0
2026-05-04,추가 확인 후 매수,SK이터닉스,475150,거래가 조용해지며 다음 변동성을 준비하는 구간입니다.,48.3%,2.9%,55200.0
2026-05-04,추가 확인 후 매수,신성이엔지,011930,"최근 급등 뒤 숨고르기 구간에 진입했습니다., 거래가 조용해지며 다음 변동성을 준비하는 구간입니다.",44.4%,1.9%,3995.0
2026-05-04,추가 확인 후 매수,일진홀딩스,015860,거래량 급증,40.0%,5.3%,13410.0
2026-05-04,추가 확인 후 매수,DL이앤씨2우(전환),37550L,"거래가 조용해져 다음 움직임을 준비하는 모습입니다., 거래가 조용해지며 다음 변동성을 준비하는 구간입니다.",42.1%,3.9%,54400.0
2026-05-04,추가 확인 후 매수,WMT,WMT,과매도 반등 신호,43.3%,0.8%,130.3300018310547
2026-05-04,추가 확인 후 매수,두산에너빌리티,034020,최근 급등 뒤 숨고르기 구간에 진입했습니다.,42.9%,3.2%,127200.0
2026-05-04,추가 확인 후 매수,한국주강,025890,거래가 조용해져 다음 움직임을 준비하는 모습입니다.,46.2%,1.8%,2205.0
2026-05-04,추가 확인 후 매수,대덕1우,00806K,"최근 급등 뒤 숨고르기 구간에 진입했습니다., 거래가 조용해지며 다음 변동성을 준비하는 구간입니다.",48.3%,1.5%,11600.0
2026-05-04,추가 확인 후 매수,한전기술,052690,거래가 조용해져 다음 움직임을 준비하는 모습입니다.,47.1%,0.6%,186300.0
2026-05-04,추가 확인 후 매수,한국전자홀딩스,006200,거래가 조용해지며 다음 변동성을 준비하는 구간입니다.,40.0%,4.6%,801.0
2026-05-04,추가 확인 후 매수,SK네트웍스,001740,거래량 급증,44.4%,3.0%,6590.0
2026-05-04,추가 확인 후 매수,대창,012800,거래량 급증,40.0%,2.6%,1761.0
2026-05-04,추가 확인 후 매수,SK텔레콤,017670,거래가 조용해져 다음 움직임을 준비하는 모습입니다.,46.9%,2.8%,97400.0
2026-05-04,추가 확인 후 매수,LG에너지솔루션,373220,최근 급등 뒤 숨고르기 구간에 진입했습니다.,43.3%,2.8%,472000.0
2026-05-04,추가 확인 후 매수,한화,000880,거래가 조용해지며 다음 변동성을 준비하는 구간입니다.,40.5%,1.6%,139900.0
2026-05-04,추가 확인 후 매수,경인양행,012610,거래량 급증,48.9%,2.2%,5630.0
2026-05-04,추가 확인 후 매수,태양금속우,004105,거래가 조용해져 다음 움직임을 준비하는 모습입니다.,44.4%,4.0%,4150.0
2026-05-04,추가 확인 후 매수,이월드,084680,거래가 조용해져 다음 움직임을 준비하는 모습입니다.,48.6%,2.8%,1931.0
2026-05-04,추가 확인 후 매수,한신공영,004960,거래가 조용해져 다음 움직임을 준비하는 모습입니다.,41.4%,5.7%,14420.0
2026-05-04,추가 확인 후 매수,대한해운,005880,거래가 조용해져 다음 움직임을 준비하는 모습입니다.,43.3%,4.3%,2600.0
2026-05-04,추가 확인 후 매수,유엔젤,072130,거래가 조용해져 다음 움직임을 준비하는 모습입니다.,40.0%,1.7%,5160.0
2026-05-04,추가 확인 후 매수,부국증권우,001275,"거래가 조용해져 다음 움직임을 준비하는 모습입니다., 거래가 조용해지며 다음 변동성을 준비하는 구간입니다.",46.2%,0.6%,36400.0
2026-05-04,추가 확인 후 매수,자화전자,033240,최근 급등 뒤 숨고르기 구간에 진입했습니다.,47.1%,6.8%,47700.0
2026-05-04,추가 확인 후 매수,우진아이엔에스,010400,"거래가 조용해져 다음 움직임을 준비하는 모습입니다., 최근 급등 뒤 숨고르기 구간에 진입했습니다.",42.1%,0.9%,4195.0
2026-05-04,추가 확인 후 매수,한화3우B,00088K,"거래가 조용해져 다음 움직임을 준비하는 모습입니다., 거래가 조용해지며 다음 변동성을 준비하는 구간입니다.",42.5%,2.0%,50500.0
2026-05-04,추가 확인 후 매수,PKC,001340,거래가 조용해져 다음 움직임을 준비하는 모습입니다.,48.5%,2.8%,7390.0
2026-05-04,추가 확인 후 매수,디와이파워,210540,거래가 조용해져 다음 움직임을 준비하는 모습입니다.,45.5%,2.3%,16300.0
2026-05-04,추가 확인 후 매수,국도화학,007690,"거래가 조용해져 다음 움직임을 준비하는 모습입니다., 최근 급등 뒤 숨고르기 구간에 진입했습니다.",43.8%,1.4%,40900.0
2026-05-04,추가 확인 후 매수,국제약품,002720,거래가 조용해져 다음 움직임을 준비하는 모습입니다.,45.2%,-0.9%,4710.0
2026-05-04,추가 확인 후 매수,KG모빌리티,003620,거래가 조용해져 다음 움직임을 준비하는 모습입니다.,43.5%,-0.3%,4440.0
2026-05-04,추가 확인 후 매수,팬오션,028670,최근 급등 뒤 숨고르기 구간에 진입했습니다.,46.9%,1.6%,5640.0
2026-05-04,추가 확인 후 매수,무림페이퍼,009200,"거래가 조용해져 다음 움직임을 준비하는 모습입니다., 최근 급등 뒤 숨고르기 구간에 진입했습니다., 과매도 반등 신호",60.0%,7.0%,2030.0
2026-05-04,추가 확인 후 매수,대한제당,001790,과매도 반등 신호,57.9%,0.5%,2890.0
2026-05-04,추가 확인 후 매수,대한제분,001130,최근 급등 뒤 숨고르기 구간에 진입했습니다.,43.8%,-0.4%,156500.0
2026-05-04,추가 확인 후 매수,동아지질,028100,거래량 급증,41.9%,-0.1%,18520.0
2026-05-04,추가 확인 후 매수,오리온홀딩스,001800,최근 급등 뒤 숨고르기 구간에 진입했습니다.,45.5%,0.5%,24900.0
2026-05-04,추가 확인 후 매수,경방,000050,거래가 조용해져 다음 움직임을 준비하는 모습입니다.,49.0%,2.9%,10320.0
2026-05-04,추가 확인 후 매수,농심홀딩스,072710,"거래가 조용해져 다음 움직임을 준비하는 모습입니다., 거래가 조용해지며 다음 변동성을 준비하는 구간입니다.",47.2%,0.4%,97200.0
2026-05-04,추가 확인 후 매수,넥센,005720,최근 급등 뒤 숨고르기 구간에 진입했습니다.,44.4%,2.0%,7200.0
2026-05-04,추가 확인 후 매수,LX홀딩스1우,38380K,최근 급등 뒤 숨고르기 구간에 진입했습니다.,44.4%,-0.5%,8870.0
2026-05-04,추가 확인 후 매수,한화생명,088350,"거래가 조용해져 다음 움직임을 준비하는 모습입니다., 거래가 조용해지며 다음 변동성을 준비하는 구간입니다.",40.0%,-0.0%,5040.0
2026-05-04,추가 확인 후 매수,대림바스,005750,거래가 조용해지며 다음 변동성을 준비하는 구간입니다.,40.9%,1.9%,5660.0
2026-05-04,추가 확인 후 매수,광주신세계,037710,"거래가 조용해져 다음 움직임을 준비하는 모습입니다., 거래가 조용해지며 다음 변동성을 준비하는 구간입니다.",41.9%,-0.4%,38100.0
2026-05-04,추가 확인 후 매수,대상홀딩스우,084695,거래가 조용해져 다음 움직임을 준비하는 모습입니다.,44.4%,-0.3%,14300.0
2026-05-04,추가 확인 후 매수,고려아연,010130,거래가 조용해지며 다음 변동성을 준비하는 구간입니다.,46.2%,4.2%,1629000.0
2026-05-04,추가 확인 후 매수,NH투자증권우,005945,최근 급등 뒤 숨고르기 구간에 진입했습니다.,40.7%,1.9%,28200.0
2026-05-04,추가 확인 후 매수,경동도시가스,267290,"거래가 조용해져 다음 움직임을 준비하는 모습입니다., 거래가 조용해지며 다음 변동성을 준비하는 구간입니다.",46.4%,-0.5%,23000.0
2026-05-04,추가 확인 후 매수,영보화학,014440,거래가 조용해져 다음 움직임을 준비하는 모습입니다.,41.2%,0.4%,4795.0
2026-05-04,추가 확인 후 매수,동성케미컬,102260,거래가 조용해져 다음 움직임을 준비하는 모습입니다.,43.8%,0.4%,4370.0
2026-05-04,추가 확인 후 매수,현대위아,011210,"거래가 조용해져 다음 움직임을 준비하는 모습입니다., 최근 급등 뒤 숨고르기 구간에 진입했습니다.",40.0%,1.5%,82900.0
2026-05-04,추가 확인 후 매수,NHN,181710,"거래가 조용해져 다음 움직임을 준비하는 모습입니다., 최근 급등 뒤 숨고르기 구간에 진입했습니다.",46.5%,2.3%,40600.0
2026-05-04,추가 확인 후 매수,대상우,001685,거래가 조용해져 다음 움직임을 준비하는 모습입니다.,83.3%,2.0%,16750.0
2026-05-04,추가 확인 후 매수,세이브존I&amp;C,067830,"거래가 조용해져 다음 움직임을 준비하는 모습입니다., 최근 급등 뒤 숨고르기 구간에 진입했습니다.",44.7%,1.2%,3215.0
2026-05-04,추가 확인 후 매수,이화산업,000760,"거래가 조용해져 다음 움직임을 준비하는 모습입니다., 최근 급등 뒤 숨고르기 구간에 진입했습니다.",47.4%,2.4%,16000.0
2026-05-04,추가 확인 후 매수,제일약품,271980,"거래가 조용해져 다음 움직임을 준비하는 모습입니다., 최근 급등 뒤 숨고르기 구간에 진입했습니다.",75.0%,7.4%,13960.0
2026-05-04,추가 확인 후 매수,이마트,139480,"거래가 조용해져 다음 움직임을 준비하는 모습입니다., 최근 급등 뒤 숨고르기 구간에 진입했습니다.",42.9%,0.6%,105900.0
2026-05-04,추가 확인 후 매수,신라교역,004970,거래가 조용해지며 다음 변동성을 준비하는 구간입니다.,47.8%,0.1%,9600.0
2026-05-04,추가 확인 후 매수,SP삼화,000390,"거래가 조용해져 다음 움직임을 준비하는 모습입니다., 거래가 조용해지며 다음 변동성을 준비하는 구간입니다.",45.5%,4.6%,9260.0
2026-05-04,추가 확인 후 매수,CS홀딩스,000590,거래가 조용해지며 다음 변동성을 준비하는 구간입니다.,55.6%,-0.0%,80200.0
2026-05-04,추가 확인 후 매수,091170,091170,거래가 조용해져 다음 움직임을 준비하는 모습입니다.,46.7%,1.3%,15700.0
2026-05-04,추가 확인 후 매수,디아이,003160,거래가 조용해지며 다음 변동성을 준비하는 구간입니다.,43.3%,1.4%,33800.0
2026-05-04,추가 확인 후 매수,한전산업,130660,최근 급등 뒤 숨고르기 구간에 진입했습니다.,45.2%,1.4%,20600.0
2026-05-04,추가 확인 후 매수,CJ우,001045,거래가 조용해져 다음 움직임을 준비하는 모습입니다.,47.1%,1.8%,90800.0
2026-05-04,추가 확인 후 매수,기아,000270,"최근 급등 뒤 숨고르기 구간에 진입했습니다., 거래가 조용해지며 다음 변동성을 준비하는 구간입니다.",45.7%,2.7%,154000.0
2026-05-04,추가 확인 후 매수,서연이화,200880,"거래가 조용해져 다음 움직임을 준비하는 모습입니다., 최근 급등 뒤 숨고르기 구간에 진입했습니다.",44.1%,0.1%,14310.0
2026-05-04,추가 확인 후 매수,대상,001680,거래가 조용해져 다음 움직임을 준비하는 모습입니다.,40.0%,-0.8%,20450.0
2026-05-04,추가 확인 후 매수,노루홀딩스,000320,"거래가 조용해져 다음 움직임을 준비하는 모습입니다., 거래가 조용해지며 다음 변동성을 준비하는 구간입니다.",50.0%,0.2%,22000.0
2026-05-04,추가 확인 후 매수,키움증권,039490,바닥권 반등 신호(BB 하단),40.0%,0.8%,422500.0
2026-05-04,추가 확인 후 매수,한화솔루션,009830,최근 급등 뒤 숨고르기 구간에 진입했습니다.,41.4%,2.9%,49900.0
2026-05-04,추가 확인 후 매수,한국공항,005430,"거래가 조용해져 다음 움직임을 준비하는 모습입니다., 거래가 조용해지며 다음 변동성을 준비하는 구간입니다.",81.8%,2.4%,58700.0
2026-05-04,추가 확인 후 매수,대웅,003090,"거래가 조용해져 다음 움직임을 준비하는 모습입니다., 거래가 조용해지며 다음 변동성을 준비하는 구간입니다.",40.0%,-0.2%,22400.0
2026-05-04,추가 확인 후 매수,한올바이오파마,009420,거래가 조용해지며 다음 변동성을 준비하는 구간입니다.,40.0%,-0.1%,46300.0
2026-05-04,추가 확인 후 매수,한국앤컴퍼니,000240,"거래가 조용해져 다음 움직임을 준비하는 모습입니다., 거래가 조용해지며 다음 변동성을 준비하는 구간입니다.",42.9%,2.6%,25300.0
2026-05-04,추가 확인 후 매수,한진칼우,18064K,"거래가 조용해져 다음 움직임을 준비하는 모습입니다., 거래가 조용해지며 다음 변동성을 준비하는 구간입니다.",50.0%,1.4%,32800.0
2026-05-04,추가 확인 후 매수,성창기업지주,000180,거래가 조용해지며 다음 변동성을 준비하는 구간입니다.,50.0%,-0.9%,7150.0
2026-05-04,추가 확인 후 매수,하이브,352820,거래가 조용해지며 다음 변동성을 준비하는 구간입니다.,56.2%,1.4%,257500.0
2026-05-04,추가 확인 후 매수,광명전기,017040,"거래가 조용해져 다음 움직임을 준비하는 모습입니다., 거래가 조용해지며 다음 변동성을 준비하는 구간입니다.",60.0%,0.1%,932.0
2026-05-05,신중히 매수,대우건설,047040,최근 급등 뒤 숨고르기 구간에 진입했습니다.,77.8%,18.1%,32150.0
2026-05-05,신중히 매수,대덕전자,353200,최근 급등 뒤 숨고르기 구간에 진입했습니다.,60.0%,5.8%,114400.0
2026-05-05,신중히 매수,OCI,456040,최근 급등 뒤 숨고르기 구간에 진입했습니다.,65.6%,7.0%,144300.0
2026-05-05,신중히 매수,GS건설,006360,"거래가 조용해져 다음 움직임을 준비하는 모습입니다., 거래가 조용해지며 다음 변동성을 준비하는 구간입니다.",53.3%,8.0%,35950.0
2026-05-05,신중히 매수,비에이치,090460,거래가 조용해져 다음 움직임을 준비하는 모습입니다.,70.8%,11.0%,31950.0
2026-05-05,신중히 매수,WISCOM,024070,거래량 급증,95.0%,7.5%,2810.0
2026-05-05,신중히 매수,서원,021050,거래량 급증,53.1%,2.3%,1849.0
2026-05-05,신중히 매수,씨에스윈드,112610,거래가 조용해지며 다음 변동성을 준비하는 구간입니다.,50.0%,3.7%,69700.0
2026-05-05,신중히 매수,DL,000210,최근 급등 뒤 숨고르기 구간에 진입했습니다.,81.0%,5.9%,67400.0
2026-05-05,신중히 매수,HD건설기계,267270,최근 급등 뒤 숨고르기 구간에 진입했습니다.,53.3%,5.1%,191100.0
2026-05-05,신중히 매수,LX하우시스,108670,거래량 급증,60.0%,4.3%,42500.0
2026-05-05,신중히 매수,동국홀딩스,001230,거래가 조용해지며 다음 변동성을 준비하는 구간입니다.,58.8%,1.1%,11400.0
2026-05-05,신중히 매수,DSR제강,069730,거래가 조용해져 다음 움직임을 준비하는 모습입니다.,53.3%,2.6%,5730.0
2026-05-05,신중히 매수,한솔테크닉스,004710,거래가 조용해져 다음 움직임을 준비하는 모습입니다.,50.0%,1.2%,8260.0
2026-05-05,신중히 매수,CVX,CVX,"거래가 조용해져 다음 움직임을 준비하는 모습입니다., 거래가 조용해지며 다음 변동성을 준비하는 구간입니다.",78.1%,5.0%,192.27999877929688
2026-05-05,신중히 매수,화승코퍼레이션,013520,거래량 급증,56.1%,3.9%,3365.0
2026-05-05,신중히 매수,삼일씨엔에스,004440,거래가 조용해지며 다음 변동성을 준비하는 구간입니다.,59.4%,3.0%,7660.0
2026-05-05,신중히 매수,한섬,020000,거래가 조용해져 다음 움직임을 준비하는 모습입니다.,60.9%,3.1%,26400.0
2026-05-05,신중히 매수,한양증권우,001755,거래가 조용해져 다음 움직임을 준비하는 모습입니다.,53.8%,4.8%,29650.0
2026-05-05,신중히 매수,SK우,03473K,거래량 급증,58.3%,4.2%,326000.0
2026-05-05,신중히 매수,대덕1우,00806K,"최근 급등 뒤 숨고르기 구간에 진입했습니다., 거래가 조용해지며 다음 변동성을 준비하는 구간입니다.",55.2%,1.9%,11600.0
2026-05-05,신중히 매수,BGF,027410,거래가 조용해지며 다음 변동성을 준비하는 구간입니다.,54.5%,1.5%,5290.0
2026-05-05,신중히 매수,SIMPAC,009160,거래량 급증,67.7%,2.1%,6440.0
2026-05-05,신중히 매수,이수스페셜티케미컬,457190,최근 급등 뒤 숨고르기 구간에 진입했습니다.,61.8%,5.5%,123600.0
2026-05-05,신중히 매수,무림P&amp;P,009580,최근 급등 뒤 숨고르기 구간에 진입했습니다.,72.7%,9.6%,2995.0
2026-05-05,신중히 매수,에이블씨엔씨,078520,최근 급등 뒤 숨고르기 구간에 진입했습니다.,57.7%,5.4%,14250.0
2026-05-05,신중히 매수,BYC우,001465,최근 급등 뒤 숨고르기 구간에 진입했습니다.,88.6%,7.0%,33900.0
2026-05-05,신중히 매수,한국콜마,161890,거래가 조용해져 다음 움직임을 준비하는 모습입니다.,83.3%,8.8%,88700.0
2026-05-05,신중히 매수,신세계인터내셔날,031430,최근 급등 뒤 숨고르기 구간에 진입했습니다.,66.7%,4.9%,14860.0
2026-05-05,신중히 매수,솔루스첨단소재1우,33637K,최근 급등 뒤 숨고르기 구간에 진입했습니다.,71.0%,3.2%,2655.0
2026-05-05,신중히 매수,이구산업,025820,거래량 급증,57.1%,1.4%,6540.0
2026-05-05,신중히 매수,코스모신소재,005070,최근 급등 뒤 숨고르기 구간에 진입했습니다.,67.9%,6.0%,62700.0
2026-05-05,신중히 매수,코람코더원리츠,417310,거래가 조용해져 다음 움직임을 준비하는 모습입니다.,64.7%,1.4%,10210.0
2026-05-05,신중히 매수,경인전자,009140,최근 급등 뒤 숨고르기 구간에 진입했습니다.,87.9%,2.2%,23500.0
2026-05-05,신중히 매수,영풍,000670,"거래가 조용해져 다음 움직임을 준비하는 모습입니다., 최근 급등 뒤 숨고르기 구간에 진입했습니다.",67.6%,4.1%,67500.0
2026-05-05,신중히 매수,DL우,000215,거래가 조용해지며 다음 변동성을 준비하는 구간입니다.,74.1%,2.7%,29250.0
2026-05-05,신중히 매수,KSS해운,044450,"거래가 조용해져 다음 움직임을 준비하는 모습입니다., 최근 급등 뒤 숨고르기 구간에 진입했습니다.",67.9%,5.0%,12760.0
2026-05-05,신중히 매수,써니전자,004770,거래가 조용해져 다음 움직임을 준비하는 모습입니다.,55.6%,1.0%,1840.0
2026-05-05,신중히 매수,이월드,084680,거래가 조용해져 다음 움직임을 준비하는 모습입니다.,51.4%,2.6%,1931.0
2026-05-05,신중히 매수,인지컨트롤스,023800,거래가 조용해져 다음 움직임을 준비하는 모습입니다.,65.8%,3.5%,8390.0
2026-05-05,신중히 매수,동부건설,005960,"거래가 조용해져 다음 움직임을 준비하는 모습입니다., 거래가 조용해지며 다음 변동성을 준비하는 구간입니다.",55.0%,4.7%,9540.0
2026-05-05,신중히 매수,미원화학,134380,"거래가 조용해져 다음 움직임을 준비하는 모습입니다., 최근 급등 뒤 숨고르기 구간에 진입했습니다.",62.2%,3.2%,12890.0
2026-05-05,신중히 매수,신세계푸드,031440,최근 급등 뒤 숨고르기 구간에 진입했습니다.,77.1%,2.0%,51600.0
2026-05-05,신중히 매수,고려제강,002240,거래가 조용해져 다음 움직임을 준비하는 모습입니다.,50.0%,2.6%,25400.0
2026-05-05,신중히 매수,LF,093050,거래가 조용해지며 다음 변동성을 준비하는 구간입니다.,60.0%,3.4%,25050.0
2026-05-05,신중히 매수,태광산업,003240,"거래가 조용해져 다음 움직임을 준비하는 모습입니다., 거래가 조용해지며 다음 변동성을 준비하는 구간입니다.",59.3%,3.0%,1190000.0
2026-05-05,신중히 매수,현대홈쇼핑,057050,최근 급등 뒤 숨고르기 구간에 진입했습니다.,51.7%,1.8%,85500.0
2026-05-05,신중히 매수,한양증권,001750,거래가 조용해져 다음 움직임을 준비하는 모습입니다.,50.0%,4.2%,29150.0
2026-05-05,신중히 매수,한국쉘석유,002960,거래가 조용해지며 다음 변동성을 준비하는 구간입니다.,60.9%,1.1%,495500.0
2026-05-05,신중히 매수,디와이파워,210540,거래가 조용해져 다음 움직임을 준비하는 모습입니다.,51.5%,2.7%,16300.0
2026-05-05,신중히 매수,신일전자,002700,거래가 조용해져 다음 움직임을 준비하는 모습입니다.,52.2%,1.9%,1465.0
2026-05-05,신중히 매수,금호건설,002990,거래가 조용해지며 다음 변동성을 준비하는 구간입니다.,57.1%,2.9%,5480.0
2026-05-05,신중히 매수,오리온,271560,최근 급등 뒤 숨고르기 구간에 진입했습니다.,58.8%,2.0%,142800.0
2026-05-05,신중히 매수,영화금속,012280,거래가 조용해져 다음 움직임을 준비하는 모습입니다.,67.5%,3.4%,1086.0
2026-05-05,신중히 매수,GS리테일,007070,"거래가 조용해져 다음 움직임을 준비하는 모습입니다., 최근 급등 뒤 숨고르기 구간에 진입했습니다., 거래가 조용해지며 다음 변동성을 준비하는 구간입니다.",59.5%,3.3%,23050.0
2026-05-05,신중히 매수,TP,007980,"거래가 조용해져 다음 움직임을 준비하는 모습입니다., 최근 급등 뒤 숨고르기 구간에 진입했습니다.",62.1%,3.7%,2140.0
2026-05-05,신중히 매수,HS화성,002460,거래가 조용해져 다음 움직임을 준비하는 모습입니다.,51.5%,2.0%,14000.0
2026-05-05,신중히 매수,까뮤이앤씨,013700,"거래가 조용해져 다음 움직임을 준비하는 모습입니다., 거래가 조용해지며 다음 변동성을 준비하는 구간입니다.",60.5%,2.4%,1392.0
2026-05-05,신중히 매수,HL D&amp;I,014790,"거래가 조용해져 다음 움직임을 준비하는 모습입니다., 거래가 조용해지며 다음 변동성을 준비하는 구간입니다.",55.6%,1.8%,3450.0
2026-05-05,신중히 매수,경방,000050,거래가 조용해져 다음 움직임을 준비하는 모습입니다.,51.0%,2.9%,10320.0
2026-05-05,신중히 매수,농심홀딩스,072710,"거래가 조용해져 다음 움직임을 준비하는 모습입니다., 거래가 조용해지며 다음 변동성을 준비하는 구간입니다.",50.0%,0.4%,97200.0
2026-05-05,신중히 매수,영원무역,111770,거래가 조용해지며 다음 변동성을 준비하는 구간입니다.,54.2%,0.5%,85500.0
2026-05-05,신중히 매수,다스코,058730,"거래가 조용해져 다음 움직임을 준비하는 모습입니다., 거래가 조용해지며 다음 변동성을 준비하는 구간입니다.",54.1%,3.0%,3750.0
2026-05-05,신중히 매수,넥센타이어1우B,002355,거래가 조용해지며 다음 변동성을 준비하는 구간입니다.,54.1%,0.5%,4350.0
2026-05-05,신중히 매수,BGF리테일,282330,거래가 조용해져 다음 움직임을 준비하는 모습입니다.,55.6%,3.9%,132400.0
2026-05-05,신중히 매수,SK케미칼우,28513K,거래가 조용해져 다음 움직임을 준비하는 모습입니다.,75.0%,1.4%,27850.0
2026-05-05,신중히 매수,동성케미컬,102260,거래가 조용해져 다음 움직임을 준비하는 모습입니다.,50.0%,0.2%,4370.0
2026-05-05,신중히 매수,F&amp;F홀딩스,007700,거래량 급증,50.0%,-1.0%,20250.0
2026-05-05,신중히 매수,삼호개발,010960,"거래가 조용해져 다음 움직임을 준비하는 모습입니다., 거래가 조용해지며 다음 변동성을 준비하는 구간입니다.",50.0%,0.4%,3945.0
2026-05-05,신중히 매수,iM금융지주,139130,"거래가 조용해져 다음 움직임을 준비하는 모습입니다., 최근 급등 뒤 숨고르기 구간에 진입했습니다.",70.4%,4.0%,19300.0
2026-05-05,신중히 매수,넥센우,005725,최근 급등 뒤 숨고르기 구간에 진입했습니다.,80.0%,5.7%,4700.0
2026-05-05,신중히 매수,보령,003850,"거래가 조용해져 다음 움직임을 준비하는 모습입니다., 최근 급등 뒤 숨고르기 구간에 진입했습니다.",58.1%,1.7%,10010.0
2026-05-05,신중히 매수,롯데칠성우,005305,거래가 조용해지며 다음 변동성을 준비하는 구간입니다.,71.0%,2.4%,81900.0
2026-05-05,신중히 매수,현대엘리베이터,017800,거래가 조용해져 다음 움직임을 준비하는 모습입니다.,54.2%,3.4%,100100.0
2026-05-05,신중히 매수,LG유플러스,032640,거래가 조용해져 다음 움직임을 준비하는 모습입니다.,63.3%,3.0%,15990.0
2026-05-05,신중히 매수,KT,030200,과매도 반등 신호,68.2%,1.0%,60600.0
2026-05-05,신중히 매수,롯데칠성,005300,거래량 급증,76.9%,2.9%,126400.0
2026-05-05,신중히 매수,BYC,001460,최근 급등 뒤 숨고르기 구간에 진입했습니다.,73.3%,4.1%,50800.0
2026-05-05,추가 확인 후 매수,광전자,017900,거래가 조용해져 다음 움직임을 준비하는 모습입니다.,44.4%,4.5%,10430.0
2026-05-05,추가 확인 후 매수,산일전기,062040,거래량 급증,45.0%,3.2%,333500.0
2026-05-05,추가 확인 후 매수,에이엔피,015260,거래가 조용해져 다음 움직임을 준비하는 모습입니다.,45.8%,7.3%,744.0
2026-05-05,추가 확인 후 매수,SK이터닉스,475150,거래가 조용해지며 다음 변동성을 준비하는 구간입니다.,48.3%,2.9%,55200.0
2026-05-05,추가 확인 후 매수,신성이엔지,011930,"최근 급등 뒤 숨고르기 구간에 진입했습니다., 거래가 조용해지며 다음 변동성을 준비하는 구간입니다.",44.4%,1.9%,3995.0
2026-05-05,추가 확인 후 매수,일진홀딩스,015860,거래량 급증,40.0%,5.3%,13410.0
2026-05-05,추가 확인 후 매수,DL이앤씨2우(전환),37550L,"거래가 조용해져 다음 움직임을 준비하는 모습입니다., 거래가 조용해지며 다음 변동성을 준비하는 구간입니다.",42.1%,3.9%,54400.0
2026-05-05,추가 확인 후 매수,WMT,WMT,과매도 반등 신호,43.3%,0.8%,130.3300018310547
2026-05-05,추가 확인 후 매수,두산에너빌리티,034020,최근 급등 뒤 숨고르기 구간에 진입했습니다.,42.9%,2.8%,127200.0
2026-05-05,추가 확인 후 매수,한국주강,025890,거래가 조용해져 다음 움직임을 준비하는 모습입니다.,46.2%,1.6%,2205.0
2026-05-05,추가 확인 후 매수,한전기술,052690,거래가 조용해져 다음 움직임을 준비하는 모습입니다.,47.1%,0.6%,186300.0
2026-05-05,추가 확인 후 매수,한국전자홀딩스,006200,거래가 조용해지며 다음 변동성을 준비하는 구간입니다.,40.0%,4.6%,801.0
2026-05-05,추가 확인 후 매수,SK네트웍스,001740,거래량 급증,44.4%,2.7%,6590.0
2026-05-05,추가 확인 후 매수,SK텔레콤,017670,거래가 조용해져 다음 움직임을 준비하는 모습입니다.,46.9%,2.5%,97400.0
2026-05-05,추가 확인 후 매수,LG에너지솔루션,373220,최근 급등 뒤 숨고르기 구간에 진입했습니다.,46.7%,3.2%,472000.0
2026-05-05,추가 확인 후 매수,한화,000880,거래가 조용해지며 다음 변동성을 준비하는 구간입니다.,43.2%,2.3%,139900.0
2026-05-05,추가 확인 후 매수,경인양행,012610,거래량 급증,46.7%,1.7%,5630.0
2026-05-05,추가 확인 후 매수,태양금속우,004105,거래가 조용해져 다음 움직임을 준비하는 모습입니다.,44.4%,4.2%,4150.0
2026-05-05,추가 확인 후 매수,한신공영,004960,거래가 조용해져 다음 움직임을 준비하는 모습입니다.,41.4%,5.7%,14420.0
2026-05-05,추가 확인 후 매수,대한해운,005880,거래가 조용해져 다음 움직임을 준비하는 모습입니다.,43.3%,4.3%,2600.0
2026-05-05,추가 확인 후 매수,유엔젤,072130,거래가 조용해져 다음 움직임을 준비하는 모습입니다.,50.0%,1.9%,5160.0
2026-05-05,추가 확인 후 매수,부국증권우,001275,"거래가 조용해져 다음 움직임을 준비하는 모습입니다., 거래가 조용해지며 다음 변동성을 준비하는 구간입니다.",48.7%,0.6%,36400.0
2026-05-05,추가 확인 후 매수,자화전자,033240,최근 급등 뒤 숨고르기 구간에 진입했습니다.,47.1%,6.8%,47700.0
2026-05-05,추가 확인 후 매수,우진아이엔에스,010400,"거래가 조용해져 다음 움직임을 준비하는 모습입니다., 최근 급등 뒤 숨고르기 구간에 진입했습니다.",42.1%,0.8%,4195.0
2026-05-05,추가 확인 후 매수,한화3우B,00088K,"거래가 조용해져 다음 움직임을 준비하는 모습입니다., 거래가 조용해지며 다음 변동성을 준비하는 구간입니다.",45.0%,2.0%,50500.0
2026-05-05,추가 확인 후 매수,PKC,001340,거래가 조용해져 다음 움직임을 준비하는 모습입니다.,48.5%,2.9%,7390.0
2026-05-05,추가 확인 후 매수,국도화학,007690,"거래가 조용해져 다음 움직임을 준비하는 모습입니다., 최근 급등 뒤 숨고르기 구간에 진입했습니다.",40.6%,1.0%,40900.0
2026-05-05,추가 확인 후 매수,국제약품,002720,거래가 조용해져 다음 움직임을 준비하는 모습입니다.,45.2%,-1.0%,4710.0
2026-05-05,추가 확인 후 매수,KG모빌리티,003620,거래가 조용해져 다음 움직임을 준비하는 모습입니다.,43.5%,-0.3%,4440.0
2026-05-05,추가 확인 후 매수,유안타증권,003470,거래량 급증,41.9%,1.2%,6030.0
2026-05-05,추가 확인 후 매수,팬오션,028670,최근 급등 뒤 숨고르기 구간에 진입했습니다.,46.9%,1.3%,5640.0
2026-05-05,추가 확인 후 매수,무림페이퍼,009200,"거래가 조용해져 다음 움직임을 준비하는 모습입니다., 최근 급등 뒤 숨고르기 구간에 진입했습니다., 과매도 반등 신호",60.0%,7.0%,2030.0
2026-05-05,추가 확인 후 매수,대한제당,001790,과매도 반등 신호,63.2%,0.5%,2890.0
2026-05-05,추가 확인 후 매수,대한제분,001130,최근 급등 뒤 숨고르기 구간에 진입했습니다.,43.8%,-0.7%,156500.0
2026-05-05,추가 확인 후 매수,동아지질,028100,거래량 급증,44.2%,0.2%,18520.0
2026-05-05,추가 확인 후 매수,오리온홀딩스,001800,최근 급등 뒤 숨고르기 구간에 진입했습니다.,45.5%,0.5%,24900.0
2026-05-05,추가 확인 후 매수,넥센,005720,최근 급등 뒤 숨고르기 구간에 진입했습니다.,48.1%,2.4%,7200.0
2026-05-05,추가 확인 후 매수,LX홀딩스1우,38380K,최근 급등 뒤 숨고르기 구간에 진입했습니다.,44.4%,-0.8%,8870.0
2026-05-05,추가 확인 후 매수,한화생명,088350,"거래가 조용해져 다음 움직임을 준비하는 모습입니다., 거래가 조용해지며 다음 변동성을 준비하는 구간입니다.",40.0%,0.0%,5040.0
2026-05-05,추가 확인 후 매수,대림바스,005750,거래가 조용해지며 다음 변동성을 준비하는 구간입니다.,40.9%,2.0%,5660.0
2026-05-05,추가 확인 후 매수,광주신세계,037710,"거래가 조용해져 다음 움직임을 준비하는 모습입니다., 거래가 조용해지며 다음 변동성을 준비하는 구간입니다.",41.9%,-0.4%,38100.0
2026-05-05,추가 확인 후 매수,대상홀딩스우,084695,거래가 조용해져 다음 움직임을 준비하는 모습입니다.,48.1%,-0.3%,14300.0
2026-05-05,추가 확인 후 매수,고려아연,010130,거래가 조용해지며 다음 변동성을 준비하는 구간입니다.,46.2%,4.2%,1629000.0
2026-05-05,추가 확인 후 매수,NH투자증권우,005945,최근 급등 뒤 숨고르기 구간에 진입했습니다.,44.4%,2.0%,28200.0
2026-05-05,추가 확인 후 매수,NHN,181710,"거래가 조용해져 다음 움직임을 준비하는 모습입니다., 최근 급등 뒤 숨고르기 구간에 진입했습니다.",46.5%,2.1%,40600.0
2026-05-05,추가 확인 후 매수,대상우,001685,거래가 조용해져 다음 움직임을 준비하는 모습입니다.,83.3%,2.0%,16750.0
2026-05-05,추가 확인 후 매수,세이브존I&amp;C,067830,"거래가 조용해져 다음 움직임을 준비하는 모습입니다., 최근 급등 뒤 숨고르기 구간에 진입했습니다.",44.7%,1.2%,3215.0
2026-05-05,추가 확인 후 매수,이화산업,000760,"거래가 조용해져 다음 움직임을 준비하는 모습입니다., 최근 급등 뒤 숨고르기 구간에 진입했습니다.",44.7%,2.5%,16000.0
2026-05-05,추가 확인 후 매수,제일약품,271980,"거래가 조용해져 다음 움직임을 준비하는 모습입니다., 최근 급등 뒤 숨고르기 구간에 진입했습니다.",75.0%,7.0%,13960.0
2026-05-05,추가 확인 후 매수,이마트,139480,"거래가 조용해져 다음 움직임을 준비하는 모습입니다., 최근 급등 뒤 숨고르기 구간에 진입했습니다.",42.9%,0.6%,105900.0
2026-05-05,추가 확인 후 매수,롯데이노베이트,286940,"거래가 조용해져 다음 움직임을 준비하는 모습입니다., 최근 급등 뒤 숨고르기 구간에 진입했습니다.",41.7%,-0.6%,22900.0
2026-05-05,추가 확인 후 매수,신라교역,004970,거래가 조용해지며 다음 변동성을 준비하는 구간입니다.,47.8%,0.0%,9600.0
2026-05-05,추가 확인 후 매수,SP삼화,000390,"거래가 조용해져 다음 움직임을 준비하는 모습입니다., 거래가 조용해지며 다음 변동성을 준비하는 구간입니다.",45.5%,4.3%,9260.0
2026-05-05,추가 확인 후 매수,CS홀딩스,000590,거래가 조용해지며 다음 변동성을 준비하는 구간입니다.,55.6%,0.1%,80200.0
2026-05-05,추가 확인 후 매수,091170,091170,거래가 조용해져 다음 움직임을 준비하는 모습입니다.,46.7%,1.0%,15700.0
2026-05-05,추가 확인 후 매수,디아이,003160,거래가 조용해지며 다음 변동성을 준비하는 구간입니다.,43.3%,1.3%,33800.0
2026-05-05,추가 확인 후 매수,한온시스템,018880,거래량 급증,41.7%,1.1%,4850.0
2026-05-05,추가 확인 후 매수,한전산업,130660,최근 급등 뒤 숨고르기 구간에 진입했습니다.,45.2%,1.5%,20600.0
2026-05-05,추가 확인 후 매수,CJ우,001045,거래가 조용해져 다음 움직임을 준비하는 모습입니다.,47.1%,1.5%,90800.0
2026-05-05,추가 확인 후 매수,기아,000270,"최근 급등 뒤 숨고르기 구간에 진입했습니다., 거래가 조용해지며 다음 변동성을 준비하는 구간입니다.",45.7%,2.4%,154000.0
2026-05-05,추가 확인 후 매수,서연이화,200880,"거래가 조용해져 다음 움직임을 준비하는 모습입니다., 최근 급등 뒤 숨고르기 구간에 진입했습니다.",44.1%,0.1%,14310.0
2026-05-05,추가 확인 후 매수,대상,001680,거래가 조용해져 다음 움직임을 준비하는 모습입니다.,40.0%,0.2%,20450.0
2026-05-05,추가 확인 후 매수,노루홀딩스,000320,"거래가 조용해져 다음 움직임을 준비하는 모습입니다., 거래가 조용해지며 다음 변동성을 준비하는 구간입니다.",50.0%,0.2%,22000.0
2026-05-05,추가 확인 후 매수,키움증권,039490,바닥권 반등 신호(BB 하단),40.0%,0.8%,422500.0
2026-05-05,추가 확인 후 매수,한화솔루션,009830,최근 급등 뒤 숨고르기 구간에 진입했습니다.,41.4%,2.8%,49900.0
2026-05-05,추가 확인 후 매수,한국공항,005430,"거래가 조용해져 다음 움직임을 준비하는 모습입니다., 거래가 조용해지며 다음 변동성을 준비하는 구간입니다.",81.8%,2.4%,58700.0
2026-05-05,추가 확인 후 매수,대웅,003090,"거래가 조용해져 다음 움직임을 준비하는 모습입니다., 거래가 조용해지며 다음 변동성을 준비하는 구간입니다.",40.0%,-0.2%,22400.0
2026-05-05,추가 확인 후 매수,한올바이오파마,009420,거래가 조용해지며 다음 변동성을 준비하는 구간입니다.,42.9%,0.3%,46300.0
2026-05-05,추가 확인 후 매수,한국앤컴퍼니,000240,"거래가 조용해져 다음 움직임을 준비하는 모습입니다., 거래가 조용해지며 다음 변동성을 준비하는 구간입니다.",42.9%,2.2%,25300.0
2026-05-05,추가 확인 후 매수,한진칼우,18064K,"거래가 조용해져 다음 움직임을 준비하는 모습입니다., 거래가 조용해지며 다음 변동성을 준비하는 구간입니다.",50.0%,0.8%,32800.0
2026-05-05,추가 확인 후 매수,성창기업지주,000180,거래가 조용해지며 다음 변동성을 준비하는 구간입니다.,50.0%,-0.9%,7150.0
2026-05-05,추가 확인 후 매수,하이브,352820,거래가 조용해지며 다음 변동성을 준비하는 구간입니다.,56.2%,1.7%,257500.0
2026-05-05,추가 확인 후 매수,광명전기,017040,"거래가 조용해져 다음 움직임을 준비하는 모습입니다., 거래가 조용해지며 다음 변동성을 준비하는 구간입니다.",60.0%,0.4%,932.0
2026-05-05,신중히 매수,대우건설,047040,최근 급등 뒤 숨고르기 구간에 진입했습니다.,77.8%,18.1%,32150.0
2026-05-05,신중히 매수,대덕전자,353200,최근 급등 뒤 숨고르기 구간에 진입했습니다.,60.0%,5.8%,114400.0
2026-05-05,신중히 매수,OCI,456040,최근 급등 뒤 숨고르기 구간에 진입했습니다.,65.6%,7.0%,144300.0
2026-05-05,신중히 매수,GS건설,006360,"거래가 조용해져 다음 움직임을 준비하는 모습입니다., 거래가 조용해지며 다음 변동성을 준비하는 구간입니다.",53.3%,8.0%,35950.0
2026-05-05,신중히 매수,비에이치,090460,거래가 조용해져 다음 움직임을 준비하는 모습입니다.,70.8%,11.0%,31950.0
2026-05-05,신중히 매수,WISCOM,024070,거래량 급증,95.0%,7.5%,2810.0
2026-05-05,신중히 매수,서원,021050,거래량 급증,53.1%,2.3%,1849.0
2026-05-05,신중히 매수,씨에스윈드,112610,거래가 조용해지며 다음 변동성을 준비하는 구간입니다.,50.0%,3.7%,69700.0
2026-05-05,신중히 매수,DL,000210,최근 급등 뒤 숨고르기 구간에 진입했습니다.,81.0%,5.9%,67400.0
2026-05-05,신중히 매수,HD건설기계,267270,최근 급등 뒤 숨고르기 구간에 진입했습니다.,53.3%,5.1%,191100.0
2026-05-05,신중히 매수,LX하우시스,108670,거래량 급증,60.0%,4.3%,42500.0
2026-05-05,신중히 매수,동국홀딩스,001230,거래가 조용해지며 다음 변동성을 준비하는 구간입니다.,58.8%,1.1%,11400.0
2026-05-05,신중히 매수,DSR제강,069730,거래가 조용해져 다음 움직임을 준비하는 모습입니다.,53.3%,2.6%,5730.0
2026-05-05,신중히 매수,한솔테크닉스,004710,거래가 조용해져 다음 움직임을 준비하는 모습입니다.,50.0%,1.2%,8260.0
2026-05-05,신중히 매수,화승코퍼레이션,013520,거래량 급증,56.1%,3.9%,3365.0
2026-05-05,신중히 매수,삼일씨엔에스,004440,거래가 조용해지며 다음 변동성을 준비하는 구간입니다.,59.4%,3.0%,7660.0
2026-05-05,신중히 매수,한섬,020000,거래가 조용해져 다음 움직임을 준비하는 모습입니다.,60.9%,3.1%,26400.0
2026-05-05,신중히 매수,CVX,CVX,"거래가 조용해져 다음 움직임을 준비하는 모습입니다., 거래가 조용해지며 다음 변동성을 준비하는 구간입니다.",75.8%,4.7%,192.63999938964844
2026-05-05,신중히 매수,한양증권우,001755,거래가 조용해져 다음 움직임을 준비하는 모습입니다.,53.8%,4.8%,29650.0
2026-05-05,신중히 매수,SK우,03473K,거래량 급증,58.3%,4.2%,326000.0
2026-05-05,신중히 매수,대덕1우,00806K,"최근 급등 뒤 숨고르기 구간에 진입했습니다., 거래가 조용해지며 다음 변동성을 준비하는 구간입니다.",55.2%,1.9%,11600.0
2026-05-05,신중히 매수,BGF,027410,거래가 조용해지며 다음 변동성을 준비하는 구간입니다.,54.5%,1.5%,5290.0
2026-05-05,신중히 매수,SIMPAC,009160,거래량 급증,67.7%,2.1%,6440.0
2026-05-05,신중히 매수,이수스페셜티케미컬,457190,최근 급등 뒤 숨고르기 구간에 진입했습니다.,61.8%,5.5%,123600.0
2026-05-05,신중히 매수,무림P&amp;P,009580,최근 급등 뒤 숨고르기 구간에 진입했습니다.,72.7%,9.6%,2995.0
2026-05-05,신중히 매수,에이블씨엔씨,078520,최근 급등 뒤 숨고르기 구간에 진입했습니다.,57.7%,5.4%,14250.0
2026-05-05,신중히 매수,BYC우,001465,최근 급등 뒤 숨고르기 구간에 진입했습니다.,88.6%,7.0%,33900.0
2026-05-05,신중히 매수,한국콜마,161890,거래가 조용해져 다음 움직임을 준비하는 모습입니다.,83.3%,8.8%,88700.0
2026-05-05,신중히 매수,신세계인터내셔날,031430,최근 급등 뒤 숨고르기 구간에 진입했습니다.,66.7%,4.9%,14860.0
2026-05-05,신중히 매수,솔루스첨단소재1우,33637K,최근 급등 뒤 숨고르기 구간에 진입했습니다.,71.0%,3.2%,2655.0
2026-05-05,신중히 매수,이구산업,025820,거래량 급증,57.1%,1.4%,6540.0
2026-05-05,신중히 매수,코스모신소재,005070,최근 급등 뒤 숨고르기 구간에 진입했습니다.,67.9%,6.0%,62700.0
2026-05-05,신중히 매수,코람코더원리츠,417310,거래가 조용해져 다음 움직임을 준비하는 모습입니다.,64.7%,1.4%,10210.0
2026-05-05,신중히 매수,경인전자,009140,최근 급등 뒤 숨고르기 구간에 진입했습니다.,87.9%,2.2%,23500.0
2026-05-05,신중히 매수,영풍,000670,"거래가 조용해져 다음 움직임을 준비하는 모습입니다., 최근 급등 뒤 숨고르기 구간에 진입했습니다.",67.6%,4.1%,67500.0
2026-05-05,신중히 매수,DL우,000215,거래가 조용해지며 다음 변동성을 준비하는 구간입니다.,74.1%,2.7%,29250.0
2026-05-05,신중히 매수,KSS해운,044450,"거래가 조용해져 다음 움직임을 준비하는 모습입니다., 최근 급등 뒤 숨고르기 구간에 진입했습니다.",67.9%,5.0%,12760.0
2026-05-05,신중히 매수,써니전자,004770,거래가 조용해져 다음 움직임을 준비하는 모습입니다.,55.6%,1.0%,1840.0
2026-05-05,신중히 매수,MRK,MRK,거래가 조용해져 다음 움직임을 준비하는 모습입니다.,50.0%,1.1%,113.1500015258789
2026-05-05,신중히 매수,이월드,084680,거래가 조용해져 다음 움직임을 준비하는 모습입니다.,51.4%,2.6%,1931.0
2026-05-05,신중히 매수,인지컨트롤스,023800,거래가 조용해져 다음 움직임을 준비하는 모습입니다.,65.8%,3.5%,8390.0
2026-05-05,신중히 매수,동부건설,005960,"거래가 조용해져 다음 움직임을 준비하는 모습입니다., 거래가 조용해지며 다음 변동성을 준비하는 구간입니다.",55.0%,4.7%,9540.0
2026-05-05,신중히 매수,미원화학,134380,"거래가 조용해져 다음 움직임을 준비하는 모습입니다., 최근 급등 뒤 숨고르기 구간에 진입했습니다.",62.2%,3.2%,12890.0
2026-05-05,신중히 매수,신세계푸드,031440,최근 급등 뒤 숨고르기 구간에 진입했습니다.,77.1%,2.0%,51600.0
2026-05-05,신중히 매수,고려제강,002240,거래가 조용해져 다음 움직임을 준비하는 모습입니다.,50.0%,2.6%,25400.0
2026-05-05,신중히 매수,LF,093050,거래가 조용해지며 다음 변동성을 준비하는 구간입니다.,60.0%,3.4%,25050.0
2026-05-05,신중히 매수,태광산업,003240,"거래가 조용해져 다음 움직임을 준비하는 모습입니다., 거래가 조용해지며 다음 변동성을 준비하는 구간입니다.",59.3%,3.0%,1190000.0
2026-05-05,신중히 매수,현대홈쇼핑,057050,최근 급등 뒤 숨고르기 구간에 진입했습니다.,51.7%,1.8%,85500.0
2026-05-05,신중히 매수,한양증권,001750,거래가 조용해져 다음 움직임을 준비하는 모습입니다.,50.0%,4.2%,29150.0
2026-05-05,신중히 매수,한국쉘석유,002960,거래가 조용해지며 다음 변동성을 준비하는 구간입니다.,60.9%,1.1%,495500.0
2026-05-05,신중히 매수,디와이파워,210540,거래가 조용해져 다음 움직임을 준비하는 모습입니다.,51.5%,2.7%,16300.0
2026-05-05,신중히 매수,신일전자,002700,거래가 조용해져 다음 움직임을 준비하는 모습입니다.,52.2%,1.9%,1465.0
2026-05-05,신중히 매수,금호건설,002990,거래가 조용해지며 다음 변동성을 준비하는 구간입니다.,57.1%,2.9%,5480.0
2026-05-05,신중히 매수,오리온,271560,최근 급등 뒤 숨고르기 구간에 진입했습니다.,58.8%,2.0%,142800.0
2026-05-05,신중히 매수,영화금속,012280,거래가 조용해져 다음 움직임을 준비하는 모습입니다.,67.5%,3.4%,1086.0
2026-05-05,신중히 매수,GS리테일,007070,"거래가 조용해져 다음 움직임을 준비하는 모습입니다., 최근 급등 뒤 숨고르기 구간에 진입했습니다., 거래가 조용해지며 다음 변동성을 준비하는 구간입니다.",59.5%,3.3%,23050.0
2026-05-05,신중히 매수,TP,007980,"거래가 조용해져 다음 움직임을 준비하는 모습입니다., 최근 급등 뒤 숨고르기 구간에 진입했습니다.",62.1%,3.7%,2140.0
2026-05-05,신중히 매수,HS화성,002460,거래가 조용해져 다음 움직임을 준비하는 모습입니다.,51.5%,2.0%,14000.0
2026-05-05,신중히 매수,까뮤이앤씨,013700,"거래가 조용해져 다음 움직임을 준비하는 모습입니다., 거래가 조용해지며 다음 변동성을 준비하는 구간입니다.",60.5%,2.4%,1392.0
2026-05-05,신중히 매수,HL D&amp;I,014790,"거래가 조용해져 다음 움직임을 준비하는 모습입니다., 거래가 조용해지며 다음 변동성을 준비하는 구간입니다.",55.6%,1.8%,3450.0
2026-05-05,신중히 매수,경방,000050,거래가 조용해져 다음 움직임을 준비하는 모습입니다.,51.0%,2.9%,10320.0
2026-05-05,신중히 매수,농심홀딩스,072710,"거래가 조용해져 다음 움직임을 준비하는 모습입니다., 거래가 조용해지며 다음 변동성을 준비하는 구간입니다.",50.0%,0.4%,97200.0
2026-05-05,신중히 매수,영원무역,111770,거래가 조용해지며 다음 변동성을 준비하는 구간입니다.,54.2%,0.5%,85500.0
2026-05-05,신중히 매수,다스코,058730,"거래가 조용해져 다음 움직임을 준비하는 모습입니다., 거래가 조용해지며 다음 변동성을 준비하는 구간입니다.",54.1%,3.0%,3750.0
2026-05-05,신중히 매수,넥센타이어1우B,002355,거래가 조용해지며 다음 변동성을 준비하는 구간입니다.,54.1%,0.5%,4350.0
2026-05-05,신중히 매수,BGF리테일,282330,거래가 조용해져 다음 움직임을 준비하는 모습입니다.,55.6%,3.9%,132400.0
2026-05-05,신중히 매수,SK케미칼우,28513K,거래가 조용해져 다음 움직임을 준비하는 모습입니다.,75.0%,1.4%,27850.0
2026-05-05,신중히 매수,동성케미컬,102260,거래가 조용해져 다음 움직임을 준비하는 모습입니다.,50.0%,0.2%,4370.0
2026-05-05,신중히 매수,F&amp;F홀딩스,007700,거래량 급증,50.0%,-1.0%,20250.0
2026-05-05,신중히 매수,삼호개발,010960,"거래가 조용해져 다음 움직임을 준비하는 모습입니다., 거래가 조용해지며 다음 변동성을 준비하는 구간입니다.",50.0%,0.4%,3945.0
2026-05-05,신중히 매수,iM금융지주,139130,"거래가 조용해져 다음 움직임을 준비하는 모습입니다., 최근 급등 뒤 숨고르기 구간에 진입했습니다.",70.4%,4.0%,19300.0
2026-05-05,신중히 매수,넥센우,005725,최근 급등 뒤 숨고르기 구간에 진입했습니다.,80.0%,5.7%,4700.0
2026-05-05,신중히 매수,보령,003850,"거래가 조용해져 다음 움직임을 준비하는 모습입니다., 최근 급등 뒤 숨고르기 구간에 진입했습니다.",58.1%,1.7%,10010.0
2026-05-05,신중히 매수,롯데칠성우,005305,거래가 조용해지며 다음 변동성을 준비하는 구간입니다.,71.0%,2.4%,81900.0
2026-05-05,신중히 매수,현대엘리베이터,017800,거래가 조용해져 다음 움직임을 준비하는 모습입니다.,54.2%,3.4%,100100.0
2026-05-05,신중히 매수,LG유플러스,032640,거래가 조용해져 다음 움직임을 준비하는 모습입니다.,63.3%,3.0%,15990.0
2026-05-05,신중히 매수,KT,030200,과매도 반등 신호,68.2%,1.0%,60600.0
2026-05-05,신중히 매수,롯데칠성,005300,거래량 급증,76.9%,2.9%,126400.0
2026-05-05,신중히 매수,BYC,001460,최근 급등 뒤 숨고르기 구간에 진입했습니다.,73.3%,4.1%,50800.0
2026-05-05,추가 확인 후 매수,광전자,017900,거래가 조용해져 다음 움직임을 준비하는 모습입니다.,44.4%,4.5%,10430.0
2026-05-05,추가 확인 후 매수,산일전기,062040,거래량 급증,45.0%,3.2%,333500.0
2026-05-05,추가 확인 후 매수,에이엔피,015260,거래가 조용해져 다음 움직임을 준비하는 모습입니다.,45.8%,7.3%,744.0
2026-05-05,추가 확인 후 매수,SK이터닉스,475150,거래가 조용해지며 다음 변동성을 준비하는 구간입니다.,48.3%,2.9%,55200.0
2026-05-05,추가 확인 후 매수,신성이엔지,011930,"최근 급등 뒤 숨고르기 구간에 진입했습니다., 거래가 조용해지며 다음 변동성을 준비하는 구간입니다.",44.4%,1.9%,3995.0
2026-05-05,추가 확인 후 매수,일진홀딩스,015860,거래량 급증,40.0%,5.3%,13410.0
2026-05-05,추가 확인 후 매수,DL이앤씨2우(전환),37550L,"거래가 조용해져 다음 움직임을 준비하는 모습입니다., 거래가 조용해지며 다음 변동성을 준비하는 구간입니다.",42.1%,3.9%,54400.0
2026-05-05,추가 확인 후 매수,두산에너빌리티,034020,최근 급등 뒤 숨고르기 구간에 진입했습니다.,42.9%,2.8%,127200.0
2026-05-05,추가 확인 후 매수,한국주강,025890,거래가 조용해져 다음 움직임을 준비하는 모습입니다.,46.2%,1.6%,2205.0
2026-05-05,추가 확인 후 매수,한전기술,052690,거래가 조용해져 다음 움직임을 준비하는 모습입니다.,47.1%,0.6%,186300.0
2026-05-05,추가 확인 후 매수,한국전자홀딩스,006200,거래가 조용해지며 다음 변동성을 준비하는 구간입니다.,40.0%,4.6%,801.0
2026-05-05,추가 확인 후 매수,SK네트웍스,001740,거래량 급증,44.4%,2.7%,6590.0
2026-05-05,추가 확인 후 매수,SK텔레콤,017670,거래가 조용해져 다음 움직임을 준비하는 모습입니다.,46.9%,2.5%,97400.0
2026-05-05,추가 확인 후 매수,LG에너지솔루션,373220,최근 급등 뒤 숨고르기 구간에 진입했습니다.,46.7%,3.2%,472000.0
2026-05-05,추가 확인 후 매수,한화,000880,거래가 조용해지며 다음 변동성을 준비하는 구간입니다.,43.2%,2.3%,139900.0
2026-05-05,추가 확인 후 매수,경인양행,012610,거래량 급증,46.7%,1.7%,5630.0
2026-05-05,추가 확인 후 매수,태양금속우,004105,거래가 조용해져 다음 움직임을 준비하는 모습입니다.,44.4%,4.2%,4150.0
2026-05-05,추가 확인 후 매수,한신공영,004960,거래가 조용해져 다음 움직임을 준비하는 모습입니다.,41.4%,5.7%,14420.0
2026-05-05,추가 확인 후 매수,대한해운,005880,거래가 조용해져 다음 움직임을 준비하는 모습입니다.,43.3%,4.3%,2600.0
2026-05-05,추가 확인 후 매수,유엔젤,072130,거래가 조용해져 다음 움직임을 준비하는 모습입니다.,50.0%,1.9%,5160.0
2026-05-05,추가 확인 후 매수,부국증권우,001275,"거래가 조용해져 다음 움직임을 준비하는 모습입니다., 거래가 조용해지며 다음 변동성을 준비하는 구간입니다.",48.7%,0.6%,36400.0
2026-05-05,추가 확인 후 매수,자화전자,033240,최근 급등 뒤 숨고르기 구간에 진입했습니다.,47.1%,6.8%,47700.0
2026-05-05,추가 확인 후 매수,우진아이엔에스,010400,"거래가 조용해져 다음 움직임을 준비하는 모습입니다., 최근 급등 뒤 숨고르기 구간에 진입했습니다.",42.1%,0.8%,4195.0
2026-05-05,추가 확인 후 매수,한화3우B,00088K,"거래가 조용해져 다음 움직임을 준비하는 모습입니다., 거래가 조용해지며 다음 변동성을 준비하는 구간입니다.",45.0%,2.0%,50500.0
2026-05-05,추가 확인 후 매수,PKC,001340,거래가 조용해져 다음 움직임을 준비하는 모습입니다.,48.5%,2.9%,7390.0
2026-05-05,추가 확인 후 매수,국도화학,007690,"거래가 조용해져 다음 움직임을 준비하는 모습입니다., 최근 급등 뒤 숨고르기 구간에 진입했습니다.",40.6%,1.0%,40900.0
2026-05-05,추가 확인 후 매수,국제약품,002720,거래가 조용해져 다음 움직임을 준비하는 모습입니다.,45.2%,-1.0%,4710.0
2026-05-05,추가 확인 후 매수,KG모빌리티,003620,거래가 조용해져 다음 움직임을 준비하는 모습입니다.,43.5%,-0.3%,4440.0
2026-05-05,추가 확인 후 매수,유안타증권,003470,거래량 급증,41.9%,1.2%,6030.0
2026-05-05,추가 확인 후 매수,팬오션,028670,최근 급등 뒤 숨고르기 구간에 진입했습니다.,46.9%,1.3%,5640.0
2026-05-05,추가 확인 후 매수,무림페이퍼,009200,"거래가 조용해져 다음 움직임을 준비하는 모습입니다., 최근 급등 뒤 숨고르기 구간에 진입했습니다., 과매도 반등 신호",60.0%,7.0%,2030.0
2026-05-05,추가 확인 후 매수,대한제당,001790,과매도 반등 신호,63.2%,0.5%,2890.0
2026-05-05,추가 확인 후 매수,대한제분,001130,최근 급등 뒤 숨고르기 구간에 진입했습니다.,43.8%,-0.7%,156500.0
2026-05-05,추가 확인 후 매수,동아지질,028100,거래량 급증,44.2%,0.2%,18520.0
2026-05-05,추가 확인 후 매수,오리온홀딩스,001800,최근 급등 뒤 숨고르기 구간에 진입했습니다.,45.5%,0.5%,24900.0
2026-05-05,추가 확인 후 매수,넥센,005720,최근 급등 뒤 숨고르기 구간에 진입했습니다.,48.1%,2.4%,7200.0
2026-05-05,추가 확인 후 매수,LX홀딩스1우,38380K,최근 급등 뒤 숨고르기 구간에 진입했습니다.,44.4%,-0.8%,8870.0
2026-05-05,추가 확인 후 매수,한화생명,088350,"거래가 조용해져 다음 움직임을 준비하는 모습입니다., 거래가 조용해지며 다음 변동성을 준비하는 구간입니다.",40.0%,0.0%,5040.0
2026-05-05,추가 확인 후 매수,대림바스,005750,거래가 조용해지며 다음 변동성을 준비하는 구간입니다.,40.9%,2.0%,5660.0
2026-05-05,추가 확인 후 매수,광주신세계,037710,"거래가 조용해져 다음 움직임을 준비하는 모습입니다., 거래가 조용해지며 다음 변동성을 준비하는 구간입니다.",41.9%,-0.4%,38100.0
2026-05-05,추가 확인 후 매수,대상홀딩스우,084695,거래가 조용해져 다음 움직임을 준비하는 모습입니다.,48.1%,-0.3%,14300.0
2026-05-05,추가 확인 후 매수,고려아연,010130,거래가 조용해지며 다음 변동성을 준비하는 구간입니다.,46.2%,4.2%,1629000.0
2026-05-05,추가 확인 후 매수,NH투자증권우,005945,최근 급등 뒤 숨고르기 구간에 진입했습니다.,44.4%,2.0%,28200.0
2026-05-05,추가 확인 후 매수,NHN,181710,"거래가 조용해져 다음 움직임을 준비하는 모습입니다., 최근 급등 뒤 숨고르기 구간에 진입했습니다.",46.5%,2.1%,40600.0
2026-05-05,추가 확인 후 매수,대상우,001685,거래가 조용해져 다음 움직임을 준비하는 모습입니다.,83.3%,2.0%,16750.0
2026-05-05,추가 확인 후 매수,세이브존I&amp;C,067830,"거래가 조용해져 다음 움직임을 준비하는 모습입니다., 최근 급등 뒤 숨고르기 구간에 진입했습니다.",44.7%,1.2%,3215.0
2026-05-05,추가 확인 후 매수,이화산업,000760,"거래가 조용해져 다음 움직임을 준비하는 모습입니다., 최근 급등 뒤 숨고르기 구간에 진입했습니다.",44.7%,2.5%,16000.0
2026-05-05,추가 확인 후 매수,제일약품,271980,"거래가 조용해져 다음 움직임을 준비하는 모습입니다., 최근 급등 뒤 숨고르기 구간에 진입했습니다.",75.0%,7.0%,13960.0
2026-05-05,추가 확인 후 매수,이마트,139480,"거래가 조용해져 다음 움직임을 준비하는 모습입니다., 최근 급등 뒤 숨고르기 구간에 진입했습니다.",42.9%,0.6%,105900.0
2026-05-05,추가 확인 후 매수,롯데이노베이트,286940,"거래가 조용해져 다음 움직임을 준비하는 모습입니다., 최근 급등 뒤 숨고르기 구간에 진입했습니다.",41.7%,-0.6%,22900.0
2026-05-05,추가 확인 후 매수,신라교역,004970,거래가 조용해지며 다음 변동성을 준비하는 구간입니다.,47.8%,0.0%,9600.0
2026-05-05,추가 확인 후 매수,SP삼화,000390,"거래가 조용해져 다음 움직임을 준비하는 모습입니다., 거래가 조용해지며 다음 변동성을 준비하는 구간입니다.",45.5%,4.3%,9260.0
2026-05-05,추가 확인 후 매수,CS홀딩스,000590,거래가 조용해지며 다음 변동성을 준비하는 구간입니다.,55.6%,0.1%,80200.0
2026-05-05,추가 확인 후 매수,091170,091170,거래가 조용해져 다음 움직임을 준비하는 모습입니다.,46.7%,1.0%,15700.0
2026-05-05,추가 확인 후 매수,디아이,003160,거래가 조용해지며 다음 변동성을 준비하는 구간입니다.,43.3%,1.3%,33800.0
2026-05-05,추가 확인 후 매수,한온시스템,018880,거래량 급증,41.7%,1.1%,4850.0
2026-05-05,추가 확인 후 매수,한전산업,130660,최근 급등 뒤 숨고르기 구간에 진입했습니다.,45.2%,1.5%,20600.0
2026-05-05,추가 확인 후 매수,CJ우,001045,거래가 조용해져 다음 움직임을 준비하는 모습입니다.,47.1%,1.5%,90800.0
2026-05-05,추가 확인 후 매수,기아,000270,"최근 급등 뒤 숨고르기 구간에 진입했습니다., 거래가 조용해지며 다음 변동성을 준비하는 구간입니다.",45.7%,2.4%,154000.0
2026-05-05,추가 확인 후 매수,서연이화,200880,"거래가 조용해져 다음 움직임을 준비하는 모습입니다., 최근 급등 뒤 숨고르기 구간에 진입했습니다.",44.1%,0.1%,14310.0
2026-05-05,추가 확인 후 매수,대상,001680,거래가 조용해져 다음 움직임을 준비하는 모습입니다.,40.0%,0.2%,20450.0
2026-05-05,추가 확인 후 매수,노루홀딩스,000320,"거래가 조용해져 다음 움직임을 준비하는 모습입니다., 거래가 조용해지며 다음 변동성을 준비하는 구간입니다.",50.0%,0.2%,22000.0
2026-05-05,추가 확인 후 매수,키움증권,039490,바닥권 반등 신호(BB 하단),40.0%,0.8%,422500.0
2026-05-05,추가 확인 후 매수,한화솔루션,009830,최근 급등 뒤 숨고르기 구간에 진입했습니다.,41.4%,2.8%,49900.0
2026-05-05,추가 확인 후 매수,한국공항,005430,"거래가 조용해져 다음 움직임을 준비하는 모습입니다., 거래가 조용해지며 다음 변동성을 준비하는 구간입니다.",81.8%,2.4%,58700.0
2026-05-05,추가 확인 후 매수,대웅,003090,"거래가 조용해져 다음 움직임을 준비하는 모습입니다., 거래가 조용해지며 다음 변동성을 준비하는 구간입니다.",40.0%,-0.2%,22400.0
2026-05-05,추가 확인 후 매수,한올바이오파마,009420,거래가 조용해지며 다음 변동성을 준비하는 구간입니다.,42.9%,0.3%,46300.0
2026-05-05,추가 확인 후 매수,한국앤컴퍼니,000240,"거래가 조용해져 다음 움직임을 준비하는 모습입니다., 거래가 조용해지며 다음 변동성을 준비하는 구간입니다.",42.9%,2.2%,25300.0
2026-05-05,추가 확인 후 매수,한진칼우,18064K,"거래가 조용해져 다음 움직임을 준비하는 모습입니다., 거래가 조용해지며 다음 변동성을 준비하는 구간입니다.",50.0%,0.8%,32800.0
2026-05-05,추가 확인 후 매수,성창기업지주,000180,거래가 조용해지며 다음 변동성을 준비하는 구간입니다.,50.0%,-0.9%,7150.0
2026-05-05,추가 확인 후 매수,하이브,352820,거래가 조용해지며 다음 변동성을 준비하는 구간입니다.,56.2%,1.7%,257500.0
2026-05-05,추가 확인 후 매수,광명전기,017040,"거래가 조용해져 다음 움직임을 준비하는 모습입니다., 거래가 조용해지며 다음 변동성을 준비하는 구간입니다.",60.0%,0.4%,932.0
2026-05-06,신중히 매수,퍼스텍,010820,거래가 조용해져 다음 움직임을 준비하는 모습입니다.,64.7%,9.7%,13440.0
2026-05-06,신중히 매수,대덕전자1우,35320K,거래량 급증,72.4%,8.1%,32700.0
2026-05-06,신중히 매수,OCI,456040,최근 급등 뒤 숨고르기 구간에 진입했습니다.,71.9%,7.7%,141900.0
2026-05-06,신중히 매수,비에이치,090460,거래가 조용해져 다음 움직임을 준비하는 모습입니다.,69.6%,11.2%,32050.0
2026-05-06,신중히 매수,동국제강,460860,최근 급등 뒤 숨고르기 구간에 진입했습니다.,66.7%,4.7%,14430.0
2026-05-06,신중히 매수,GS건설,006360,"거래가 조용해져 다음 움직임을 준비하는 모습입니다., 거래가 조용해지며 다음 변동성을 준비하는 구간입니다.",50.0%,7.2%,35450.0
2026-05-06,신중히 매수,에이엔피,015260,거래가 조용해져 다음 움직임을 준비하는 모습입니다.,50.0%,7.5%,721.0
2026-05-06,신중히 매수,삼화콘덴서,001820,거래가 조용해지며 다음 변동성을 준비하는 구간입니다.,64.3%,4.3%,66900.0
2026-05-06,신중히 매수,SK증권,001510,거래량 급증,62.9%,15.6%,5640.0
2026-05-06,신중히 매수,삼성E&amp;A,028050,거래가 조용해지며 다음 변동성을 준비하는 구간입니다.,65.5%,3.8%,53000.0
2026-05-06,신중히 매수,대덕,008060,최근 급등 뒤 숨고르기 구간에 진입했습니다.,78.3%,8.7%,16900.0
2026-05-06,신중히 매수,삼성전자우,005935,거래량 급증,62.5%,6.9%,189300.0
2026-05-06,신중히 매수,두산퓨얼셀2우B,33626L,거래량 급증,50.0%,-1.3%,13320.0
2026-05-06,신중히 매수,비상교육,100220,거래가 조용해져 다음 움직임을 준비하는 모습입니다.,100.0%,6.3%,7110.0
2026-05-06,신중히 매수,삼일씨엔에스,004440,거래가 조용해지며 다음 변동성을 준비하는 구간입니다.,56.2%,2.7%,7500.0
2026-05-06,신중히 매수,SK우,03473K,거래량 급증,60.9%,4.6%,350000.0
2026-05-06,신중히 매수,대덕1우,00806K,거래가 조용해지며 다음 변동성을 준비하는 구간입니다.,57.1%,2.5%,11900.0
2026-05-06,신중히 매수,혜인,003010,최근 급등 뒤 숨고르기 구간에 진입했습니다.,59.4%,3.4%,6940.0
2026-05-06,신중히 매수,동국홀딩스,001230,거래가 조용해지며 다음 변동성을 준비하는 구간입니다.,55.6%,0.8%,11400.0
2026-05-06,신중히 매수,CVX,CVX,"거래가 조용해져 다음 움직임을 준비하는 모습입니다., 거래가 조용해지며 다음 변동성을 준비하는 구간입니다.",76.5%,4.7%,185.16000366210938
2026-05-06,신중히 매수,한양증권우,001755,거래가 조용해져 다음 움직임을 준비하는 모습입니다.,51.9%,4.5%,29950.0
2026-05-06,신중히 매수,이수스페셜티케미컬,457190,"거래가 조용해져 다음 움직임을 준비하는 모습입니다., 최근 급등 뒤 숨고르기 구간에 진입했습니다.",58.8%,5.3%,121800.0
2026-05-06,신중히 매수,BYC우,001465,"거래가 조용해져 다음 움직임을 준비하는 모습입니다., 최근 급등 뒤 숨고르기 구간에 진입했습니다.",88.2%,6.7%,34000.0
2026-05-06,신중히 매수,유니온머티리얼,047400,최근 급등 뒤 숨고르기 구간에 진입했습니다.,62.5%,1.8%,1845.0
2026-05-06,신중히 매수,한섬,020000,"거래가 조용해져 다음 움직임을 준비하는 모습입니다., 최근 급등 뒤 숨고르기 구간에 진입했습니다.",65.2%,3.4%,25450.0
2026-05-06,신중히 매수,롯데쇼핑,023530,최근 급등 뒤 숨고르기 구간에 진입했습니다.,52.8%,4.3%,131800.0
2026-05-06,신중히 매수,한국콜마,161890,거래가 조용해져 다음 움직임을 준비하는 모습입니다.,71.4%,7.0%,86900.0
2026-05-06,신중히 매수,BGF,027410,거래가 조용해지며 다음 변동성을 준비하는 구간입니다.,56.5%,1.6%,5170.0
2026-05-06,신중히 매수,코스모신소재,005070,최근 급등 뒤 숨고르기 구간에 진입했습니다.,70.4%,6.4%,64000.0
2026-05-06,신중히 매수,MRK,MRK,거래가 조용해져 다음 움직임을 준비하는 모습입니다.,50.0%,1.1%,113.55999755859375
2026-05-06,신중히 매수,수산인더스트리,126720,최근 급등 뒤 숨고르기 구간에 진입했습니다.,85.2%,9.9%,34100.0
2026-05-06,신중히 매수,코람코더원리츠,417310,거래가 조용해져 다음 움직임을 준비하는 모습입니다.,61.8%,1.3%,10200.0
2026-05-06,신중히 매수,영풍,000670,거래가 조용해져 다음 움직임을 준비하는 모습입니다.,66.7%,4.0%,70000.0
2026-05-06,신중히 매수,한솔로지스틱스,009180,거래량 급증,55.9%,2.0%,3460.0
2026-05-06,신중히 매수,경인전자,009140,거래가 조용해져 다음 움직임을 준비하는 모습입니다.,85.3%,2.1%,23400.0
2026-05-06,신중히 매수,이월드,084680,거래가 조용해져 다음 움직임을 준비하는 모습입니다.,57.1%,2.9%,1894.0
2026-05-06,신중히 매수,미원화학,134380,"거래가 조용해져 다음 움직임을 준비하는 모습입니다., 최근 급등 뒤 숨고르기 구간에 진입했습니다.",62.2%,3.2%,12820.0
2026-05-06,신중히 매수,동부건설,005960,"거래가 조용해져 다음 움직임을 준비하는 모습입니다., 거래가 조용해지며 다음 변동성을 준비하는 구간입니다.",53.7%,4.5%,9730.0
2026-05-06,신중히 매수,인지컨트롤스,023800,거래가 조용해져 다음 움직임을 준비하는 모습입니다.,65.8%,3.5%,8210.0
2026-05-06,신중히 매수,DL우,000215,거래가 조용해지며 다음 변동성을 준비하는 구간입니다.,71.4%,2.5%,28750.0
2026-05-06,신중히 매수,써니전자,004770,거래가 조용해져 다음 움직임을 준비하는 모습입니다.,50.0%,0.7%,1769.0
2026-05-06,신중히 매수,경동나비엔,009450,최근 급등 뒤 숨고르기 구간에 진입했습니다.,100.0%,4.1%,74800.0
2026-05-06,신중히 매수,한온시스템,018880,거래량 급증,52.8%,3.5%,5410.0
2026-05-06,신중히 매수,KSS해운,044450,거래가 조용해져 다음 움직임을 준비하는 모습입니다.,65.5%,4.7%,12270.0
2026-05-06,신중히 매수,LF,093050,거래가 조용해지며 다음 변동성을 준비하는 구간입니다.,58.1%,3.1%,24700.0
2026-05-06,신중히 매수,태광산업,003240,"거래가 조용해져 다음 움직임을 준비하는 모습입니다., 거래가 조용해지며 다음 변동성을 준비하는 구간입니다.",57.1%,2.7%,1162000.0
2026-05-06,신중히 매수,금호건설,002990,거래가 조용해지며 다음 변동성을 준비하는 구간입니다.,58.8%,3.0%,5360.0
2026-05-06,신중히 매수,신일전자,002700,거래가 조용해져 다음 움직임을 준비하는 모습입니다.,50.0%,1.7%,1440.0
2026-05-06,신중히 매수,까뮤이앤씨,013700,"거래가 조용해져 다음 움직임을 준비하는 모습입니다., 거래가 조용해지며 다음 변동성을 준비하는 구간입니다.",57.9%,2.0%,1349.0
2026-05-06,신중히 매수,TP,007980,거래가 조용해져 다음 움직임을 준비하는 모습입니다.,58.6%,3.3%,2095.0
2026-05-06,신중히 매수,현대오토에버,307950,최근 급등 뒤 숨고르기 구간에 진입했습니다.,53.8%,0.9%,441000.0
2026-05-06,신중히 매수,유안타증권우,003475,거래량 급증,53.1%,2.2%,5250.0
2026-05-06,신중히 매수,영화금속,012280,거래가 조용해져 다음 움직임을 준비하는 모습입니다.,65.9%,3.3%,1049.0
2026-05-06,신중히 매수,세원정공,021820,거래가 조용해지며 다음 변동성을 준비하는 구간입니다.,54.8%,1.6%,14950.0
2026-05-06,신중히 매수,오리온,271560,최근 급등 뒤 숨고르기 구간에 진입했습니다.,62.9%,2.1%,139200.0
2026-05-06,신중히 매수,GS리테일,007070,거래가 조용해지며 다음 변동성을 준비하는 구간입니다.,57.9%,3.1%,22450.0
2026-05-06,신중히 매수,KT&amp;G,033780,거래가 조용해져 다음 움직임을 준비하는 모습입니다.,58.1%,2.4%,175400.0
2026-05-06,신중히 매수,디와이파워,210540,거래가 조용해져 다음 움직임을 준비하는 모습입니다.,57.6%,3.3%,15370.0
2026-05-06,신중히 매수,다올투자증권,030210,거래량 급증,50.0%,2.3%,5000.0
2026-05-06,신중히 매수,HD현대,267250,최근 급등 뒤 숨고르기 구간에 진입했습니다.,57.6%,6.2%,285500.0
2026-05-06,신중히 매수,HL D&amp;I,014790,"거래가 조용해져 다음 움직임을 준비하는 모습입니다., 거래가 조용해지며 다음 변동성을 준비하는 구간입니다.",52.8%,1.3%,3390.0
2026-05-06,신중히 매수,LX홀딩스,383800,최근 급등 뒤 숨고르기 구간에 진입했습니다.,64.3%,4.0%,9160.0
2026-05-06,신중히 매수,경방,000050,거래가 조용해져 다음 움직임을 준비하는 모습입니다.,51.0%,2.6%,10130.0
2026-05-06,신중히 매수,금호석유화학,011780,거래가 조용해지며 다음 변동성을 준비하는 구간입니다.,56.7%,1.9%,140100.0
2026-05-06,신중히 매수,다스코,058730,거래가 조용해지며 다음 변동성을 준비하는 구간입니다.,52.6%,2.9%,3620.0
2026-05-06,신중히 매수,넥센타이어1우B,002355,"거래가 조용해져 다음 움직임을 준비하는 모습입니다., 거래가 조용해지며 다음 변동성을 준비하는 구간입니다.",52.6%,0.5%,4310.0
2026-05-06,신중히 매수,보령,003850,거래가 조용해져 다음 움직임을 준비하는 모습입니다.,56.2%,1.5%,9760.0
2026-05-06,신중히 매수,BGF리테일,282330,거래가 조용해져 다음 움직임을 준비하는 모습입니다.,54.1%,3.7%,129100.0
2026-05-06,신중히 매수,영원무역,111770,거래가 조용해지며 다음 변동성을 준비하는 구간입니다.,54.2%,0.5%,81500.0
2026-05-06,신중히 매수,한국공항,005430,거래량 급증,81.8%,2.4%,63600.0
2026-05-06,신중히 매수,롯데칠성우,005305,거래가 조용해지며 다음 변동성을 준비하는 구간입니다.,67.7%,2.1%,80100.0
2026-05-06,신중히 매수,현대엘리베이터,017800,"거래가 조용해져 다음 움직임을 준비하는 모습입니다., 최근 급등 뒤 숨고르기 구간에 진입했습니다.",52.0%,3.1%,97000.0
2026-05-06,신중히 매수,LG유플러스,032640,과매도 반등 신호,60.0%,2.8%,15400.0
2026-05-06,신중히 매수,iM금융지주,139130,거래가 조용해져 다음 움직임을 준비하는 모습입니다.,67.9%,3.7%,18980.0
2026-05-06,신중히 매수,미창석유,003650,거래가 조용해지며 다음 변동성을 준비하는 구간입니다.,72.4%,3.3%,120500.0
2026-05-06,추가 확인 후 매수,광전자,017900,거래가 조용해져 다음 움직임을 준비하는 모습입니다.,40.0%,3.7%,10490.0
2026-05-06,추가 확인 후 매수,SK이터닉스,475150,거래가 조용해지며 다음 변동성을 준비하는 구간입니다.,46.7%,2.7%,54700.0
2026-05-06,추가 확인 후 매수,신성이엔지,011930,"최근 급등 뒤 숨고르기 구간에 진입했습니다., 거래가 조용해지며 다음 변동성을 준비하는 구간입니다.",42.1%,1.6%,3995.0
2026-05-06,추가 확인 후 매수,진흥기업,002780,최근 급등 뒤 숨고르기 구간에 진입했습니다.,42.3%,2.4%,1338.0
2026-05-06,추가 확인 후 매수,두산퓨얼셀1우,33626K,거래량 급증,46.9%,5.2%,11630.0
2026-05-06,추가 확인 후 매수,일진홀딩스,015860,거래량 급증,40.0%,5.3%,13620.0
2026-05-06,추가 확인 후 매수,한화비전,489790,최근 급등 뒤 숨고르기 구간에 진입했습니다.,40.5%,1.1%,89700.0
2026-05-06,추가 확인 후 매수,DL이앤씨2우(전환),37550L,"거래가 조용해지며 다음 변동성을 준비하는 구간입니다., 과매도 반등 신호",40.0%,3.5%,55600.0
2026-05-06,추가 확인 후 매수,씨에스윈드,112610,거래가 조용해지며 다음 변동성을 준비하는 구간입니다.,48.0%,3.4%,66900.0
2026-05-06,추가 확인 후 매수,유안타증권,003470,거래량 급증,45.2%,1.8%,7830.0
2026-05-06,추가 확인 후 매수,솔루엠,248070,거래량 급증,45.0%,3.8%,23600.0
2026-05-06,추가 확인 후 매수,한국주강,025890,거래가 조용해져 다음 움직임을 준비하는 모습입니다.,42.9%,1.2%,2225.0
2026-05-06,추가 확인 후 매수,WMT,WMT,최근 급등 뒤 숨고르기 구간에 진입했습니다.,40.6%,0.5%,130.0800018310547
2026-05-06,추가 확인 후 매수,한솔테크닉스,004710,거래가 조용해져 다음 움직임을 준비하는 모습입니다.,45.5%,0.8%,7900.0
2026-05-06,추가 확인 후 매수,두산에너빌리티,034020,최근 급등 뒤 숨고르기 구간에 진입했습니다.,45.0%,3.2%,127000.0
2026-05-06,추가 확인 후 매수,SK텔레콤,017670,거래가 조용해져 다음 움직임을 준비하는 모습입니다.,45.5%,2.3%,95500.0
2026-05-06,추가 확인 후 매수,SHW,SHW,"바닥권 반등 신호(BB 하단), 과매도 반등 신호",43.8%,-1.3%,323.6300048828125
2026-05-06,추가 확인 후 매수,대한해운,005880,거래가 조용해져 다음 움직임을 준비하는 모습입니다.,41.9%,4.1%,2570.0
2026-05-06,추가 확인 후 매수,한전기술,052690,거래가 조용해져 다음 움직임을 준비하는 모습입니다.,45.7%,0.4%,182000.0
2026-05-06,추가 확인 후 매수,한화,000880,거래가 조용해지며 다음 변동성을 준비하는 구간입니다.,42.1%,2.1%,140600.0
2026-05-06,추가 확인 후 매수,유엔젤,072130,"거래가 조용해져 다음 움직임을 준비하는 모습입니다., 과매도 반등 신호",45.5%,1.4%,5180.0
2026-05-06,추가 확인 후 매수,한양증권,001750,거래가 조용해져 다음 움직임을 준비하는 모습입니다.,46.9%,3.8%,29950.0
2026-05-06,추가 확인 후 매수,한신공영,004960,거래량 급증,41.4%,5.3%,16290.0
2026-05-06,추가 확인 후 매수,태양금속우,004105,거래가 조용해져 다음 움직임을 준비하는 모습입니다.,42.9%,3.9%,4050.0
2026-05-06,추가 확인 후 매수,부국증권우,001275,"거래가 조용해져 다음 움직임을 준비하는 모습입니다., 거래가 조용해지며 다음 변동성을 준비하는 구간입니다.",48.7%,0.6%,36600.0
2026-05-06,추가 확인 후 매수,SK가스,018670,최근 급등 뒤 숨고르기 구간에 진입했습니다.,41.7%,1.5%,262000.0
2026-05-06,추가 확인 후 매수,삼성물산우B,02826K,거래량 급증,40.0%,1.9%,220000.0
2026-05-06,추가 확인 후 매수,우진아이엔에스,010400,"거래가 조용해져 다음 움직임을 준비하는 모습입니다., 최근 급등 뒤 숨고르기 구간에 진입했습니다.",42.1%,0.8%,4090.0
2026-05-06,추가 확인 후 매수,씨아이테크,004920,거래량 급증,40.0%,-0.6%,1229.0
2026-05-06,추가 확인 후 매수,PKC,001340,거래가 조용해져 다음 움직임을 준비하는 모습입니다.,48.5%,2.9%,7350.0
2026-05-06,추가 확인 후 매수,고려아연,010130,거래가 조용해지며 다음 변동성을 준비하는 구간입니다.,45.0%,4.0%,1747000.0
2026-05-06,추가 확인 후 매수,팬오션,028670,최근 급등 뒤 숨고르기 구간에 진입했습니다.,45.5%,1.2%,5620.0
2026-05-06,추가 확인 후 매수,우진,105840,최근 급등 뒤 숨고르기 구간에 진입했습니다.,41.2%,2.5%,28200.0
2026-05-06,추가 확인 후 매수,고려제강,002240,"거래가 조용해져 다음 움직임을 준비하는 모습입니다., 최근 급등 뒤 숨고르기 구간에 진입했습니다.",48.8%,2.4%,25000.0
2026-05-06,추가 확인 후 매수,한화3우B,00088K,"거래가 조용해져 다음 움직임을 준비하는 모습입니다., 거래가 조용해지며 다음 변동성을 준비하는 구간입니다.",43.9%,1.9%,50900.0
2026-05-06,추가 확인 후 매수,GS,078930,최근 급등 뒤 숨고르기 구간에 진입했습니다.,40.0%,0.5%,76900.0
2026-05-06,추가 확인 후 매수,DB,012030,거래가 조용해져 다음 움직임을 준비하는 모습입니다.,46.9%,4.0%,1957.0
2026-05-06,추가 확인 후 매수,CJ4우(전환),00104K,최근 급등 뒤 숨고르기 구간에 진입했습니다.,45.8%,1.5%,186700.0
2026-05-06,추가 확인 후 매수,국도화학,007690,거래가 조용해져 다음 움직임을 준비하는 모습입니다.,41.9%,1.1%,39650.0
2026-05-06,추가 확인 후 매수,대한제분,001130,최근 급등 뒤 숨고르기 구간에 진입했습니다.,41.2%,-0.9%,156500.0
2026-05-06,추가 확인 후 매수,한농화성,011500,최근 급등 뒤 숨고르기 구간에 진입했습니다.,45.9%,3.3%,24600.0
2026-05-06,추가 확인 후 매수,SJM,123700,최근 급등 뒤 숨고르기 구간에 진입했습니다.,41.2%,-0.0%,3830.0
2026-05-06,추가 확인 후 매수,에스엠벡셀,010580,최근 급등 뒤 숨고르기 구간에 진입했습니다.,40.0%,-1.0%,2135.0
2026-05-06,추가 확인 후 매수,HS화성,002460,거래가 조용해져 다음 움직임을 준비하는 모습입니다.,48.5%,1.8%,13750.0
2026-05-06,추가 확인 후 매수,디아이,003160,"최근 급등 뒤 숨고르기 구간에 진입했습니다., 거래가 조용해지며 다음 변동성을 준비하는 구간입니다.",41.4%,0.5%,35450.0
2026-05-06,추가 확인 후 매수,LX홀딩스1우,38380K,최근 급등 뒤 숨고르기 구간에 진입했습니다.,44.4%,-0.8%,8730.0
2026-05-06,추가 확인 후 매수,무림페이퍼,009200,거래가 조용해져 다음 움직임을 준비하는 모습입니다.,60.0%,7.0%,1977.0
2026-05-06,추가 확인 후 매수,NHN,181710,거래가 조용해져 다음 움직임을 준비하는 모습입니다.,44.2%,2.0%,40900.0
2026-05-06,추가 확인 후 매수,농심홀딩스,072710,거래가 조용해지며 다음 변동성을 준비하는 구간입니다.,47.2%,0.3%,95200.0
2026-05-06,추가 확인 후 매수,이화산업,000760,거래가 조용해져 다음 움직임을 준비하는 모습입니다.,42.1%,1.9%,15910.0
2026-05-06,추가 확인 후 매수,한신기계,011700,거래량 급증,40.0%,3.0%,5190.0
2026-05-06,추가 확인 후 매수,대상우,001685,거래가 조용해져 다음 움직임을 준비하는 모습입니다.,83.3%,2.0%,16690.0
2026-05-06,추가 확인 후 매수,세이브존I&amp;C,067830,거래가 조용해져 다음 움직임을 준비하는 모습입니다.,42.6%,0.8%,3155.0
2026-05-06,추가 확인 후 매수,티에이치엔,019180,거래가 조용해지며 다음 변동성을 준비하는 구간입니다.,41.7%,1.1%,7480.0
2026-05-06,추가 확인 후 매수,SK케미칼우,28513K,거래가 조용해져 다음 움직임을 준비하는 모습입니다.,75.0%,1.1%,27400.0
2026-05-06,추가 확인 후 매수,광주신세계,037710,거래가 조용해지며 다음 변동성을 준비하는 구간입니다.,40.6%,-0.4%,37700.0
2026-05-06,추가 확인 후 매수,동성케미컬,102260,거래가 조용해져 다음 움직임을 준비하는 모습입니다.,47.1%,-0.0%,4315.0
2026-05-06,추가 확인 후 매수,E1,017940,최근 급등 뒤 숨고르기 구간에 진입했습니다.,48.3%,2.5%,104800.0
2026-05-06,추가 확인 후 매수,삼호개발,010960,"거래가 조용해져 다음 움직임을 준비하는 모습입니다., 거래가 조용해지며 다음 변동성을 준비하는 구간입니다.",45.5%,0.0%,3880.0
2026-05-06,추가 확인 후 매수,제일약품,271980,거래가 조용해져 다음 움직임을 준비하는 모습입니다.,75.0%,7.0%,13610.0
2026-05-06,추가 확인 후 매수,신라교역,004970,거래가 조용해지며 다음 변동성을 준비하는 구간입니다.,45.8%,-0.1%,9490.0
2026-05-06,추가 확인 후 매수,SP삼화,000390,"거래가 조용해져 다음 움직임을 준비하는 모습입니다., 거래가 조용해지며 다음 변동성을 준비하는 구간입니다.",43.2%,4.0%,8890.0
2026-05-06,추가 확인 후 매수,CS홀딩스,000590,거래가 조용해지며 다음 변동성을 준비하는 구간입니다.,55.6%,0.1%,80200.0
2026-05-06,추가 확인 후 매수,091170,091170,"거래가 조용해져 다음 움직임을 준비하는 모습입니다., 거래가 조용해지며 다음 변동성을 준비하는 구간입니다.",45.2%,0.9%,15660.0
2026-05-06,추가 확인 후 매수,기아,000270,"최근 급등 뒤 숨고르기 구간에 진입했습니다., 거래가 조용해지며 다음 변동성을 준비하는 구간입니다.",44.4%,2.3%,154600.0
2026-05-06,추가 확인 후 매수,해태제과식품,101530,거래가 조용해져 다음 움직임을 준비하는 모습입니다.,55.6%,-0.2%,6400.0
2026-05-06,추가 확인 후 매수,HL홀딩스,060980,거래가 조용해지며 다음 변동성을 준비하는 구간입니다.,50.0%,1.2%,42000.0
2026-05-06,추가 확인 후 매수,대상,001680,거래가 조용해져 다음 움직임을 준비하는 모습입니다.,40.0%,0.2%,20050.0
2026-05-06,추가 확인 후 매수,서연이화,200880,"거래가 조용해져 다음 움직임을 준비하는 모습입니다., 최근 급등 뒤 숨고르기 구간에 진입했습니다.",45.7%,0.1%,14070.0
2026-05-06,추가 확인 후 매수,노루홀딩스,000320,"거래가 조용해져 다음 움직임을 준비하는 모습입니다., 거래가 조용해지며 다음 변동성을 준비하는 구간입니다.",50.0%,0.2%,22000.0
2026-05-06,추가 확인 후 매수,한올바이오파마,009420,거래가 조용해지며 다음 변동성을 준비하는 구간입니다.,40.0%,-0.0%,44950.0
2026-05-06,추가 확인 후 매수,동양2우B,001527,"최근 급등 뒤 숨고르기 구간에 진입했습니다., 거래가 조용해지며 다음 변동성을 준비하는 구간입니다.",42.9%,-1.3%,7350.0
2026-05-06,추가 확인 후 매수,한전산업,130660,최근 급등 뒤 숨고르기 구간에 진입했습니다.,45.2%,1.5%,20500.0
2026-05-06,추가 확인 후 매수,한화생명,088350,"거래가 조용해지며 다음 변동성을 준비하는 구간입니다., 거래량 급증",40.0%,0.1%,5250.0
2026-05-06,추가 확인 후 매수,스틱인베스트먼트,026890,거래가 조용해지며 다음 변동성을 준비하는 구간입니다.,66.7%,3.3%,9760.0
2026-05-06,추가 확인 후 매수,대웅,003090,거래가 조용해져 다음 움직임을 준비하는 모습입니다.,40.0%,-0.2%,21850.0
2026-05-06,추가 확인 후 매수,한진칼우,18064K,"거래가 조용해져 다음 움직임을 준비하는 모습입니다., 거래가 조용해지며 다음 변동성을 준비하는 구간입니다.",53.3%,1.1%,31800.0
2026-05-06,추가 확인 후 매수,한국앤컴퍼니,000240,"거래가 조용해져 다음 움직임을 준비하는 모습입니다., 거래가 조용해지며 다음 변동성을 준비하는 구간입니다.",45.0%,2.6%,24300.0
2026-05-06,추가 확인 후 매수,광명전기,017040,"거래가 조용해져 다음 움직임을 준비하는 모습입니다., 거래가 조용해지며 다음 변동성을 준비하는 구간입니다.",60.0%,0.4%,932.0
2026-05-06,추가 확인 후 매수,하이브,352820,거래가 조용해지며 다음 변동성을 준비하는 구간입니다.,56.2%,1.7%,246500.0
2026-05-07,신중히 매수,대우건설,047040,"거래가 조용해져 다음 움직임을 준비하는 모습입니다., 거래가 조용해지며 다음 변동성을 준비하는 구간입니다.",73.7%,16.5%,33200.0
2026-05-07,신중히 매수,HD현대에너지솔루션,322000,최근 급등 뒤 숨고르기 구간에 진입했습니다.,67.7%,13.0%,201000.0
2026-05-07,신중히 매수,삼성E&amp;A,028050,거래량 급증,67.9%,4.0%,64400.0
2026-05-07,신중히 매수,삼성SDI,006400,거래가 조용해져 다음 움직임을 준비하는 모습입니다.,71.0%,4.5%,694000.0
2026-05-07,신중히 매수,퍼스텍,010820,거래가 조용해져 다음 움직임을 준비하는 모습입니다.,64.7%,9.5%,12840.0
2026-05-07,신중히 매수,넥스틸,092790,거래량 급증,55.6%,9.3%,21050.0
2026-05-07,신중히 매수,포스코스틸리온,058430,거래량 급증,78.4%,3.0%,8110.0
2026-05-07,신중히 매수,대덕,008060,거래량 급증,81.8%,7.8%,19100.0
2026-05-07,신중히 매수,코오롱인더,120110,거래가 조용해지며 다음 변동성을 준비하는 구간입니다.,65.0%,4.1%,94900.0
2026-05-07,신중히 매수,비에이치,090460,거래가 조용해져 다음 움직임을 준비하는 모습입니다.,65.2%,9.8%,31000.0
2026-05-07,신중히 매수,SGC에너지,005090,최근 급등 뒤 숨고르기 구간에 진입했습니다.,54.2%,5.8%,60700.0
2026-05-07,신중히 매수,혜인,003010,"거래가 조용해져 다음 움직임을 준비하는 모습입니다., 거래량 급증",64.5%,2.3%,7920.0
2026-05-07,신중히 매수,HD건설기계,267270,최근 급등 뒤 숨고르기 구간에 진입했습니다.,51.6%,4.5%,192600.0
2026-05-07,신중히 매수,대덕1우,00806K,거래량 급증,75.0%,3.1%,12450.0
2026-05-07,신중히 매수,테이팩스,055490,최근 급등 뒤 숨고르기 구간에 진입했습니다.,72.7%,4.7%,21050.0
2026-05-07,신중히 매수,WMT,WMT,최근 급등 뒤 숨고르기 구간에 진입했습니다.,46.9%,0.6%,130.0800018310547
2026-05-07,신중히 매수,롯데정밀화학,004000,최근 급등 뒤 숨고르기 구간에 진입했습니다.,60.0%,3.4%,64000.0
2026-05-07,신중히 매수,비상교육,100220,"거래가 조용해져 다음 움직임을 준비하는 모습입니다., 최근 급등 뒤 숨고르기 구간에 진입했습니다.",83.3%,3.7%,7230.0
2026-05-07,신중히 매수,CVX,CVX,"거래가 조용해져 다음 움직임을 준비하는 모습입니다., 거래가 조용해지며 다음 변동성을 준비하는 구간입니다.",76.5%,4.5%,185.16000366210938
2026-05-07,신중히 매수,WISCOM,024070,최근 급등 뒤 숨고르기 구간에 진입했습니다.,76.2%,4.3%,2450.0
2026-05-07,신중히 매수,씨에스윈드,112610,거래가 조용해지며 다음 변동성을 준비하는 구간입니다.,53.8%,3.8%,61200.0
2026-05-07,신중히 매수,삼일씨엔에스,004440,거래가 조용해지며 다음 변동성을 준비하는 구간입니다.,53.1%,2.8%,7240.0
2026-05-07,신중히 매수,유니온머티리얼,047400,거래량 급증,56.2%,0.8%,1905.0
2026-05-07,신중히 매수,이수스페셜티케미컬,457190,거래가 조용해져 다음 움직임을 준비하는 모습입니다.,57.1%,2.1%,117700.0
2026-05-07,신중히 매수,LG에너지솔루션,373220,거래가 조용해져 다음 움직임을 준비하는 모습입니다.,50.0%,2.0%,483000.0
2026-05-07,신중히 매수,한국콜마,161890,거래가 조용해져 다음 움직임을 준비하는 모습입니다.,62.5%,4.3%,86900.0
2026-05-07,신중히 매수,삼화콘덴서,001820,거래가 조용해지며 다음 변동성을 준비하는 구간입니다.,66.7%,4.9%,67900.0
2026-05-07,신중히 매수,동국홀딩스,001230,거래가 조용해지며 다음 변동성을 준비하는 구간입니다.,57.9%,0.5%,11400.0
2026-05-07,신중히 매수,BGF,027410,거래가 조용해지며 다음 변동성을 준비하는 구간입니다.,75.0%,2.4%,5140.0
2026-05-07,신중히 매수,에이엔피,015260,거래가 조용해져 다음 움직임을 준비하는 모습입니다.,52.0%,6.3%,726.0
2026-05-07,신중히 매수,MRK,MRK,거래가 조용해져 다음 움직임을 준비하는 모습입니다.,51.4%,0.7%,113.55999755859375
2026-05-07,신중히 매수,HDC,012630,거래가 조용해지며 다음 변동성을 준비하는 구간입니다.,63.0%,3.5%,28150.0
2026-05-07,신중히 매수,한국카본,017960,거래가 조용해지며 다음 변동성을 준비하는 구간입니다.,50.0%,2.9%,47600.0
2026-05-07,신중히 매수,SK텔레콤,017670,거래가 조용해져 다음 움직임을 준비하는 모습입니다.,50.0%,1.6%,93200.0
2026-05-07,신중히 매수,BYC우,001465,거래가 조용해져 다음 움직임을 준비하는 모습입니다.,85.3%,4.9%,32800.0
2026-05-07,신중히 매수,신세계인터내셔날,031430,"거래가 조용해져 다음 움직임을 준비하는 모습입니다., 최근 급등 뒤 숨고르기 구간에 진입했습니다.",63.9%,2.9%,14710.0
2026-05-07,신중히 매수,팬오션,028670,거래량 급증,52.9%,0.4%,6030.0
2026-05-07,신중히 매수,이월드,084680,거래가 조용해져 다음 움직임을 준비하는 모습입니다.,54.3%,1.7%,1889.0
2026-05-07,신중히 매수,코람코더원리츠,417310,"거래가 조용해져 다음 움직임을 준비하는 모습입니다., 거래가 조용해지며 다음 변동성을 준비하는 구간입니다.",64.7%,0.9%,10180.0
2026-05-07,신중히 매수,한국단자,025540,최근 급등 뒤 숨고르기 구간에 진입했습니다.,70.0%,3.2%,88800.0
2026-05-07,신중히 매수,무림P&amp;P,009580,거래가 조용해져 다음 움직임을 준비하는 모습입니다.,58.3%,5.7%,2845.0
2026-05-07,신중히 매수,한화,000880,거래가 조용해지며 다음 변동성을 준비하는 구간입니다.,59.0%,3.1%,139500.0
2026-05-07,신중히 매수,코스모신소재,005070,"거래가 조용해져 다음 움직임을 준비하는 모습입니다., 최근 급등 뒤 숨고르기 구간에 진입했습니다.",75.0%,4.0%,63800.0
2026-05-07,신중히 매수,DL우,000215,거래가 조용해지며 다음 변동성을 준비하는 구간입니다.,69.0%,1.2%,29100.0
2026-05-07,신중히 매수,LX세미콘,108320,최근 급등 뒤 숨고르기 구간에 진입했습니다.,66.7%,5.1%,61700.0
2026-05-07,신중히 매수,써니전자,004770,"거래가 조용해져 다음 움직임을 준비하는 모습입니다., 거래가 조용해지며 다음 변동성을 준비하는 구간입니다.",54.5%,0.7%,1778.0
2026-05-07,신중히 매수,미원화학,134380,거래가 조용해져 다음 움직임을 준비하는 모습입니다.,60.5%,2.4%,12300.0
2026-05-07,신중히 매수,SK리츠,395400,바닥권 반등 신호(BB 하단),57.6%,0.7%,6150.0
2026-05-07,신중히 매수,LF,093050,"거래가 조용해지며 다음 변동성을 준비하는 구간입니다., 과매도 반등 신호",61.3%,2.9%,25400.0
2026-05-07,신중히 매수,우성,006980,최근 급등 뒤 숨고르기 구간에 진입했습니다.,54.5%,2.0%,24250.0
2026-05-07,신중히 매수,경인전자,009140,거래가 조용해져 다음 움직임을 준비하는 모습입니다.,65.7%,1.4%,23150.0
2026-05-07,신중히 매수,한국토지신탁,034830,거래가 조용해지며 다음 변동성을 준비하는 구간입니다.,66.7%,2.5%,1544.0
2026-05-07,신중히 매수,디와이파워,210540,거래가 조용해지며 다음 변동성을 준비하는 구간입니다.,58.8%,1.8%,15880.0
2026-05-07,신중히 매수,우진아이엔에스,010400,거래가 조용해져 다음 움직임을 준비하는 모습입니다.,52.6%,0.8%,4085.0
2026-05-07,신중히 매수,CJ4우(전환),00104K,최근 급등 뒤 숨고르기 구간에 진입했습니다.,50.0%,0.3%,188900.0
2026-05-07,신중히 매수,까뮤이앤씨,013700,거래가 조용해지며 다음 변동성을 준비하는 구간입니다.,60.5%,0.8%,1348.0
2026-05-07,신중히 매수,PKC,001340,거래가 조용해져 다음 움직임을 준비하는 모습입니다.,50.0%,1.4%,7130.0
2026-05-07,신중히 매수,오리온,271560,최근 급등 뒤 숨고르기 구간에 진입했습니다.,55.6%,0.8%,140000.0
2026-05-07,신중히 매수,NH투자증권우,005945,거래가 조용해지며 다음 변동성을 준비하는 구간입니다.,58.6%,1.3%,28400.0
2026-05-07,신중히 매수,GS리테일,007070,"거래가 조용해지며 다음 변동성을 준비하는 구간입니다., 거래량 급증",65.8%,2.3%,23550.0
2026-05-07,신중히 매수,우진,105840,최근 급등 뒤 숨고르기 구간에 진입했습니다.,51.4%,2.5%,28300.0
2026-05-07,신중히 매수,현대홈쇼핑,057050,"거래가 조용해져 다음 움직임을 준비하는 모습입니다., 최근 급등 뒤 숨고르기 구간에 진입했습니다.",50.0%,0.9%,85400.0
2026-05-07,신중히 매수,더존비즈온,012510,RSI 반전 신호(상승 가능성),50.0%,0.1%,120300.0
2026-05-07,신중히 매수,부국증권우,001275,"거래가 조용해져 다음 움직임을 준비하는 모습입니다., 거래가 조용해지며 다음 변동성을 준비하는 구간입니다.",51.3%,0.5%,36250.0
2026-05-07,신중히 매수,두올,016740,최근 급등 뒤 숨고르기 구간에 진입했습니다.,57.1%,1.0%,4990.0
2026-05-07,신중히 매수,세원정공,021820,거래가 조용해지며 다음 변동성을 준비하는 구간입니다.,66.7%,1.3%,15240.0
2026-05-07,신중히 매수,한농화성,011500,거래가 조용해져 다음 움직임을 준비하는 모습입니다.,51.4%,1.4%,23550.0
2026-05-07,신중히 매수,HL D&amp;I,014790,"거래가 조용해져 다음 움직임을 준비하는 모습입니다., 거래가 조용해지며 다음 변동성을 준비하는 구간입니다.",58.3%,1.6%,3510.0
2026-05-07,신중히 매수,동부건설,005960,거래가 조용해지며 다음 변동성을 준비하는 구간입니다.,66.7%,6.1%,9390.0
2026-05-07,신중히 매수,에스엠벡셀,010580,거래가 조용해지며 다음 변동성을 준비하는 구간입니다.,53.8%,-0.7%,2140.0
2026-05-07,신중히 매수,영화금속,012280,거래가 조용해져 다음 움직임을 준비하는 모습입니다.,66.7%,2.0%,1062.0
2026-05-07,신중히 매수,금호건설,002990,거래가 조용해지며 다음 변동성을 준비하는 구간입니다.,61.8%,2.4%,5250.0
2026-05-07,신중히 매수,NHN,181710,"거래가 조용해져 다음 움직임을 준비하는 모습입니다., 거래가 조용해지며 다음 변동성을 준비하는 구간입니다.",51.2%,1.9%,39600.0
2026-05-07,신중히 매수,다스코,058730,"거래가 조용해져 다음 움직임을 준비하는 모습입니다., 바닥권 반등 신호(BB 하단), 거래가 조용해지며 다음 변동성을 준비하는 구간입니다., 거래량 급증",53.8%,2.6%,3705.0
2026-05-07,신중히 매수,TP,007980,거래가 조용해져 다음 움직임을 준비하는 모습입니다.,51.7%,1.7%,2100.0
2026-05-07,신중히 매수,오리온홀딩스,001800,거래가 조용해지며 다음 변동성을 준비하는 구간입니다.,52.9%,0.7%,24750.0
2026-05-07,신중히 매수,태광산업,003240,거래가 조용해지며 다음 변동성을 준비하는 구간입니다.,51.7%,1.0%,1129000.0
2026-05-07,신중히 매수,BGF리테일,282330,거래가 조용해져 다음 움직임을 준비하는 모습입니다.,54.1%,2.9%,133900.0
2026-05-07,신중히 매수,디와이,013570,거래가 조용해지며 다음 변동성을 준비하는 구간입니다.,70.6%,0.7%,5200.0
2026-05-07,신중히 매수,KB금융,105560,거래가 조용해지며 다음 변동성을 준비하는 구간입니다.,54.3%,0.9%,161200.0
2026-05-07,신중히 매수,LX홀딩스,383800,최근 급등 뒤 숨고르기 구간에 진입했습니다.,64.3%,2.9%,9090.0
2026-05-07,신중히 매수,S-Oil우,010955,거래가 조용해지며 다음 변동성을 준비하는 구간입니다.,56.4%,1.6%,56000.0
2026-05-07,신중히 매수,우진플라임,049800,거래가 조용해져 다음 움직임을 준비하는 모습입니다.,50.0%,2.3%,2690.0
2026-05-07,신중히 매수,보령,003850,거래가 조용해지며 다음 변동성을 준비하는 구간입니다.,60.6%,1.2%,9660.0
2026-05-07,신중히 매수,티에이치엔,019180,거래가 조용해지며 다음 변동성을 준비하는 구간입니다.,52.8%,1.7%,7440.0
2026-05-07,신중히 매수,농심홀딩스,072710,거래가 조용해지며 다음 변동성을 준비하는 구간입니다.,55.6%,0.2%,95800.0
2026-05-07,신중히 매수,넥센타이어1우B,002355,"거래가 조용해져 다음 움직임을 준비하는 모습입니다., 거래가 조용해지며 다음 변동성을 준비하는 구간입니다.",56.4%,1.0%,4375.0
2026-05-07,신중히 매수,삼천리,004690,최근 급등 뒤 숨고르기 구간에 진입했습니다.,50.0%,0.3%,147200.0
2026-05-07,신중히 매수,광주신세계,037710,거래가 조용해지며 다음 변동성을 준비하는 구간입니다.,59.4%,0.3%,37450.0
2026-05-07,신중히 매수,경방,000050,거래가 조용해져 다음 움직임을 준비하는 모습입니다.,51.0%,1.6%,9910.0
2026-05-07,신중히 매수,한화투자증권우,003535,거래가 조용해지며 다음 변동성을 준비하는 구간입니다.,53.3%,2.0%,9400.0
2026-05-07,신중히 매수,iM금융지주,139130,거래가 조용해져 다음 움직임을 준비하는 모습입니다.,57.1%,1.7%,19250.0
2026-05-07,신중히 매수,금호석유화학,011780,거래가 조용해지며 다음 변동성을 준비하는 구간입니다.,55.2%,0.6%,131800.0
2026-05-07,신중히 매수,HL홀딩스,060980,거래가 조용해지며 다음 변동성을 준비하는 구간입니다.,51.6%,0.3%,43050.0
2026-05-07,신중히 매수,삼정펄프,009770,바닥권 반등 신호(BB 하단),53.1%,1.6%,31600.0
2026-05-07,신중히 매수,현대엘리베이터,017800,거래가 조용해져 다음 움직임을 준비하는 모습입니다.,53.8%,2.4%,98600.0
2026-05-07,신중히 매수,F&amp;F홀딩스,007700,거래가 조용해지며 다음 변동성을 준비하는 구간입니다.,54.5%,-0.9%,19890.0
2026-05-07,신중히 매수,BYC,001460,거래가 조용해지며 다음 변동성을 준비하는 구간입니다.,66.7%,3.1%,49100.0
2026-05-07,신중히 매수,롯데칠성우,005305,거래가 조용해지며 다음 변동성을 준비하는 구간입니다.,67.7%,1.1%,80800.0
2026-05-07,신중히 매수,넥센우,005725,거래량 급증,66.7%,3.4%,4635.0
2026-05-07,신중히 매수,미창석유,003650,거래가 조용해지며 다음 변동성을 준비하는 구간입니다.,72.4%,1.9%,120500.0
2026-05-07,신중히 매수,현대해상,001450,거래가 조용해지며 다음 변동성을 준비하는 구간입니다.,60.9%,0.7%,30900.0
2026-05-07,신중히 매수,한전산업,130660,거래가 조용해지며 다음 변동성을 준비하는 구간입니다.,50.0%,1.6%,19600.0
2026-05-07,추가 확인 후 매수,삼아알미늄,006110,거래가 조용해져 다음 움직임을 준비하는 모습입니다.,42.1%,1.4%,70600.0
2026-05-07,추가 확인 후 매수,신성이엔지,011930,거래가 조용해지며 다음 변동성을 준비하는 구간입니다.,45.0%,1.1%,3995.0
2026-05-07,추가 확인 후 매수,SK이터닉스,475150,거래가 조용해지며 다음 변동성을 준비하는 구간입니다.,41.9%,2.4%,51700.0
2026-05-07,추가 확인 후 매수,GS건설,006360,"거래가 조용해져 다음 움직임을 준비하는 모습입니다., 거래가 조용해지며 다음 변동성을 준비하는 구간입니다.",47.1%,5.8%,39350.0
2026-05-07,추가 확인 후 매수,코리아써키트,007810,거래가 조용해지며 다음 변동성을 준비하는 구간입니다.,44.4%,1.5%,102200.0
2026-05-07,추가 확인 후 매수,DL이앤씨2우(전환),37550L,거래가 조용해지며 다음 변동성을 준비하는 구간입니다.,47.6%,4.6%,60700.0
2026-05-07,추가 확인 후 매수,세아제강지주,003030,거래가 조용해지며 다음 변동성을 준비하는 구간입니다.,46.7%,3.7%,213500.0
2026-05-07,추가 확인 후 매수,부국철강,026940,거래가 조용해져 다음 움직임을 준비하는 모습입니다.,40.0%,3.4%,2855.0
2026-05-07,추가 확인 후 매수,한국주강,025890,거래가 조용해져 다음 움직임을 준비하는 모습입니다.,46.7%,1.0%,2220.0
2026-05-07,추가 확인 후 매수,일진하이솔루스,271940,최근 급등 뒤 숨고르기 구간에 진입했습니다.,41.7%,0.8%,18210.0
2026-05-07,추가 확인 후 매수,SNT에너지,100840,거래가 조용해지며 다음 변동성을 준비하는 구간입니다.,47.4%,-0.5%,58800.0
2026-05-07,추가 확인 후 매수,한양증권우,001755,거래가 조용해져 다음 움직임을 준비하는 모습입니다.,48.1%,2.3%,28950.0
2026-05-07,추가 확인 후 매수,미래산업,025560,거래량 급증,48.7%,1.3%,18300.0
2026-05-07,추가 확인 후 매수,대한해운,005880,거래가 조용해져 다음 움직임을 준비하는 모습입니다.,40.6%,3.3%,2670.0
2026-05-07,추가 확인 후 매수,한국전자홀딩스,006200,"최근 급등 뒤 숨고르기 구간에 진입했습니다., 거래가 조용해지며 다음 변동성을 준비하는 구간입니다.",44.4%,3.7%,801.0
2026-05-07,추가 확인 후 매수,두산밥캣,241560,최근 급등 뒤 숨고르기 구간에 진입했습니다.,40.0%,0.0%,76700.0
2026-05-07,추가 확인 후 매수,SHW,SHW,"바닥권 반등 신호(BB 하단), 과매도 반등 신호",43.8%,-1.9%,323.6300048828125
2026-05-07,추가 확인 후 매수,삼성중공업,010140,최근 급등 뒤 숨고르기 구간에 진입했습니다.,45.2%,1.8%,33700.0
2026-05-07,추가 확인 후 매수,한전기술,052690,거래가 조용해져 다음 움직임을 준비하는 모습입니다.,44.4%,0.2%,185400.0
2026-05-07,추가 확인 후 매수,온타이드,005320,최근 급등 뒤 숨고르기 구간에 진입했습니다.,40.0%,1.5%,588.0
2026-05-07,추가 확인 후 매수,유엔젤,072130,거래가 조용해져 다음 움직임을 준비하는 모습입니다.,45.5%,0.8%,5180.0
2026-05-07,추가 확인 후 매수,유화증권우,003465,거래가 조용해지며 다음 변동성을 준비하는 구간입니다.,45.9%,-0.1%,3460.0
2026-05-07,추가 확인 후 매수,고려제강,002240,거래가 조용해져 다음 움직임을 준비하는 모습입니다.,47.7%,1.2%,25400.0
2026-05-07,추가 확인 후 매수,한양증권,001750,거래가 조용해져 다음 움직임을 준비하는 모습입니다.,43.8%,2.1%,28900.0
2026-05-07,추가 확인 후 매수,동양생명,082640,최근 급등 뒤 숨고르기 구간에 진입했습니다.,44.1%,1.0%,8120.0
2026-05-07,추가 확인 후 매수,원림,005820,"거래가 조용해져 다음 움직임을 준비하는 모습입니다., 최근 급등 뒤 숨고르기 구간에 진입했습니다.",44.8%,1.0%,16540.0
2026-05-07,추가 확인 후 매수,한화3우B,00088K,거래가 조용해지며 다음 변동성을 준비하는 구간입니다.,48.8%,0.6%,51200.0
2026-05-07,추가 확인 후 매수,태양금속우,004105,거래가 조용해져 다음 움직임을 준비하는 모습입니다.,48.3%,3.3%,4085.0
2026-05-07,추가 확인 후 매수,인팩,023810,최근 급등 뒤 숨고르기 구간에 진입했습니다.,40.5%,-1.3%,8660.0
2026-05-07,추가 확인 후 매수,대림바스,005750,거래가 조용해지며 다음 변동성을 준비하는 구간입니다.,47.7%,1.9%,5480.0
2026-05-07,추가 확인 후 매수,다올투자증권,030210,최근 급등 뒤 숨고르기 구간에 진입했습니다.,47.6%,0.8%,4645.0
2026-05-07,추가 확인 후 매수,진흥기업우B,002785,최근 급등 뒤 숨고르기 구간에 진입했습니다.,50.0%,-0.2%,3520.0
2026-05-07,추가 확인 후 매수,신한지주,055550,거래가 조용해지며 다음 변동성을 준비하는 구간입니다.,44.4%,0.2%,98900.0
2026-05-07,추가 확인 후 매수,대한항공우,003495,"바닥권 반등 신호(BB 하단), 거래가 조용해지며 다음 변동성을 준비하는 구간입니다.",56.2%,-0.2%,23800.0
2026-05-07,추가 확인 후 매수,두산로보틱스,454910,최근 급등 뒤 숨고르기 구간에 진입했습니다.,40.0%,-0.2%,99100.0
2026-05-07,추가 확인 후 매수,진흥기업2우B,002787,최근 급등 뒤 숨고르기 구간에 진입했습니다.,42.9%,-1.0%,8470.0
2026-05-07,추가 확인 후 매수,이마트,139480,최근 급등 뒤 숨고르기 구간에 진입했습니다.,41.4%,-0.8%,108400.0
2026-05-07,추가 확인 후 매수,경동도시가스,267290,거래가 조용해지며 다음 변동성을 준비하는 구간입니다.,46.7%,-0.2%,22850.0
2026-05-07,추가 확인 후 매수,현대위아,011210,"거래가 조용해져 다음 움직임을 준비하는 모습입니다., 거래가 조용해지며 다음 변동성을 준비하는 구간입니다.",40.0%,0.1%,83300.0
2026-05-07,추가 확인 후 매수,INVENI,015360,"거래가 조용해져 다음 움직임을 준비하는 모습입니다., 거래가 조용해지며 다음 변동성을 준비하는 구간입니다.",44.7%,-0.3%,16180.0
2026-05-07,추가 확인 후 매수,LG씨엔에스,064400,"거래가 조용해져 다음 움직임을 준비하는 모습입니다., 거래가 조용해지며 다음 변동성을 준비하는 구간입니다.",42.9%,-0.8%,67700.0
2026-05-07,추가 확인 후 매수,화승알앤에이,378850,거래가 조용해지며 다음 변동성을 준비하는 구간입니다.,44.7%,-0.4%,3470.0
2026-05-07,추가 확인 후 매수,신라교역,004970,거래가 조용해지며 다음 변동성을 준비하는 구간입니다.,44.0%,-0.2%,9700.0
2026-05-07,추가 확인 후 매수,SK케미칼우,28513K,"거래가 조용해져 다음 움직임을 준비하는 모습입니다., 거래가 조용해지며 다음 변동성을 준비하는 구간입니다.",50.0%,-0.7%,27050.0
2026-05-07,추가 확인 후 매수,삼호개발,010960,"거래가 조용해져 다음 움직임을 준비하는 모습입니다., 거래가 조용해지며 다음 변동성을 준비하는 구간입니다.",45.5%,-0.2%,3945.0
2026-05-07,추가 확인 후 매수,세이브존I&amp;C,067830,"거래가 조용해져 다음 움직임을 준비하는 모습입니다., 거래가 조용해지며 다음 변동성을 준비하는 구간입니다.",46.8%,0.8%,3185.0
2026-05-07,추가 확인 후 매수,091170,091170,"거래가 조용해져 다음 움직임을 준비하는 모습입니다., 거래가 조용해지며 다음 변동성을 준비하는 구간입니다.",46.9%,0.5%,15830.0
2026-05-07,추가 확인 후 매수,동성케미컬,102260,"거래가 조용해져 다음 움직임을 준비하는 모습입니다., 거래가 조용해지며 다음 변동성을 준비하는 구간입니다.",41.2%,-1.2%,4285.0
2026-05-07,추가 확인 후 매수,대상우,001685,거래가 조용해지며 다음 변동성을 준비하는 구간입니다.,63.6%,1.2%,16530.0
2026-05-07,추가 확인 후 매수,롯데이노베이트,286940,"거래가 조용해져 다음 움직임을 준비하는 모습입니다., 거래가 조용해지며 다음 변동성을 준비하는 구간입니다.",41.7%,-1.3%,22300.0
2026-05-07,추가 확인 후 매수,무림페이퍼,009200,거래가 조용해져 다음 움직임을 준비하는 모습입니다.,70.0%,4.5%,1972.0
2026-05-07,추가 확인 후 매수,기아,000270,"최근 급등 뒤 숨고르기 구간에 진입했습니다., 거래가 조용해지며 다음 변동성을 준비하는 구간입니다.",45.9%,1.4%,157600.0
2026-05-07,추가 확인 후 매수,제일약품,271980,"거래가 조용해져 다음 움직임을 준비하는 모습입니다., 거래가 조용해지며 다음 변동성을 준비하는 구간입니다.",75.0%,5.4%,13600.0
2026-05-07,추가 확인 후 매수,고려아연,010130,"거래가 조용해지며 다음 변동성을 준비하는 구간입니다., 과매도 반등 신호",45.0%,3.1%,1560000.0
2026-05-07,추가 확인 후 매수,현대차3우B,005389,거래가 조용해지며 다음 변동성을 준비하는 구간입니다.,42.1%,0.9%,246000.0
2026-05-07,추가 확인 후 매수,영원무역,111770,거래가 조용해지며 다음 변동성을 준비하는 구간입니다.,41.7%,-0.5%,82400.0
2026-05-07,추가 확인 후 매수,현대차2우B,005387,"최근 급등 뒤 숨고르기 구간에 진입했습니다., 거래가 조용해지며 다음 변동성을 준비하는 구간입니다.",42.9%,0.8%,256500.0
2026-05-07,추가 확인 후 매수,한솔홀딩스,004150,거래가 조용해지며 다음 변동성을 준비하는 구간입니다.,42.4%,-0.2%,3355.0
2026-05-07,추가 확인 후 매수,HDC현대EP,089470,거래가 조용해지며 다음 변동성을 준비하는 구간입니다.,48.6%,-0.4%,5430.0
2026-05-07,추가 확인 후 매수,CJ우,001045,거래가 조용해지며 다음 변동성을 준비하는 구간입니다.,40.0%,-0.5%,89500.0
2026-05-07,추가 확인 후 매수,SP삼화,000390,거래가 조용해지며 다음 변동성을 준비하는 구간입니다.,45.5%,2.7%,8670.0
2026-05-07,추가 확인 후 매수,CS홀딩스,000590,거래가 조용해지며 다음 변동성을 준비하는 구간입니다.,55.6%,1.9%,79600.0
2026-05-07,추가 확인 후 매수,해태제과식품,101530,거래가 조용해져 다음 움직임을 준비하는 모습입니다.,44.4%,-1.4%,6360.0
2026-05-07,추가 확인 후 매수,현대글로비스,086280,"최근 급등 뒤 숨고르기 구간에 진입했습니다., 거래가 조용해지며 다음 변동성을 준비하는 구간입니다.",40.5%,0.1%,230500.0
2026-05-07,추가 확인 후 매수,한국가스공사,036460,최근 급등 뒤 숨고르기 구간에 진입했습니다.,100.0%,4.2%,38450.0
2026-05-07,추가 확인 후 매수,서연이화,200880,거래가 조용해져 다음 움직임을 준비하는 모습입니다.,47.2%,0.1%,14090.0
2026-05-07,추가 확인 후 매수,대신증권,003540,거래가 조용해지며 다음 변동성을 준비하는 구간입니다.,42.9%,-0.8%,39700.0
2026-05-07,추가 확인 후 매수,서연,007860,"거래가 조용해져 다음 움직임을 준비하는 모습입니다., 거래가 조용해지며 다음 변동성을 준비하는 구간입니다.",47.1%,-0.1%,9320.0
2026-05-07,추가 확인 후 매수,대상,001680,거래가 조용해지며 다음 변동성을 준비하는 구간입니다.,40.0%,-0.6%,20200.0
2026-05-07,추가 확인 후 매수,셀트리온,068270,"바닥권 반등 신호(BB 하단), 거래가 조용해지며 다음 변동성을 준비하는 구간입니다.",40.0%,-0.8%,202500.0
2026-05-07,추가 확인 후 매수,한화생명,088350,거래가 조용해지며 다음 변동성을 준비하는 구간입니다.,48.8%,0.6%,4925.0
2026-05-07,추가 확인 후 매수,바이오노트,377740,"거래가 조용해져 다음 움직임을 준비하는 모습입니다., 거래가 조용해지며 다음 변동성을 준비하는 구간입니다.",50.0%,1.2%,4985.0
2026-05-07,추가 확인 후 매수,한진칼우,18064K,거래가 조용해지며 다음 변동성을 준비하는 구간입니다.,50.0%,1.1%,32800.0
2026-05-07,추가 확인 후 매수,한화손해보험,000370,거래가 조용해지며 다음 변동성을 준비하는 구간입니다.,42.1%,0.2%,6740.0
2026-05-07,추가 확인 후 매수,노루홀딩스,000320,"거래가 조용해져 다음 움직임을 준비하는 모습입니다., 거래가 조용해지며 다음 변동성을 준비하는 구간입니다.",50.0%,2.3%,22200.0
2026-05-07,추가 확인 후 매수,롯데손해보험,000400,거래가 조용해지며 다음 변동성을 준비하는 구간입니다.,45.2%,0.0%,2080.0
2026-05-07,추가 확인 후 매수,스틱인베스트먼트,026890,거래가 조용해지며 다음 변동성을 준비하는 구간입니다.,62.5%,1.3%,9740.0
2026-05-07,추가 확인 후 매수,대웅,003090,거래가 조용해져 다음 움직임을 준비하는 모습입니다.,42.9%,0.4%,21950.0
2026-05-07,추가 확인 후 매수,한국앤컴퍼니,000240,"거래가 조용해져 다음 움직임을 준비하는 모습입니다., 거래가 조용해지며 다음 변동성을 준비하는 구간입니다.",52.6%,2.1%,25100.0
2026-05-07,추가 확인 후 매수,부국증권,001270,거래가 조용해지며 다음 변동성을 준비하는 구간입니다.,48.8%,1.7%,75100.0
2026-05-07,추가 확인 후 매수,대성산업,128820,거래가 조용해지며 다음 변동성을 준비하는 구간입니다.,43.4%,4.1%,6660.0
2026-05-07,추가 확인 후 매수,광명전기,017040,거래가 조용해지며 다음 변동성을 준비하는 구간입니다.,60.0%,-0.3%,932.0
2026-05-07,추가 확인 후 매수,하이브,352820,거래가 조용해지며 다음 변동성을 준비하는 구간입니다.,56.2%,1.5%,243500.0
2026-05-10,신중히 매수,대우건설,047040,거래가 조용해지며 다음 변동성을 준비하는 구간입니다.,81.2%,20.4%,32850.0
2026-05-10,신중히 매수,LS에코에너지,229640,최근 급등 뒤 숨고르기 구간에 진입했습니다.,64.0%,8.9%,90100.0
2026-05-10,신중히 매수,퍼스텍,010820,거래가 조용해져 다음 움직임을 준비하는 모습입니다.,62.1%,8.8%,12990.0
2026-05-10,신중히 매수,한솔테크닉스,004710,거래량 급증,60.0%,4.3%,10880.0
2026-05-10,신중히 매수,삼성SDI,006400,거래가 조용해져 다음 움직임을 준비하는 모습입니다.,78.6%,5.9%,678000.0
2026-05-10,신중히 매수,비에이치,090460,거래가 조용해져 다음 움직임을 준비하는 모습입니다.,64.7%,13.4%,32200.0
2026-05-10,신중히 매수,코오롱인더,120110,거래가 조용해지며 다음 변동성을 준비하는 구간입니다.,60.0%,2.4%,91900.0
2026-05-10,신중히 매수,CAT,CAT,최근 급등 뒤 숨고르기 구간에 진입했습니다.,59.0%,5.1%,897.4500122070312
2026-05-10,신중히 매수,현대오토에버,307950,거래량 급증,54.5%,0.6%,592000.0
2026-05-10,신중히 매수,혜인,003010,거래가 조용해져 다음 움직임을 준비하는 모습입니다.,75.0%,4.0%,7410.0
2026-05-10,신중히 매수,두산에너빌리티,034020,최근 급등 뒤 숨고르기 구간에 진입했습니다.,55.0%,3.2%,129600.0
2026-05-10,신중히 매수,한국주강,025890,"거래가 조용해져 다음 움직임을 준비하는 모습입니다., 거래가 조용해지며 다음 변동성을 준비하는 구간입니다.",50.0%,0.6%,2170.0
2026-05-10,신중히 매수,DSR제강,069730,거래가 조용해지며 다음 변동성을 준비하는 구간입니다.,61.3%,2.6%,5500.0
2026-05-10,신중히 매수,동국홀딩스,001230,거래가 조용해지며 다음 변동성을 준비하는 구간입니다.,61.1%,2.2%,11400.0
2026-05-10,신중히 매수,WISCOM,024070,최근 급등 뒤 숨고르기 구간에 진입했습니다.,88.2%,5.7%,2435.0
2026-05-10,신중히 매수,305720,305720,"거래가 조용해져 다음 움직임을 준비하는 모습입니다., 최근 급등 뒤 숨고르기 구간에 진입했습니다.",75.9%,4.3%,22410.0
2026-05-10,신중히 매수,한진중공업홀딩스,003480,최근 급등 뒤 숨고르기 구간에 진입했습니다.,50.0%,4.1%,6380.0
2026-05-10,신중히 매수,한양증권우,001755,거래가 조용해져 다음 움직임을 준비하는 모습입니다.,50.0%,3.7%,28450.0
2026-05-10,신중히 매수,이수스페셜티케미컬,457190,거래가 조용해져 다음 움직임을 준비하는 모습입니다.,54.3%,3.3%,115000.0
2026-05-10,신중히 매수,신세계인터내셔날,031430,거래가 조용해져 다음 움직임을 준비하는 모습입니다.,64.5%,3.4%,14840.0
2026-05-10,신중히 매수,쏘카,403550,최근 급등 뒤 숨고르기 구간에 진입했습니다.,100.0%,15.8%,13970.0
2026-05-10,신중히 매수,BYC우,001465,"거래가 조용해져 다음 움직임을 준비하는 모습입니다., 거래가 조용해지며 다음 변동성을 준비하는 구간입니다.",82.8%,5.1%,33300.0
2026-05-10,신중히 매수,BGF,027410,거래가 조용해지며 다음 변동성을 준비하는 구간입니다.,66.7%,1.9%,5040.0
2026-05-10,신중히 매수,한국단자,025540,최근 급등 뒤 숨고르기 구간에 진입했습니다.,67.9%,3.3%,90200.0
2026-05-10,신중히 매수,동원수산,030720,최근 급등 뒤 숨고르기 구간에 진입했습니다.,60.0%,3.4%,7150.0
2026-05-10,신중히 매수,LG에너지솔루션,373220,"거래가 조용해져 다음 움직임을 준비하는 모습입니다., 최근 급등 뒤 숨고르기 구간에 진입했습니다.",53.3%,3.0%,476500.0
2026-05-10,신중히 매수,LG화학우,051915,최근 급등 뒤 숨고르기 구간에 진입했습니다.,50.0%,4.0%,192800.0
2026-05-10,신중히 매수,미원화학,134380,거래가 조용해져 다음 움직임을 준비하는 모습입니다.,63.9%,2.9%,12590.0
2026-05-10,신중히 매수,HDC,012630,거래가 조용해지며 다음 변동성을 준비하는 구간입니다.,70.4%,3.4%,27800.0
2026-05-10,신중히 매수,코람코더원리츠,417310,"거래가 조용해져 다음 움직임을 준비하는 모습입니다., 거래가 조용해지며 다음 변동성을 준비하는 구간입니다.",61.8%,1.1%,10190.0
2026-05-10,신중히 매수,이월드,084680,거래가 조용해져 다음 움직임을 준비하는 모습입니다.,57.6%,2.3%,1835.0
2026-05-10,신중히 매수,LX세미콘,108320,최근 급등 뒤 숨고르기 구간에 진입했습니다.,100.0%,10.1%,62400.0
2026-05-10,신중히 매수,한국카본,017960,거래가 조용해지며 다음 변동성을 준비하는 구간입니다.,50.0%,4.1%,45800.0
2026-05-10,신중히 매수,무림P&amp;P,009580,거래가 조용해져 다음 움직임을 준비하는 모습입니다.,77.8%,9.9%,2775.0
2026-05-10,신중히 매수,LF,093050,거래가 조용해지며 다음 변동성을 준비하는 구간입니다.,53.6%,1.7%,24850.0
2026-05-10,신중히 매수,한양증권,001750,거래가 조용해져 다음 움직임을 준비하는 모습입니다.,51.7%,3.5%,28550.0
2026-05-10,신중히 매수,인지컨트롤스,023800,최근 급등 뒤 숨고르기 구간에 진입했습니다.,68.4%,3.5%,8110.0
2026-05-10,신중히 매수,삼화콘덴서,001820,거래가 조용해지며 다음 변동성을 준비하는 구간입니다.,68.0%,5.2%,66000.0
2026-05-10,신중히 매수,DL우,000215,거래가 조용해지며 다음 변동성을 준비하는 구간입니다.,67.9%,1.5%,28700.0
2026-05-10,신중히 매수,영풍,000670,최근 급등 뒤 숨고르기 구간에 진입했습니다.,72.7%,4.3%,66700.0
2026-05-10,신중히 매수,NH투자증권우,005945,거래가 조용해지며 다음 변동성을 준비하는 구간입니다.,51.7%,1.3%,28250.0
2026-05-10,신중히 매수,한화,000880,거래가 조용해지며 다음 변동성을 준비하는 구간입니다.,59.0%,3.8%,141300.0
2026-05-10,신중히 매수,우성,006980,거래가 조용해지며 다음 변동성을 준비하는 구간입니다.,50.0%,2.4%,24050.0
2026-05-10,신중히 매수,경인전자,009140,거래가 조용해져 다음 움직임을 준비하는 모습입니다.,75.8%,1.6%,23150.0
2026-05-10,신중히 매수,고려제강,002240,거래가 조용해져 다음 움직임을 준비하는 모습입니다.,53.7%,1.9%,24400.0
2026-05-10,신중히 매수,대창,012800,최근 급등 뒤 숨고르기 구간에 진입했습니다.,68.8%,6.1%,1681.0
2026-05-10,신중히 매수,코스모신소재,005070,"거래가 조용해져 다음 움직임을 준비하는 모습입니다., 최근 급등 뒤 숨고르기 구간에 진입했습니다., 과매도 반등 신호",72.4%,4.7%,61900.0
2026-05-10,신중히 매수,디와이파워,210540,거래가 조용해지며 다음 변동성을 준비하는 구간입니다.,53.1%,1.7%,15540.0
2026-05-10,신중히 매수,우진아이엔에스,010400,거래가 조용해져 다음 움직임을 준비하는 모습입니다.,55.6%,1.1%,4030.0
2026-05-10,신중히 매수,원림,005820,거래가 조용해져 다음 움직임을 준비하는 모습입니다.,53.6%,2.0%,16330.0
2026-05-10,신중히 매수,한국금융지주우,071055,거래가 조용해지며 다음 변동성을 준비하는 구간입니다.,58.3%,1.8%,183500.0
2026-05-10,신중히 매수,세원정공,021820,거래가 조용해지며 다음 변동성을 준비하는 구간입니다.,57.1%,0.9%,15280.0
2026-05-10,신중히 매수,BGF리테일,282330,과매도 반등 신호,50.0%,3.0%,138600.0
2026-05-10,신중히 매수,제일연마,001560,거래가 조용해지며 다음 변동성을 준비하는 구간입니다.,62.1%,1.1%,11520.0
2026-05-10,신중히 매수,까뮤이앤씨,013700,거래가 조용해지며 다음 변동성을 준비하는 구간입니다.,50.0%,0.3%,1344.0
2026-05-10,신중히 매수,하나금융지주,086790,최근 급등 뒤 숨고르기 구간에 진입했습니다.,61.5%,2.4%,126500.0
2026-05-10,신중히 매수,금호석유화학,011780,"최근 급등 뒤 숨고르기 구간에 진입했습니다., 거래가 조용해지며 다음 변동성을 준비하는 구간입니다., 거래량 급증",60.7%,1.3%,150800.0
2026-05-10,신중히 매수,다올투자증권,030210,최근 급등 뒤 숨고르기 구간에 진입했습니다.,53.8%,1.7%,4570.0
2026-05-10,신중히 매수,영화금속,012280,거래가 조용해져 다음 움직임을 준비하는 모습입니다.,61.9%,2.4%,1059.0
2026-05-10,신중히 매수,다스코,058730,거래가 조용해지며 다음 변동성을 준비하는 구간입니다.,52.5%,2.7%,3625.0
2026-05-10,신중히 매수,진흥기업우B,002785,최근 급등 뒤 숨고르기 구간에 진입했습니다.,50.0%,-0.4%,3575.0
2026-05-10,신중히 매수,세방,004360,최근 급등 뒤 숨고르기 구간에 진입했습니다.,72.7%,2.0%,16100.0
2026-05-10,신중히 매수,경방,000050,거래가 조용해져 다음 움직임을 준비하는 모습입니다.,51.1%,0.9%,10110.0
2026-05-10,신중히 매수,S-Oil우,010955,거래가 조용해지며 다음 변동성을 준비하는 구간입니다.,59.5%,1.7%,55200.0
2026-05-10,신중히 매수,농심홀딩스,072710,거래가 조용해지며 다음 변동성을 준비하는 구간입니다.,52.8%,0.3%,96400.0
2026-05-10,신중히 매수,디와이,013570,거래가 조용해지며 다음 변동성을 준비하는 구간입니다.,67.7%,0.9%,5180.0
2026-05-10,신중히 매수,삼천리,004690,최근 급등 뒤 숨고르기 구간에 진입했습니다.,53.1%,0.2%,145400.0
2026-05-10,신중히 매수,넥센타이어1우B,002355,"거래가 조용해져 다음 움직임을 준비하는 모습입니다., 거래가 조용해지며 다음 변동성을 준비하는 구간입니다.",53.8%,0.4%,4395.0
2026-05-10,신중히 매수,NICE,034310,최근 급등 뒤 숨고르기 구간에 진입했습니다.,59.3%,1.8%,14340.0
2026-05-10,신중히 매수,iM금융지주,139130,거래가 조용해져 다음 움직임을 준비하는 모습입니다.,55.6%,1.7%,19100.0
2026-05-10,신중히 매수,우진플라임,049800,거래가 조용해져 다음 움직임을 준비하는 모습입니다.,54.2%,2.6%,2675.0
2026-05-10,신중히 매수,보령,003850,거래가 조용해지며 다음 변동성을 준비하는 구간입니다.,51.5%,1.1%,9620.0
2026-05-10,신중히 매수,금호건설,002990,거래가 조용해지며 다음 변동성을 준비하는 구간입니다.,61.3%,2.5%,5000.0
2026-05-10,신중히 매수,현대홈쇼핑,057050,"거래가 조용해져 다음 움직임을 준비하는 모습입니다., 최근 급등 뒤 숨고르기 구간에 진입했습니다.",51.6%,1.1%,85700.0
2026-05-10,신중히 매수,F&amp;F홀딩스,007700,거래가 조용해지며 다음 변동성을 준비하는 구간입니다.,50.0%,-0.2%,20500.0
2026-05-10,신중히 매수,한화투자증권우,003535,거래가 조용해지며 다음 변동성을 준비하는 구간입니다.,51.9%,1.8%,9170.0
2026-05-10,신중히 매수,동부건설,005960,거래가 조용해지며 다음 변동성을 준비하는 구간입니다.,64.9%,5.6%,9120.0
2026-05-10,신중히 매수,넥센,005720,"거래가 조용해져 다음 움직임을 준비하는 모습입니다., 최근 급등 뒤 숨고르기 구간에 진입했습니다.",55.6%,2.2%,7200.0
2026-05-10,신중히 매수,한화생명,088350,거래가 조용해지며 다음 변동성을 준비하는 구간입니다.,50.0%,-0.3%,4800.0
2026-05-10,신중히 매수,한국토지신탁,034830,거래가 조용해지며 다음 변동성을 준비하는 구간입니다.,71.9%,2.7%,1545.0
2026-05-10,신중히 매수,롯데리츠,330590,과매도 반등 신호,69.0%,1.4%,4210.0
2026-05-10,신중히 매수,넥센우,005725,최근 급등 뒤 숨고르기 구간에 진입했습니다.,64.3%,3.3%,4695.0
2026-05-10,신중히 매수,한신기계,011700,최근 급등 뒤 숨고르기 구간에 진입했습니다.,60.6%,4.9%,4670.0
2026-05-10,신중히 매수,현대엘리베이터,017800,거래가 조용해져 다음 움직임을 준비하는 모습입니다.,50.0%,2.0%,97900.0
2026-05-10,신중히 매수,BYC,001460,거래가 조용해지며 다음 변동성을 준비하는 구간입니다.,75.0%,3.1%,49000.0
2026-05-10,신중히 매수,미창석유,003650,거래가 조용해지며 다음 변동성을 준비하는 구간입니다.,70.4%,2.6%,120600.0
2026-05-10,신중히 매수,롯데칠성우,005305,거래가 조용해지며 다음 변동성을 준비하는 구간입니다.,60.7%,0.4%,79300.0
2026-05-10,신중히 매수,HL D&amp;I,014790,거래가 조용해지며 다음 변동성을 준비하는 구간입니다.,57.1%,0.7%,3385.0
2026-05-10,추가 확인 후 매수,광전자,017900,"거래가 조용해져 다음 움직임을 준비하는 모습입니다., 거래가 조용해지며 다음 변동성을 준비하는 구간입니다.",44.4%,3.9%,11210.0
2026-05-10,추가 확인 후 매수,SK이터닉스,475150,거래가 조용해지며 다음 변동성을 준비하는 구간입니다.,44.8%,2.0%,51100.0
2026-05-10,추가 확인 후 매수,GS건설,006360,거래가 조용해지며 다음 변동성을 준비하는 구간입니다.,47.1%,4.9%,37350.0
2026-05-10,추가 확인 후 매수,DL이앤씨2우(전환),37550L,거래가 조용해지며 다음 변동성을 준비하는 구간입니다.,42.9%,1.9%,56800.0
2026-05-10,추가 확인 후 매수,애경케미칼,161000,"거래가 조용해져 다음 움직임을 준비하는 모습입니다., 거래가 조용해지며 다음 변동성을 준비하는 구간입니다.",45.5%,4.8%,15320.0
2026-05-10,추가 확인 후 매수,부국철강,026940,거래가 조용해져 다음 움직임을 준비하는 모습입니다.,40.0%,3.4%,2740.0
2026-05-10,추가 확인 후 매수,삼일씨엔에스,004440,거래가 조용해지며 다음 변동성을 준비하는 구간입니다.,44.4%,1.1%,7200.0
2026-05-10,추가 확인 후 매수,남해화학,025860,최근 급등 뒤 숨고르기 구간에 진입했습니다.,47.6%,5.4%,9300.0
2026-05-10,추가 확인 후 매수,SNT에너지,100840,거래가 조용해지며 다음 변동성을 준비하는 구간입니다.,47.4%,-1.0%,56800.0
2026-05-10,추가 확인 후 매수,MRK,MRK,거래가 조용해져 다음 움직임을 준비하는 모습입니다.,44.4%,-0.4%,111.37999725341797
2026-05-10,추가 확인 후 매수,에이엔피,015260,거래가 조용해져 다음 움직임을 준비하는 모습입니다.,48.0%,5.5%,704.0
2026-05-10,추가 확인 후 매수,자화전자,033240,거래가 조용해져 다음 움직임을 준비하는 모습입니다.,40.0%,4.2%,47900.0
2026-05-10,추가 확인 후 매수,두산밥캣,241560,최근 급등 뒤 숨고르기 구간에 진입했습니다.,48.1%,0.8%,74900.0
2026-05-10,추가 확인 후 매수,대한해운,005880,거래가 조용해져 다음 움직임을 준비하는 모습입니다.,44.8%,3.8%,2545.0
2026-05-10,추가 확인 후 매수,유엔젤,072130,거래가 조용해져 다음 움직임을 준비하는 모습입니다.,45.5%,1.4%,5080.0
2026-05-10,추가 확인 후 매수,써니전자,004770,"거래가 조용해져 다음 움직임을 준비하는 모습입니다., 거래가 조용해지며 다음 변동성을 준비하는 구간입니다.",45.5%,0.5%,1760.0
2026-05-10,추가 확인 후 매수,CJ4우(전환),00104K,최근 급등 뒤 숨고르기 구간에 진입했습니다.,47.8%,0.1%,192400.0
2026-05-10,추가 확인 후 매수,경인양행,012610,최근 급등 뒤 숨고르기 구간에 진입했습니다.,48.7%,0.9%,5150.0
2026-05-10,추가 확인 후 매수,세방우,004365,최근 급등 뒤 숨고르기 구간에 진입했습니다.,40.0%,0.5%,10310.0
2026-05-10,추가 확인 후 매수,LG씨엔에스,064400,거래가 조용해지며 다음 변동성을 준비하는 구간입니다.,45.0%,-0.9%,71000.0
2026-05-10,추가 확인 후 매수,아이티센씨티에스,031820,"거래가 조용해지며 다음 변동성을 준비하는 구간입니다., 거래량 급증",43.2%,1.6%,8240.0
2026-05-10,추가 확인 후 매수,부국증권우,001275,거래가 조용해지며 다음 변동성을 준비하는 구간입니다.,42.1%,0.2%,35750.0
2026-05-10,추가 확인 후 매수,에스엠벡셀,010580,거래가 조용해지며 다음 변동성을 준비하는 구간입니다.,42.1%,-1.2%,2170.0
2026-05-10,추가 확인 후 매수,PKC,001340,거래가 조용해져 다음 움직임을 준비하는 모습입니다.,48.6%,1.9%,6990.0
2026-05-10,추가 확인 후 매수,TP,007980,거래가 조용해져 다음 움직임을 준비하는 모습입니다.,46.2%,1.0%,2105.0
2026-05-10,추가 확인 후 매수,경동도시가스,267290,거래가 조용해지며 다음 변동성을 준비하는 구간입니다.,48.4%,-0.5%,22700.0
2026-05-10,추가 확인 후 매수,한화비전,489790,거래가 조용해지며 다음 변동성을 준비하는 구간입니다.,42.1%,1.5%,80000.0
2026-05-10,추가 확인 후 매수,진흥기업2우B,002787,최근 급등 뒤 숨고르기 구간에 진입했습니다.,44.4%,-1.3%,8450.0
2026-05-10,추가 확인 후 매수,화신,010690,"거래가 조용해져 다음 움직임을 준비하는 모습입니다., 최근 급등 뒤 숨고르기 구간에 진입했습니다.",48.5%,3.8%,12890.0
2026-05-10,추가 확인 후 매수,DB,012030,"거래가 조용해져 다음 움직임을 준비하는 모습입니다., 최근 급등 뒤 숨고르기 구간에 진입했습니다.",48.3%,2.8%,2040.0
2026-05-10,추가 확인 후 매수,신한지주,055550,거래가 조용해지며 다음 변동성을 준비하는 구간입니다.,40.5%,0.1%,98000.0
2026-05-10,추가 확인 후 매수,KB금융,105560,거래가 조용해지며 다음 변동성을 준비하는 구간입니다.,41.2%,0.4%,161700.0
2026-05-10,추가 확인 후 매수,NHN,181710,"거래가 조용해져 다음 움직임을 준비하는 모습입니다., 거래가 조용해지며 다음 변동성을 준비하는 구간입니다.",42.1%,1.4%,38700.0
2026-05-10,추가 확인 후 매수,대한제당,001790,과매도 반등 신호,57.9%,0.3%,2800.0
2026-05-10,추가 확인 후 매수,두산로보틱스,454910,최근 급등 뒤 숨고르기 구간에 진입했습니다.,40.5%,0.5%,101000.0
2026-05-10,추가 확인 후 매수,SNT모티브,064960,바닥권 반등 신호(BB 하단),50.0%,0.0%,34150.0
2026-05-10,추가 확인 후 매수,화승알앤에이,378850,거래가 조용해지며 다음 변동성을 준비하는 구간입니다.,42.9%,-0.8%,3520.0
2026-05-10,추가 확인 후 매수,티에이치엔,019180,거래가 조용해지며 다음 변동성을 준비하는 구간입니다.,41.7%,1.1%,7610.0
2026-05-10,추가 확인 후 매수,091170,091170,"거래가 조용해져 다음 움직임을 준비하는 모습입니다., 거래가 조용해지며 다음 변동성을 준비하는 구간입니다.",40.6%,0.5%,15765.0
2026-05-10,추가 확인 후 매수,세이브존I&amp;C,067830,"거래가 조용해져 다음 움직임을 준비하는 모습입니다., 거래가 조용해지며 다음 변동성을 준비하는 구간입니다.",42.2%,-0.2%,3190.0
2026-05-10,추가 확인 후 매수,만호제강,001080,거래가 조용해지며 다음 변동성을 준비하는 구간입니다.,43.5%,-0.5%,5100.0
2026-05-10,추가 확인 후 매수,광주신세계,037710,거래가 조용해지며 다음 변동성을 준비하는 구간입니다.,48.4%,-0.4%,37500.0
2026-05-10,추가 확인 후 매수,SK케미칼우,28513K,거래가 조용해지며 다음 변동성을 준비하는 구간입니다.,40.0%,-1.3%,26900.0
2026-05-10,추가 확인 후 매수,삼호개발,010960,"거래가 조용해져 다음 움직임을 준비하는 모습입니다., 거래가 조용해지며 다음 변동성을 준비하는 구간입니다.",40.0%,-0.5%,3925.0
2026-05-10,추가 확인 후 매수,영원무역,111770,"바닥권 반등 신호(BB 하단), 거래가 조용해지며 다음 변동성을 준비하는 구간입니다.",45.8%,-0.5%,84500.0
2026-05-10,추가 확인 후 매수,대상우,001685,거래가 조용해지며 다음 변동성을 준비하는 구간입니다.,75.0%,1.7%,16400.0
2026-05-10,추가 확인 후 매수,HL홀딩스,060980,거래가 조용해지며 다음 변동성을 준비하는 구간입니다.,46.4%,-0.0%,43800.0
2026-05-10,추가 확인 후 매수,해태제과식품,101530,"거래가 조용해져 다음 움직임을 준비하는 모습입니다., 바닥권 반등 신호(BB 하단), 거래가 조용해지며 다음 변동성을 준비하는 구간입니다.",50.0%,-0.7%,6590.0
2026-05-10,추가 확인 후 매수,디아이,003160,거래가 조용해지며 다음 변동성을 준비하는 구간입니다.,40.7%,-0.7%,33200.0
2026-05-10,추가 확인 후 매수,한솔케미칼,014680,거래가 조용해지며 다음 변동성을 준비하는 구간입니다.,41.9%,-0.1%,286000.0
2026-05-10,추가 확인 후 매수,한국전자홀딩스,006200,거래가 조용해지며 다음 변동성을 준비하는 구간입니다.,46.4%,4.6%,801.0
2026-05-10,추가 확인 후 매수,무림페이퍼,009200,거래가 조용해져 다음 움직임을 준비하는 모습입니다.,75.0%,9.7%,1947.0
2026-05-10,추가 확인 후 매수,한농화성,011500,거래가 조용해져 다음 움직임을 준비하는 모습입니다.,40.0%,1.9%,23300.0
2026-05-10,추가 확인 후 매수,CS홀딩스,000590,거래가 조용해지며 다음 변동성을 준비하는 구간입니다.,50.0%,1.0%,79700.0
2026-05-10,추가 확인 후 매수,HDC현대EP,089470,"최근 급등 뒤 숨고르기 구간에 진입했습니다., 거래가 조용해지며 다음 변동성을 준비하는 구간입니다.",40.0%,-0.6%,5560.0
2026-05-10,추가 확인 후 매수,롯데손해보험,000400,거래가 조용해지며 다음 변동성을 준비하는 구간입니다.,42.9%,0.5%,2065.0
2026-05-10,추가 확인 후 매수,서연,007860,"거래가 조용해져 다음 움직임을 준비하는 모습입니다., 바닥권 반등 신호(BB 하단), 거래가 조용해지며 다음 변동성을 준비하는 구간입니다.",41.2%,-0.5%,9350.0
2026-05-10,추가 확인 후 매수,대상,001680,거래가 조용해지며 다음 변동성을 준비하는 구간입니다.,40.0%,0.1%,20150.0
2026-05-10,추가 확인 후 매수,대신증권,003540,거래가 조용해지며 다음 변동성을 준비하는 구간입니다.,41.7%,-0.8%,39300.0
2026-05-10,추가 확인 후 매수,고려아연,010130,거래가 조용해지며 다음 변동성을 준비하는 구간입니다.,46.3%,3.7%,1559000.0
2026-05-10,추가 확인 후 매수,셀트리온,068270,거래가 조용해지며 다음 변동성을 준비하는 구간입니다.,45.9%,-0.7%,198400.0
2026-05-10,추가 확인 후 매수,제일약품,271980,"거래가 조용해져 다음 움직임을 준비하는 모습입니다., 거래가 조용해지며 다음 변동성을 준비하는 구간입니다.",80.0%,6.9%,13720.0
2026-05-10,추가 확인 후 매수,노루홀딩스,000320,"거래가 조용해져 다음 움직임을 준비하는 모습입니다., 거래가 조용해지며 다음 변동성을 준비하는 구간입니다.",50.0%,-0.3%,21900.0
2026-05-10,추가 확인 후 매수,스틱인베스트먼트,026890,거래가 조용해지며 다음 변동성을 준비하는 구간입니다.,71.4%,2.2%,9620.0
2026-05-10,추가 확인 후 매수,한국앤컴퍼니,000240,"거래가 조용해져 다음 움직임을 준비하는 모습입니다., 거래가 조용해지며 다음 변동성을 준비하는 구간입니다.",42.1%,1.7%,25100.0
2026-05-10,추가 확인 후 매수,부국증권,001270,거래가 조용해지며 다음 변동성을 준비하는 구간입니다.,42.9%,1.2%,74700.0
2026-05-10,추가 확인 후 매수,한진칼우,18064K,"거래가 조용해져 다음 움직임을 준비하는 모습입니다., 거래가 조용해지며 다음 변동성을 준비하는 구간입니다.",75.0%,4.6%,32400.0
2026-05-10,추가 확인 후 매수,하이브,352820,거래가 조용해지며 다음 변동성을 준비하는 구간입니다.,56.2%,1.3%,247500.0
2026-05-10,추가 확인 후 매수,광명전기,017040,거래가 조용해지며 다음 변동성을 준비하는 구간입니다.,85.7%,1.8%,932.0
2026-05-10,신중히 매수,대우건설,047040,거래가 조용해지며 다음 변동성을 준비하는 구간입니다.,81.2%,20.4%,32850.0
2026-05-10,신중히 매수,LS에코에너지,229640,최근 급등 뒤 숨고르기 구간에 진입했습니다.,64.0%,8.9%,90100.0
2026-05-10,신중히 매수,퍼스텍,010820,거래가 조용해져 다음 움직임을 준비하는 모습입니다.,62.1%,8.8%,12990.0
2026-05-10,신중히 매수,한솔테크닉스,004710,거래량 급증,60.0%,4.3%,10880.0
2026-05-10,신중히 매수,삼성SDI,006400,거래가 조용해져 다음 움직임을 준비하는 모습입니다.,78.6%,5.9%,678000.0
2026-05-10,신중히 매수,비에이치,090460,거래가 조용해져 다음 움직임을 준비하는 모습입니다.,64.7%,13.4%,32200.0
2026-05-10,신중히 매수,코오롱인더,120110,거래가 조용해지며 다음 변동성을 준비하는 구간입니다.,60.0%,2.4%,91900.0
2026-05-10,신중히 매수,CAT,CAT,최근 급등 뒤 숨고르기 구간에 진입했습니다.,59.0%,5.1%,897.4500122070312
2026-05-10,신중히 매수,현대오토에버,307950,거래량 급증,54.5%,0.6%,592000.0
2026-05-10,신중히 매수,혜인,003010,거래가 조용해져 다음 움직임을 준비하는 모습입니다.,75.0%,4.0%,7410.0
2026-05-10,신중히 매수,두산에너빌리티,034020,최근 급등 뒤 숨고르기 구간에 진입했습니다.,55.0%,3.2%,129600.0
2026-05-10,신중히 매수,한국주강,025890,"거래가 조용해져 다음 움직임을 준비하는 모습입니다., 거래가 조용해지며 다음 변동성을 준비하는 구간입니다.",50.0%,0.6%,2170.0
2026-05-10,신중히 매수,DSR제강,069730,거래가 조용해지며 다음 변동성을 준비하는 구간입니다.,61.3%,2.6%,5500.0
2026-05-10,신중히 매수,동국홀딩스,001230,거래가 조용해지며 다음 변동성을 준비하는 구간입니다.,61.1%,2.2%,11400.0
2026-05-10,신중히 매수,WISCOM,024070,최근 급등 뒤 숨고르기 구간에 진입했습니다.,88.2%,5.7%,2435.0
2026-05-10,신중히 매수,305720,305720,"거래가 조용해져 다음 움직임을 준비하는 모습입니다., 최근 급등 뒤 숨고르기 구간에 진입했습니다.",75.9%,4.3%,22410.0
2026-05-10,신중히 매수,한진중공업홀딩스,003480,최근 급등 뒤 숨고르기 구간에 진입했습니다.,50.0%,4.1%,6380.0
2026-05-10,신중히 매수,한양증권우,001755,거래가 조용해져 다음 움직임을 준비하는 모습입니다.,50.0%,3.7%,28450.0
2026-05-10,신중히 매수,이수스페셜티케미컬,457190,거래가 조용해져 다음 움직임을 준비하는 모습입니다.,54.3%,3.3%,115000.0
2026-05-10,신중히 매수,신세계인터내셔날,031430,거래가 조용해져 다음 움직임을 준비하는 모습입니다.,64.5%,3.4%,14840.0
2026-05-10,신중히 매수,쏘카,403550,최근 급등 뒤 숨고르기 구간에 진입했습니다.,100.0%,15.8%,13970.0
2026-05-10,신중히 매수,BYC우,001465,"거래가 조용해져 다음 움직임을 준비하는 모습입니다., 거래가 조용해지며 다음 변동성을 준비하는 구간입니다.",82.8%,5.1%,33300.0
2026-05-10,신중히 매수,BGF,027410,거래가 조용해지며 다음 변동성을 준비하는 구간입니다.,66.7%,1.9%,5040.0
2026-05-10,신중히 매수,한국단자,025540,최근 급등 뒤 숨고르기 구간에 진입했습니다.,67.9%,3.3%,90200.0
2026-05-10,신중히 매수,동원수산,030720,최근 급등 뒤 숨고르기 구간에 진입했습니다.,60.0%,3.4%,7150.0
2026-05-10,신중히 매수,LG에너지솔루션,373220,"거래가 조용해져 다음 움직임을 준비하는 모습입니다., 최근 급등 뒤 숨고르기 구간에 진입했습니다.",53.3%,3.0%,476500.0
2026-05-10,신중히 매수,LG화학우,051915,최근 급등 뒤 숨고르기 구간에 진입했습니다.,50.0%,4.0%,192800.0
2026-05-10,신중히 매수,미원화학,134380,거래가 조용해져 다음 움직임을 준비하는 모습입니다.,63.9%,2.9%,12590.0
2026-05-10,신중히 매수,HDC,012630,거래가 조용해지며 다음 변동성을 준비하는 구간입니다.,70.4%,3.4%,27800.0
2026-05-10,신중히 매수,코람코더원리츠,417310,"거래가 조용해져 다음 움직임을 준비하는 모습입니다., 거래가 조용해지며 다음 변동성을 준비하는 구간입니다.",61.8%,1.1%,10190.0
2026-05-10,신중히 매수,이월드,084680,거래가 조용해져 다음 움직임을 준비하는 모습입니다.,57.6%,2.3%,1835.0
2026-05-10,신중히 매수,LX세미콘,108320,최근 급등 뒤 숨고르기 구간에 진입했습니다.,100.0%,10.1%,62400.0
2026-05-10,신중히 매수,한국카본,017960,거래가 조용해지며 다음 변동성을 준비하는 구간입니다.,50.0%,4.1%,45800.0
2026-05-10,신중히 매수,무림P&amp;P,009580,거래가 조용해져 다음 움직임을 준비하는 모습입니다.,77.8%,9.9%,2775.0
2026-05-10,신중히 매수,LF,093050,거래가 조용해지며 다음 변동성을 준비하는 구간입니다.,53.6%,1.7%,24850.0
2026-05-10,신중히 매수,한양증권,001750,거래가 조용해져 다음 움직임을 준비하는 모습입니다.,51.7%,3.5%,28550.0
2026-05-10,신중히 매수,인지컨트롤스,023800,최근 급등 뒤 숨고르기 구간에 진입했습니다.,68.4%,3.5%,8110.0
2026-05-10,신중히 매수,삼화콘덴서,001820,거래가 조용해지며 다음 변동성을 준비하는 구간입니다.,68.0%,5.2%,66000.0
2026-05-10,신중히 매수,DL우,000215,거래가 조용해지며 다음 변동성을 준비하는 구간입니다.,67.9%,1.5%,28700.0
2026-05-10,신중히 매수,영풍,000670,최근 급등 뒤 숨고르기 구간에 진입했습니다.,72.7%,4.3%,66700.0
2026-05-10,신중히 매수,NH투자증권우,005945,거래가 조용해지며 다음 변동성을 준비하는 구간입니다.,51.7%,1.3%,28250.0
2026-05-10,신중히 매수,한화,000880,거래가 조용해지며 다음 변동성을 준비하는 구간입니다.,59.0%,3.8%,141300.0
2026-05-10,신중히 매수,우성,006980,거래가 조용해지며 다음 변동성을 준비하는 구간입니다.,50.0%,2.4%,24050.0
2026-05-10,신중히 매수,경인전자,009140,거래가 조용해져 다음 움직임을 준비하는 모습입니다.,75.8%,1.6%,23150.0
2026-05-10,신중히 매수,고려제강,002240,거래가 조용해져 다음 움직임을 준비하는 모습입니다.,53.7%,1.9%,24400.0
2026-05-10,신중히 매수,대창,012800,최근 급등 뒤 숨고르기 구간에 진입했습니다.,68.8%,6.1%,1681.0
2026-05-10,신중히 매수,코스모신소재,005070,"거래가 조용해져 다음 움직임을 준비하는 모습입니다., 최근 급등 뒤 숨고르기 구간에 진입했습니다., 과매도 반등 신호",72.4%,4.7%,61900.0
2026-05-10,신중히 매수,디와이파워,210540,거래가 조용해지며 다음 변동성을 준비하는 구간입니다.,53.1%,1.7%,15540.0
2026-05-10,신중히 매수,우진아이엔에스,010400,거래가 조용해져 다음 움직임을 준비하는 모습입니다.,55.6%,1.1%,4030.0
2026-05-10,신중히 매수,원림,005820,거래가 조용해져 다음 움직임을 준비하는 모습입니다.,53.6%,2.0%,16330.0
2026-05-10,신중히 매수,한국금융지주우,071055,거래가 조용해지며 다음 변동성을 준비하는 구간입니다.,58.3%,1.8%,183500.0
2026-05-10,신중히 매수,세원정공,021820,거래가 조용해지며 다음 변동성을 준비하는 구간입니다.,57.1%,0.9%,15280.0
2026-05-10,신중히 매수,BGF리테일,282330,과매도 반등 신호,50.0%,3.0%,138600.0
2026-05-10,신중히 매수,제일연마,001560,거래가 조용해지며 다음 변동성을 준비하는 구간입니다.,62.1%,1.1%,11520.0
2026-05-10,신중히 매수,까뮤이앤씨,013700,거래가 조용해지며 다음 변동성을 준비하는 구간입니다.,50.0%,0.3%,1344.0
2026-05-10,신중히 매수,하나금융지주,086790,최근 급등 뒤 숨고르기 구간에 진입했습니다.,61.5%,2.4%,126500.0
2026-05-10,신중히 매수,금호석유화학,011780,"최근 급등 뒤 숨고르기 구간에 진입했습니다., 거래가 조용해지며 다음 변동성을 준비하는 구간입니다., 거래량 급증",60.7%,1.3%,150800.0
2026-05-10,신중히 매수,다올투자증권,030210,최근 급등 뒤 숨고르기 구간에 진입했습니다.,53.8%,1.7%,4570.0
2026-05-10,신중히 매수,영화금속,012280,거래가 조용해져 다음 움직임을 준비하는 모습입니다.,61.9%,2.4%,1059.0
2026-05-10,신중히 매수,다스코,058730,거래가 조용해지며 다음 변동성을 준비하는 구간입니다.,52.5%,2.7%,3625.0
2026-05-10,신중히 매수,진흥기업우B,002785,최근 급등 뒤 숨고르기 구간에 진입했습니다.,50.0%,-0.4%,3575.0
2026-05-10,신중히 매수,세방,004360,최근 급등 뒤 숨고르기 구간에 진입했습니다.,72.7%,2.0%,16100.0
2026-05-10,신중히 매수,경방,000050,거래가 조용해져 다음 움직임을 준비하는 모습입니다.,51.1%,0.9%,10110.0
2026-05-10,신중히 매수,S-Oil우,010955,거래가 조용해지며 다음 변동성을 준비하는 구간입니다.,59.5%,1.7%,55200.0
2026-05-10,신중히 매수,농심홀딩스,072710,거래가 조용해지며 다음 변동성을 준비하는 구간입니다.,52.8%,0.3%,96400.0
2026-05-10,신중히 매수,디와이,013570,거래가 조용해지며 다음 변동성을 준비하는 구간입니다.,67.7%,0.9%,5180.0
2026-05-10,신중히 매수,삼천리,004690,최근 급등 뒤 숨고르기 구간에 진입했습니다.,53.1%,0.2%,145400.0
2026-05-10,신중히 매수,넥센타이어1우B,002355,"거래가 조용해져 다음 움직임을 준비하는 모습입니다., 거래가 조용해지며 다음 변동성을 준비하는 구간입니다.",53.8%,0.4%,4395.0
2026-05-10,신중히 매수,NICE,034310,최근 급등 뒤 숨고르기 구간에 진입했습니다.,59.3%,1.8%,14340.0
2026-05-10,신중히 매수,iM금융지주,139130,거래가 조용해져 다음 움직임을 준비하는 모습입니다.,55.6%,1.7%,19100.0
2026-05-10,신중히 매수,우진플라임,049800,거래가 조용해져 다음 움직임을 준비하는 모습입니다.,54.2%,2.6%,2675.0
2026-05-10,신중히 매수,보령,003850,거래가 조용해지며 다음 변동성을 준비하는 구간입니다.,51.5%,1.1%,9620.0
2026-05-10,신중히 매수,금호건설,002990,거래가 조용해지며 다음 변동성을 준비하는 구간입니다.,61.3%,2.5%,5000.0
2026-05-10,신중히 매수,현대홈쇼핑,057050,"거래가 조용해져 다음 움직임을 준비하는 모습입니다., 최근 급등 뒤 숨고르기 구간에 진입했습니다.",51.6%,1.1%,85700.0
2026-05-10,신중히 매수,F&amp;F홀딩스,007700,거래가 조용해지며 다음 변동성을 준비하는 구간입니다.,50.0%,-0.2%,20500.0
2026-05-10,신중히 매수,한화투자증권우,003535,거래가 조용해지며 다음 변동성을 준비하는 구간입니다.,51.9%,1.8%,9170.0
2026-05-10,신중히 매수,동부건설,005960,거래가 조용해지며 다음 변동성을 준비하는 구간입니다.,64.9%,5.6%,9120.0
2026-05-10,신중히 매수,넥센,005720,"거래가 조용해져 다음 움직임을 준비하는 모습입니다., 최근 급등 뒤 숨고르기 구간에 진입했습니다.",55.6%,2.2%,7200.0
2026-05-10,신중히 매수,한화생명,088350,거래가 조용해지며 다음 변동성을 준비하는 구간입니다.,50.0%,-0.3%,4800.0
2026-05-10,신중히 매수,한국토지신탁,034830,거래가 조용해지며 다음 변동성을 준비하는 구간입니다.,71.9%,2.7%,1545.0
2026-05-10,신중히 매수,롯데리츠,330590,과매도 반등 신호,69.0%,1.4%,4210.0
2026-05-10,신중히 매수,넥센우,005725,최근 급등 뒤 숨고르기 구간에 진입했습니다.,64.3%,3.3%,4695.0
2026-05-10,신중히 매수,한신기계,011700,최근 급등 뒤 숨고르기 구간에 진입했습니다.,60.6%,4.9%,4670.0
2026-05-10,신중히 매수,현대엘리베이터,017800,거래가 조용해져 다음 움직임을 준비하는 모습입니다.,50.0%,2.0%,97900.0
2026-05-10,신중히 매수,BYC,001460,거래가 조용해지며 다음 변동성을 준비하는 구간입니다.,75.0%,3.1%,49000.0
2026-05-10,신중히 매수,미창석유,003650,거래가 조용해지며 다음 변동성을 준비하는 구간입니다.,70.4%,2.6%,120600.0
2026-05-10,신중히 매수,롯데칠성우,005305,거래가 조용해지며 다음 변동성을 준비하는 구간입니다.,60.7%,0.4%,79300.0
2026-05-10,신중히 매수,HL D&amp;I,014790,거래가 조용해지며 다음 변동성을 준비하는 구간입니다.,57.1%,0.7%,3385.0
2026-05-10,추가 확인 후 매수,광전자,017900,"거래가 조용해져 다음 움직임을 준비하는 모습입니다., 거래가 조용해지며 다음 변동성을 준비하는 구간입니다.",44.4%,3.9%,11210.0
2026-05-10,추가 확인 후 매수,SK이터닉스,475150,거래가 조용해지며 다음 변동성을 준비하는 구간입니다.,44.8%,2.0%,51100.0
2026-05-10,추가 확인 후 매수,GS건설,006360,거래가 조용해지며 다음 변동성을 준비하는 구간입니다.,47.1%,4.9%,37350.0
2026-05-10,추가 확인 후 매수,DL이앤씨2우(전환),37550L,거래가 조용해지며 다음 변동성을 준비하는 구간입니다.,42.9%,1.9%,56800.0
2026-05-10,추가 확인 후 매수,애경케미칼,161000,"거래가 조용해져 다음 움직임을 준비하는 모습입니다., 거래가 조용해지며 다음 변동성을 준비하는 구간입니다.",45.5%,4.8%,15320.0
2026-05-10,추가 확인 후 매수,부국철강,026940,거래가 조용해져 다음 움직임을 준비하는 모습입니다.,40.0%,3.4%,2740.0
2026-05-10,추가 확인 후 매수,삼일씨엔에스,004440,거래가 조용해지며 다음 변동성을 준비하는 구간입니다.,44.4%,1.1%,7200.0
2026-05-10,추가 확인 후 매수,남해화학,025860,최근 급등 뒤 숨고르기 구간에 진입했습니다.,47.6%,5.4%,9300.0
2026-05-10,추가 확인 후 매수,SNT에너지,100840,거래가 조용해지며 다음 변동성을 준비하는 구간입니다.,47.4%,-1.0%,56800.0
2026-05-10,추가 확인 후 매수,MRK,MRK,거래가 조용해져 다음 움직임을 준비하는 모습입니다.,44.4%,-0.4%,111.37999725341797
2026-05-10,추가 확인 후 매수,에이엔피,015260,거래가 조용해져 다음 움직임을 준비하는 모습입니다.,48.0%,5.5%,704.0
2026-05-10,추가 확인 후 매수,자화전자,033240,거래가 조용해져 다음 움직임을 준비하는 모습입니다.,40.0%,4.2%,47900.0
2026-05-10,추가 확인 후 매수,두산밥캣,241560,최근 급등 뒤 숨고르기 구간에 진입했습니다.,48.1%,0.8%,74900.0
2026-05-10,추가 확인 후 매수,대한해운,005880,거래가 조용해져 다음 움직임을 준비하는 모습입니다.,44.8%,3.8%,2545.0
2026-05-10,추가 확인 후 매수,유엔젤,072130,거래가 조용해져 다음 움직임을 준비하는 모습입니다.,45.5%,1.4%,5080.0
2026-05-10,추가 확인 후 매수,써니전자,004770,"거래가 조용해져 다음 움직임을 준비하는 모습입니다., 거래가 조용해지며 다음 변동성을 준비하는 구간입니다.",45.5%,0.5%,1760.0
2026-05-10,추가 확인 후 매수,CJ4우(전환),00104K,최근 급등 뒤 숨고르기 구간에 진입했습니다.,47.8%,0.1%,192400.0
2026-05-10,추가 확인 후 매수,경인양행,012610,최근 급등 뒤 숨고르기 구간에 진입했습니다.,48.7%,0.9%,5150.0
2026-05-10,추가 확인 후 매수,세방우,004365,최근 급등 뒤 숨고르기 구간에 진입했습니다.,40.0%,0.5%,10310.0
2026-05-10,추가 확인 후 매수,LG씨엔에스,064400,거래가 조용해지며 다음 변동성을 준비하는 구간입니다.,45.0%,-0.9%,71000.0
2026-05-10,추가 확인 후 매수,아이티센씨티에스,031820,"거래가 조용해지며 다음 변동성을 준비하는 구간입니다., 거래량 급증",43.2%,1.6%,8240.0
2026-05-10,추가 확인 후 매수,부국증권우,001275,거래가 조용해지며 다음 변동성을 준비하는 구간입니다.,42.1%,0.2%,35750.0
2026-05-10,추가 확인 후 매수,에스엠벡셀,010580,거래가 조용해지며 다음 변동성을 준비하는 구간입니다.,42.1%,-1.2%,2170.0
2026-05-10,추가 확인 후 매수,PKC,001340,거래가 조용해져 다음 움직임을 준비하는 모습입니다.,48.6%,1.9%,6990.0
2026-05-10,추가 확인 후 매수,TP,007980,거래가 조용해져 다음 움직임을 준비하는 모습입니다.,46.2%,1.0%,2105.0
2026-05-10,추가 확인 후 매수,경동도시가스,267290,거래가 조용해지며 다음 변동성을 준비하는 구간입니다.,48.4%,-0.5%,22700.0
2026-05-10,추가 확인 후 매수,한화비전,489790,거래가 조용해지며 다음 변동성을 준비하는 구간입니다.,42.1%,1.5%,80000.0
2026-05-10,추가 확인 후 매수,진흥기업2우B,002787,최근 급등 뒤 숨고르기 구간에 진입했습니다.,44.4%,-1.3%,8450.0
2026-05-10,추가 확인 후 매수,화신,010690,"거래가 조용해져 다음 움직임을 준비하는 모습입니다., 최근 급등 뒤 숨고르기 구간에 진입했습니다.",48.5%,3.8%,12890.0
2026-05-10,추가 확인 후 매수,DB,012030,"거래가 조용해져 다음 움직임을 준비하는 모습입니다., 최근 급등 뒤 숨고르기 구간에 진입했습니다.",48.3%,2.8%,2040.0
2026-05-10,추가 확인 후 매수,신한지주,055550,거래가 조용해지며 다음 변동성을 준비하는 구간입니다.,40.5%,0.1%,98000.0
2026-05-10,추가 확인 후 매수,KB금융,105560,거래가 조용해지며 다음 변동성을 준비하는 구간입니다.,41.2%,0.4%,161700.0
2026-05-10,추가 확인 후 매수,NHN,181710,"거래가 조용해져 다음 움직임을 준비하는 모습입니다., 거래가 조용해지며 다음 변동성을 준비하는 구간입니다.",42.1%,1.4%,38700.0
2026-05-10,추가 확인 후 매수,대한제당,001790,과매도 반등 신호,57.9%,0.3%,2800.0
2026-05-10,추가 확인 후 매수,두산로보틱스,454910,최근 급등 뒤 숨고르기 구간에 진입했습니다.,40.5%,0.5%,101000.0
2026-05-10,추가 확인 후 매수,SNT모티브,064960,바닥권 반등 신호(BB 하단),50.0%,0.0%,34150.0
2026-05-10,추가 확인 후 매수,화승알앤에이,378850,거래가 조용해지며 다음 변동성을 준비하는 구간입니다.,42.9%,-0.8%,3520.0
2026-05-10,추가 확인 후 매수,티에이치엔,019180,거래가 조용해지며 다음 변동성을 준비하는 구간입니다.,41.7%,1.1%,7610.0
2026-05-10,추가 확인 후 매수,091170,091170,"거래가 조용해져 다음 움직임을 준비하는 모습입니다., 거래가 조용해지며 다음 변동성을 준비하는 구간입니다.",40.6%,0.5%,15765.0
2026-05-10,추가 확인 후 매수,세이브존I&amp;C,067830,"거래가 조용해져 다음 움직임을 준비하는 모습입니다., 거래가 조용해지며 다음 변동성을 준비하는 구간입니다.",42.2%,-0.2%,3190.0
2026-05-10,추가 확인 후 매수,만호제강,001080,거래가 조용해지며 다음 변동성을 준비하는 구간입니다.,43.5%,-0.5%,5100.0
2026-05-10,추가 확인 후 매수,광주신세계,037710,거래가 조용해지며 다음 변동성을 준비하는 구간입니다.,48.4%,-0.4%,37500.0
2026-05-10,추가 확인 후 매수,SK케미칼우,28513K,거래가 조용해지며 다음 변동성을 준비하는 구간입니다.,40.0%,-1.3%,26900.0
2026-05-10,추가 확인 후 매수,삼호개발,010960,"거래가 조용해져 다음 움직임을 준비하는 모습입니다., 거래가 조용해지며 다음 변동성을 준비하는 구간입니다.",40.0%,-0.5%,3925.0
2026-05-10,추가 확인 후 매수,영원무역,111770,"바닥권 반등 신호(BB 하단), 거래가 조용해지며 다음 변동성을 준비하는 구간입니다.",45.8%,-0.5%,84500.0
2026-05-10,추가 확인 후 매수,대상우,001685,거래가 조용해지며 다음 변동성을 준비하는 구간입니다.,75.0%,1.7%,16400.0
2026-05-10,추가 확인 후 매수,HL홀딩스,060980,거래가 조용해지며 다음 변동성을 준비하는 구간입니다.,46.4%,-0.0%,43800.0
2026-05-10,추가 확인 후 매수,해태제과식품,101530,"거래가 조용해져 다음 움직임을 준비하는 모습입니다., 바닥권 반등 신호(BB 하단), 거래가 조용해지며 다음 변동성을 준비하는 구간입니다.",50.0%,-0.7%,6590.0
2026-05-10,추가 확인 후 매수,디아이,003160,거래가 조용해지며 다음 변동성을 준비하는 구간입니다.,40.7%,-0.7%,33200.0
2026-05-10,추가 확인 후 매수,한솔케미칼,014680,거래가 조용해지며 다음 변동성을 준비하는 구간입니다.,41.9%,-0.1%,286000.0
2026-05-10,추가 확인 후 매수,한국전자홀딩스,006200,거래가 조용해지며 다음 변동성을 준비하는 구간입니다.,46.4%,4.6%,801.0
2026-05-10,추가 확인 후 매수,무림페이퍼,009200,거래가 조용해져 다음 움직임을 준비하는 모습입니다.,75.0%,9.7%,1947.0
2026-05-10,추가 확인 후 매수,한농화성,011500,거래가 조용해져 다음 움직임을 준비하는 모습입니다.,40.0%,1.9%,23300.0
2026-05-10,추가 확인 후 매수,CS홀딩스,000590,거래가 조용해지며 다음 변동성을 준비하는 구간입니다.,50.0%,1.0%,79700.0
2026-05-10,추가 확인 후 매수,HDC현대EP,089470,"최근 급등 뒤 숨고르기 구간에 진입했습니다., 거래가 조용해지며 다음 변동성을 준비하는 구간입니다.",40.0%,-0.6%,5560.0
2026-05-10,추가 확인 후 매수,롯데손해보험,000400,거래가 조용해지며 다음 변동성을 준비하는 구간입니다.,42.9%,0.5%,2065.0
2026-05-10,추가 확인 후 매수,서연,007860,"거래가 조용해져 다음 움직임을 준비하는 모습입니다., 바닥권 반등 신호(BB 하단), 거래가 조용해지며 다음 변동성을 준비하는 구간입니다.",41.2%,-0.5%,9350.0
2026-05-10,추가 확인 후 매수,대상,001680,거래가 조용해지며 다음 변동성을 준비하는 구간입니다.,40.0%,0.1%,20150.0
2026-05-10,추가 확인 후 매수,대신증권,003540,거래가 조용해지며 다음 변동성을 준비하는 구간입니다.,41.7%,-0.8%,39300.0
2026-05-10,추가 확인 후 매수,고려아연,010130,거래가 조용해지며 다음 변동성을 준비하는 구간입니다.,46.3%,3.7%,1559000.0
2026-05-10,추가 확인 후 매수,셀트리온,068270,거래가 조용해지며 다음 변동성을 준비하는 구간입니다.,45.9%,-0.7%,198400.0
2026-05-10,추가 확인 후 매수,제일약품,271980,"거래가 조용해져 다음 움직임을 준비하는 모습입니다., 거래가 조용해지며 다음 변동성을 준비하는 구간입니다.",80.0%,6.9%,13720.0
2026-05-10,추가 확인 후 매수,노루홀딩스,000320,"거래가 조용해져 다음 움직임을 준비하는 모습입니다., 거래가 조용해지며 다음 변동성을 준비하는 구간입니다.",50.0%,-0.3%,21900.0
2026-05-10,추가 확인 후 매수,스틱인베스트먼트,026890,거래가 조용해지며 다음 변동성을 준비하는 구간입니다.,71.4%,2.2%,9620.0
2026-05-10,추가 확인 후 매수,한국앤컴퍼니,000240,"거래가 조용해져 다음 움직임을 준비하는 모습입니다., 거래가 조용해지며 다음 변동성을 준비하는 구간입니다.",42.1%,1.7%,25100.0
2026-05-10,추가 확인 후 매수,부국증권,001270,거래가 조용해지며 다음 변동성을 준비하는 구간입니다.,42.9%,1.2%,74700.0
2026-05-10,추가 확인 후 매수,한진칼우,18064K,"거래가 조용해져 다음 움직임을 준비하는 모습입니다., 거래가 조용해지며 다음 변동성을 준비하는 구간입니다.",75.0%,4.6%,32400.0
2026-05-10,추가 확인 후 매수,하이브,352820,거래가 조용해지며 다음 변동성을 준비하는 구간입니다.,56.2%,1.3%,247500.0
2026-05-10,추가 확인 후 매수,광명전기,017040,거래가 조용해지며 다음 변동성을 준비하는 구간입니다.,85.7%,1.8%,932.0
2026-05-11,신중히 매수,선도전기,007610,거래량 급증,50.0%,10.2%,12870.0
2026-05-11,신중히 매수,대우건설,047040,거래가 조용해지며 다음 변동성을 준비하는 구간입니다.,76.5%,18.9%,32100.0
2026-05-11,신중히 매수,한솔테크닉스,004710,거래량 급증,60.0%,4.3%,14140.0
2026-05-11,신중히 매수,LS에코에너지,229640,최근 급등 뒤 숨고르기 구간에 진입했습니다.,64.0%,8.9%,88400.0
2026-05-11,신중히 매수,퍼스텍,010820,거래가 조용해져 다음 움직임을 준비하는 모습입니다.,60.0%,8.3%,12930.0
2026-05-11,신중히 매수,DN오토모티브,007340,최근 급등 뒤 숨고르기 구간에 진입했습니다.,76.2%,7.8%,48750.0
2026-05-11,신중히 매수,삼성SDI,006400,"거래가 조용해져 다음 움직임을 준비하는 모습입니다., 최근 급등 뒤 숨고르기 구간에 진입했습니다.",75.9%,5.5%,684000.0
2026-05-11,신중히 매수,비에이치,090460,거래가 조용해져 다음 움직임을 준비하는 모습입니다.,61.1%,12.4%,31450.0
2026-05-11,신중히 매수,OCI,456040,거래가 조용해져 다음 움직임을 준비하는 모습입니다.,69.2%,6.7%,131000.0
2026-05-11,신중히 매수,솔루스첨단소재,336370,거래가 조용해져 다음 움직임을 준비하는 모습입니다.,63.6%,6.5%,12280.0
2026-05-11,신중히 매수,코오롱인더,120110,거래가 조용해지며 다음 변동성을 준비하는 구간입니다.,57.1%,2.0%,88200.0
2026-05-11,신중히 매수,경인전자,009140,거래량 급증,88.2%,3.3%,30050.0
2026-05-11,신중히 매수,대덕1우,00806K,거래가 조용해지며 다음 변동성을 준비하는 구간입니다.,70.8%,4.5%,12430.0
2026-05-11,신중히 매수,HD건설기계,267270,최근 급등 뒤 숨고르기 구간에 진입했습니다.,51.7%,5.8%,180400.0
2026-05-11,신중히 매수,한온시스템,018880,거래량 급증,51.5%,1.5%,5730.0
2026-05-11,신중히 매수,CVX,CVX,바닥권 반등 신호(BB 하단),70.3%,3.7%,184.74000549316406
2026-05-11,신중히 매수,두산에너빌리티,034020,"거래가 조용해져 다음 움직임을 준비하는 모습입니다., 최근 급등 뒤 숨고르기 구간에 진입했습니다.",55.0%,3.2%,128000.0
2026-05-11,신중히 매수,동국홀딩스,001230,"거래가 조용해져 다음 움직임을 준비하는 모습입니다., 거래가 조용해지며 다음 변동성을 준비하는 구간입니다.",57.9%,1.8%,11400.0
2026-05-11,신중히 매수,혜인,003010,거래가 조용해져 다음 움직임을 준비하는 모습입니다.,72.4%,3.7%,6890.0
2026-05-11,신중히 매수,신세계인터내셔날,031430,거래가 조용해져 다음 움직임을 준비하는 모습입니다.,62.5%,3.1%,14570.0
2026-05-11,신중히 매수,305720,305720,거래가 조용해져 다음 움직임을 준비하는 모습입니다.,75.9%,4.3%,21960.0
2026-05-11,신중히 매수,미원화학,134380,"거래가 조용해져 다음 움직임을 준비하는 모습입니다., 최근 급등 뒤 숨고르기 구간에 진입했습니다.",62.2%,2.6%,12880.0
2026-05-11,신중히 매수,BGF,027410,거래가 조용해지며 다음 변동성을 준비하는 구간입니다.,64.0%,1.7%,4925.0
2026-05-11,신중히 매수,삼화콘덴서,001820,거래가 조용해지며 다음 변동성을 준비하는 구간입니다.,65.4%,4.8%,64100.0
2026-05-11,신중히 매수,화승코퍼레이션,013520,최근 급등 뒤 숨고르기 구간에 진입했습니다.,61.1%,3.9%,3230.0
2026-05-11,신중히 매수,한섬,020000,거래가 조용해지며 다음 변동성을 준비하는 구간입니다.,56.5%,2.2%,25050.0
2026-05-11,신중히 매수,솔루스첨단소재1우,33637K,거래가 조용해져 다음 움직임을 준비하는 모습입니다.,67.9%,2.2%,2380.0
2026-05-11,신중히 매수,BYC우,001465,"거래가 조용해져 다음 움직임을 준비하는 모습입니다., 거래가 조용해지며 다음 변동성을 준비하는 구간입니다.",80.0%,4.8%,32500.0
2026-05-11,신중히 매수,코스맥스,192820,최근 급등 뒤 숨고르기 구간에 진입했습니다.,100.0%,6.5%,213000.0
2026-05-11,신중히 매수,LG에너지솔루션,373220,"거래가 조용해져 다음 움직임을 준비하는 모습입니다., 최근 급등 뒤 숨고르기 구간에 진입했습니다.",51.6%,2.8%,468000.0
2026-05-11,신중히 매수,코람코더원리츠,417310,거래가 조용해지며 다음 변동성을 준비하는 구간입니다.,60.0%,0.9%,10090.0
2026-05-11,신중히 매수,HDC,012630,거래가 조용해지며 다음 변동성을 준비하는 구간입니다.,67.9%,3.1%,27200.0
2026-05-11,신중히 매수,삼성FN리츠,448730,과매도 반등 신호,70.8%,4.4%,5750.0
2026-05-11,신중히 매수,LF,093050,거래가 조용해지며 다음 변동성을 준비하는 구간입니다.,51.7%,1.4%,24650.0
2026-05-11,신중히 매수,DL우,000215,거래가 조용해지며 다음 변동성을 준비하는 구간입니다.,65.5%,1.3%,28800.0
2026-05-11,신중히 매수,한양증권,001750,거래가 조용해져 다음 움직임을 준비하는 모습입니다.,50.0%,3.2%,28050.0
2026-05-11,신중히 매수,무림P&amp;P,009580,거래가 조용해져 다음 움직임을 준비하는 모습입니다.,70.0%,8.4%,2690.0
2026-05-11,신중히 매수,이수스페셜티케미컬,457190,거래가 조용해져 다음 움직임을 준비하는 모습입니다.,52.8%,3.0%,110300.0
2026-05-11,신중히 매수,NH투자증권우,005945,거래가 조용해지며 다음 변동성을 준비하는 구간입니다.,50.0%,1.5%,27650.0
2026-05-11,신중히 매수,DSR,155660,거래가 조용해지며 다음 변동성을 준비하는 구간입니다.,64.3%,1.9%,4300.0
2026-05-11,신중히 매수,제일연마,001560,거래가 조용해지며 다음 변동성을 준비하는 구간입니다.,62.1%,1.1%,11470.0
2026-05-11,신중히 매수,하나금융지주,086790,최근 급등 뒤 숨고르기 구간에 진입했습니다.,65.4%,2.7%,126600.0
2026-05-11,신중히 매수,태양금속우,004105,과매도 반등 신호,50.0%,3.8%,3975.0
2026-05-11,신중히 매수,한화,000880,거래가 조용해지며 다음 변동성을 준비하는 구간입니다.,60.0%,3.9%,138100.0
2026-05-11,신중히 매수,코스모신소재,005070,거래가 조용해져 다음 움직임을 준비하는 모습입니다.,70.0%,4.3%,60500.0
2026-05-11,신중히 매수,SYTS,002170,"바닥권 반등 신호(BB 하단), 과매도 반등 신호",57.6%,1.1%,60900.0
2026-05-11,신중히 매수,LX세미콘,108320,최근 급등 뒤 숨고르기 구간에 진입했습니다.,66.7%,5.1%,62100.0
2026-05-11,신중히 매수,디와이파워,210540,거래가 조용해지며 다음 변동성을 준비하는 구간입니다.,51.5%,1.5%,14900.0
2026-05-11,신중히 매수,금호석유화학,011780,최근 급등 뒤 숨고르기 구간에 진입했습니다.,58.6%,1.1%,149300.0
2026-05-11,신중히 매수,BGF리테일,282330,거래가 조용해지며 다음 변동성을 준비하는 구간입니다.,60.0%,3.6%,132700.0
2026-05-11,신중히 매수,SJM,123700,최근 급등 뒤 숨고르기 구간에 진입했습니다.,56.2%,0.5%,3790.0
2026-05-11,신중히 매수,세방,004360,최근 급등 뒤 숨고르기 구간에 진입했습니다.,75.8%,2.1%,15900.0
2026-05-11,신중히 매수,한국금융지주우,071055,거래가 조용해지며 다음 변동성을 준비하는 구간입니다.,56.0%,1.5%,182400.0
2026-05-11,신중히 매수,농심홀딩스,072710,거래가 조용해지며 다음 변동성을 준비하는 구간입니다.,51.4%,0.3%,96000.0
2026-05-11,신중히 매수,세원정공,021820,"최근 급등 뒤 숨고르기 구간에 진입했습니다., 거래가 조용해지며 다음 변동성을 준비하는 구간입니다.",55.2%,0.8%,15120.0
2026-05-11,신중히 매수,iM금융지주,139130,거래가 조용해져 다음 움직임을 준비하는 모습입니다.,53.6%,1.5%,19230.0
2026-05-11,신중히 매수,다올투자증권,030210,최근 급등 뒤 숨고르기 구간에 진입했습니다.,52.5%,1.5%,4370.0
2026-05-11,신중히 매수,우진,105840,거래가 조용해져 다음 움직임을 준비하는 모습입니다.,51.4%,3.0%,25150.0
2026-05-11,신중히 매수,넥센타이어1우B,002355,거래가 조용해지며 다음 변동성을 준비하는 구간입니다.,55.0%,0.4%,4380.0
2026-05-11,신중히 매수,동부건설,005960,거래가 조용해지며 다음 변동성을 준비하는 구간입니다.,63.2%,5.3%,8760.0
2026-05-11,신중히 매수,넥센우,005725,최근 급등 뒤 숨고르기 구간에 진입했습니다.,64.3%,3.3%,4680.0
2026-05-11,신중히 매수,한화투자증권우,003535,거래가 조용해지며 다음 변동성을 준비하는 구간입니다.,50.0%,1.6%,9010.0
2026-05-11,신중히 매수,넥센,005720,최근 급등 뒤 숨고르기 구간에 진입했습니다.,55.6%,2.2%,7130.0
2026-05-11,신중히 매수,한국토지신탁,034830,거래가 조용해지며 다음 변동성을 준비하는 구간입니다.,69.7%,2.5%,1522.0
2026-05-11,신중히 매수,경방,000050,거래가 조용해지며 다음 변동성을 준비하는 구간입니다.,50.0%,0.8%,9520.0
2026-05-11,신중히 매수,현대홈쇼핑,057050,"거래가 조용해져 다음 움직임을 준비하는 모습입니다., 최근 급등 뒤 숨고르기 구간에 진입했습니다.",50.0%,0.9%,84000.0
2026-05-11,신중히 매수,디와이,013570,거래가 조용해지며 다음 변동성을 준비하는 구간입니다.,65.6%,0.8%,4940.0
2026-05-11,신중히 매수,HS화성,002460,거래가 조용해지며 다음 변동성을 준비하는 구간입니다.,51.7%,2.0%,13590.0
2026-05-11,신중히 매수,미창석유,003650,거래가 조용해지며 다음 변동성을 준비하는 구간입니다.,71.4%,2.6%,122100.0
2026-05-11,신중히 매수,케이비아이동국실업,001620,"거래가 조용해져 다음 움직임을 준비하는 모습입니다., 거래가 조용해지며 다음 변동성을 준비하는 구간입니다.",73.5%,5.7%,642.0
2026-05-11,신중히 매수,우진플라임,049800,거래가 조용해져 다음 움직임을 준비하는 모습입니다.,52.0%,2.3%,2560.0
2026-05-11,추가 확인 후 매수,광전자,017900,"거래가 조용해져 다음 움직임을 준비하는 모습입니다., 거래가 조용해지며 다음 변동성을 준비하는 구간입니다.",40.0%,3.0%,13200.0
2026-05-11,추가 확인 후 매수,GS건설,006360,거래가 조용해지며 다음 변동성을 준비하는 구간입니다.,44.4%,4.4%,36200.0
2026-05-11,추가 확인 후 매수,미래아이앤지,007120,거래가 조용해지며 다음 변동성을 준비하는 구간입니다.,46.4%,1.6%,1842.0
2026-05-11,추가 확인 후 매수,DL이앤씨2우(전환),37550L,거래가 조용해지며 다음 변동성을 준비하는 구간입니다.,40.9%,1.6%,54400.0
2026-05-11,추가 확인 후 매수,애경케미칼,161000,"거래가 조용해져 다음 움직임을 준비하는 모습입니다., 거래가 조용해지며 다음 변동성을 준비하는 구간입니다.",45.5%,4.8%,14480.0
2026-05-11,추가 확인 후 매수,해성디에스,195870,거래가 조용해져 다음 움직임을 준비하는 모습입니다.,42.9%,2.3%,85400.0
2026-05-11,추가 확인 후 매수,에이엔피,015260,거래가 조용해져 다음 움직임을 준비하는 모습입니다.,46.2%,5.1%,667.0
2026-05-11,추가 확인 후 매수,한국주강,025890,"거래가 조용해져 다음 움직임을 준비하는 모습입니다., 거래가 조용해지며 다음 변동성을 준비하는 구간입니다.",46.7%,0.2%,2180.0
2026-05-11,추가 확인 후 매수,SK텔레콤,017670,과매도 반등 신호,41.2%,1.3%,98200.0
2026-05-11,추가 확인 후 매수,삼성중공업,010140,거래가 조용해져 다음 움직임을 준비하는 모습입니다.,48.3%,2.7%,33950.0
2026-05-11,추가 확인 후 매수,MRK,MRK,거래가 조용해져 다음 움직임을 준비하는 모습입니다.,43.2%,-0.5%,111.27999877929688
2026-05-11,추가 확인 후 매수,아이티센씨티에스,031820,거래량 급증,44.7%,1.8%,9540.0
2026-05-11,추가 확인 후 매수,자화전자,033240,거래가 조용해져 다음 움직임을 준비하는 모습입니다.,40.0%,4.2%,46650.0
2026-05-11,추가 확인 후 매수,한양증권우,001755,거래가 조용해져 다음 움직임을 준비하는 모습입니다.,48.0%,3.4%,27600.0
2026-05-11,추가 확인 후 매수,두산밥캣,241560,최근 급등 뒤 숨고르기 구간에 진입했습니다.,46.4%,0.6%,73200.0
2026-05-11,추가 확인 후 매수,대한해운,005880,거래가 조용해져 다음 움직임을 준비하는 모습입니다.,43.3%,3.5%,2525.0
2026-05-11,추가 확인 후 매수,유엔젤,072130,거래가 조용해져 다음 움직임을 준비하는 모습입니다.,41.7%,0.9%,5070.0
2026-05-11,추가 확인 후 매수,한국카본,017960,거래가 조용해지며 다음 변동성을 준비하는 구간입니다.,48.4%,3.8%,45050.0
2026-05-11,추가 확인 후 매수,써니전자,004770,"거래가 조용해져 다음 움직임을 준비하는 모습입니다., 거래가 조용해지며 다음 변동성을 준비하는 구간입니다.",41.7%,0.0%,1726.0
2026-05-11,추가 확인 후 매수,한화비전,489790,거래가 조용해지며 다음 변동성을 준비하는 구간입니다.,42.1%,1.5%,79200.0
2026-05-11,추가 확인 후 매수,우성,006980,최근 급등 뒤 숨고르기 구간에 진입했습니다.,48.5%,2.3%,22950.0
2026-05-11,추가 확인 후 매수,CJ4우(전환),00104K,최근 급등 뒤 숨고르기 구간에 진입했습니다.,45.8%,-0.1%,189400.0
2026-05-11,추가 확인 후 매수,파미셀,005690,최근 급등 뒤 숨고르기 구간에 진입했습니다.,40.6%,1.9%,18260.0
2026-05-11,추가 확인 후 매수,DB,012030,거래가 조용해져 다음 움직임을 준비하는 모습입니다.,48.3%,2.8%,2175.0
2026-05-11,추가 확인 후 매수,NHN,181710,거래가 조용해지며 다음 변동성을 준비하는 구간입니다.,41.0%,1.3%,39250.0
2026-05-11,추가 확인 후 매수,에스엠벡셀,010580,거래가 조용해지며 다음 변동성을 준비하는 구간입니다.,43.6%,-1.1%,2135.0
2026-05-11,추가 확인 후 매수,부국증권우,001275,거래가 조용해지며 다음 변동성을 준비하는 구간입니다.,41.0%,0.1%,35050.0
2026-05-11,추가 확인 후 매수,CJ,001040,거래가 조용해지며 다음 변동성을 준비하는 구간입니다.,40.0%,-0.4%,218500.0
2026-05-11,추가 확인 후 매수,LG씨엔에스,064400,거래가 조용해지며 다음 변동성을 준비하는 구간입니다.,47.6%,-0.7%,70500.0
2026-05-11,추가 확인 후 매수,경동도시가스,267290,거래가 조용해지며 다음 변동성을 준비하는 구간입니다.,46.9%,-0.5%,22550.0
2026-05-11,추가 확인 후 매수,티에이치엔,019180,거래가 조용해지며 다음 변동성을 준비하는 구간입니다.,40.5%,0.9%,7830.0
2026-05-11,추가 확인 후 매수,진흥기업우B,002785,최근 급등 뒤 숨고르기 구간에 진입했습니다.,50.0%,-0.4%,3500.0
2026-05-11,추가 확인 후 매수,온타이드,005320,최근 급등 뒤 숨고르기 구간에 진입했습니다.,40.0%,1.5%,588.0
2026-05-11,추가 확인 후 매수,TP,007980,거래가 조용해져 다음 움직임을 준비하는 모습입니다.,44.4%,0.8%,2020.0
2026-05-11,추가 확인 후 매수,KB금융,105560,거래가 조용해지며 다음 변동성을 준비하는 구간입니다.,42.9%,0.5%,158800.0
2026-05-11,추가 확인 후 매수,광주신세계,037710,거래가 조용해지며 다음 변동성을 준비하는 구간입니다.,46.9%,-0.5%,37200.0
2026-05-11,추가 확인 후 매수,해태제과식품,101530,"거래가 조용해져 다음 움직임을 준비하는 모습입니다., 거래가 조용해지며 다음 변동성을 준비하는 구간입니다.",50.0%,-0.7%,6530.0
2026-05-11,추가 확인 후 매수,대상우,001685,거래가 조용해지며 다음 변동성을 준비하는 구간입니다.,75.0%,1.7%,16180.0
2026-05-11,추가 확인 후 매수,한화생명,088350,거래가 조용해지며 다음 변동성을 준비하는 구간입니다.,48.8%,-0.4%,4690.0
2026-05-11,추가 확인 후 매수,한국전자홀딩스,006200,거래가 조용해지며 다음 변동성을 준비하는 구간입니다.,44.8%,4.4%,801.0
2026-05-11,추가 확인 후 매수,F&amp;F홀딩스,007700,거래가 조용해지며 다음 변동성을 준비하는 구간입니다.,44.4%,-0.8%,19950.0
2026-05-11,추가 확인 후 매수,화승알앤에이,378850,거래가 조용해지며 다음 변동성을 준비하는 구간입니다.,41.7%,-0.8%,3370.0
2026-05-11,추가 확인 후 매수,SK케미칼우,28513K,거래가 조용해지며 다음 변동성을 준비하는 구간입니다.,40.0%,-1.3%,26500.0
2026-05-11,추가 확인 후 매수,세이브존I&amp;C,067830,거래가 조용해지며 다음 변동성을 준비하는 구간입니다.,41.3%,-0.3%,2980.0
2026-05-11,추가 확인 후 매수,현대엘리베이터,017800,거래가 조용해져 다음 움직임을 준비하는 모습입니다.,48.1%,1.7%,96500.0
2026-05-11,추가 확인 후 매수,영원무역,111770,거래가 조용해지며 다음 변동성을 준비하는 구간입니다.,44.0%,-0.7%,81400.0
2026-05-11,추가 확인 후 매수,LG유플러스,032640,바닥권 반등 신호(BB 하단),58.1%,2.0%,15320.0
2026-05-11,추가 확인 후 매수,무림페이퍼,009200,거래가 조용해져 다음 움직임을 준비하는 모습입니다.,75.0%,9.7%,1910.0
2026-05-11,추가 확인 후 매수,한솔케미칼,014680,거래가 조용해지며 다음 변동성을 준비하는 구간입니다.,41.9%,-0.1%,279000.0
2026-05-11,추가 확인 후 매수,CS홀딩스,000590,거래가 조용해지며 다음 변동성을 준비하는 구간입니다.,50.0%,1.0%,77800.0
2026-05-11,추가 확인 후 매수,현대해상,001450,거래가 조용해지며 다음 변동성을 준비하는 구간입니다.,46.5%,0.2%,30350.0
2026-05-11,추가 확인 후 매수,서연이화,200880,"거래가 조용해져 다음 움직임을 준비하는 모습입니다., 거래가 조용해지며 다음 변동성을 준비하는 구간입니다.",44.7%,-0.2%,14260.0
2026-05-11,추가 확인 후 매수,대신증권,003540,거래가 조용해지며 다음 변동성을 준비하는 구간입니다.,40.5%,-0.9%,39100.0
2026-05-11,추가 확인 후 매수,롯데칠성,005300,거래가 조용해지며 다음 변동성을 준비하는 구간입니다.,71.4%,0.7%,117300.0
2026-05-11,추가 확인 후 매수,화천기계,010660,최근 급등 뒤 숨고르기 구간에 진입했습니다.,44.7%,-0.5%,4990.0
2026-05-11,추가 확인 후 매수,서연,007860,거래가 조용해지며 다음 변동성을 준비하는 구간입니다.,41.2%,-0.5%,9100.0
2026-05-11,추가 확인 후 매수,스틱인베스트먼트,026890,거래가 조용해지며 다음 변동성을 준비하는 구간입니다.,71.4%,2.2%,9450.0
2026-05-11,추가 확인 후 매수,제일약품,271980,거래가 조용해지며 다음 변동성을 준비하는 구간입니다.,80.0%,6.9%,13170.0
2026-05-11,추가 확인 후 매수,노루홀딩스,000320,거래가 조용해지며 다음 변동성을 준비하는 구간입니다.,50.0%,-0.3%,21300.0
2026-05-11,추가 확인 후 매수,부국증권,001270,거래가 조용해지며 다음 변동성을 준비하는 구간입니다.,41.9%,1.1%,74000.0
2026-05-11,추가 확인 후 매수,한국앤컴퍼니,000240,"거래가 조용해져 다음 움직임을 준비하는 모습입니다., 거래가 조용해지며 다음 변동성을 준비하는 구간입니다.",42.1%,1.7%,24650.0
2026-05-11,추가 확인 후 매수,고려아연,010130,거래가 조용해지며 다음 변동성을 준비하는 구간입니다.,45.2%,3.5%,1528000.0
2026-05-11,추가 확인 후 매수,한진칼우,18064K,과매도 반등 신호,75.0%,4.6%,31500.0
2026-05-11,추가 확인 후 매수,광명전기,017040,거래가 조용해지며 다음 변동성을 준비하는 구간입니다.,85.7%,1.8%,932.0
2026-05-12,신중히 매수,광전자,017900,"거래가 조용해져 다음 움직임을 준비하는 모습입니다., 거래가 조용해지며 다음 변동성을 준비하는 구간입니다.",81.8%,12.0%,12610.0
2026-05-12,신중히 매수,대우건설,047040,거래가 조용해지며 다음 변동성을 준비하는 구간입니다.,72.2%,17.6%,30150.0
2026-05-12,신중히 매수,LS에코에너지,229640,최근 급등 뒤 숨고르기 구간에 진입했습니다.,61.5%,8.3%,90000.0
2026-05-12,신중히 매수,퍼스텍,010820,거래가 조용해져 다음 움직임을 준비하는 모습입니다.,58.1%,7.9%,12870.0
2026-05-12,신중히 매수,LS ELECTRIC,010120,최근 급등 뒤 숨고르기 구간에 진입했습니다.,72.7%,10.9%,289000.0
2026-05-12,신중히 매수,LS,006260,최근 급등 뒤 숨고르기 구간에 진입했습니다.,82.4%,11.8%,510000.0
2026-05-12,신중히 매수,OCI,456040,거래가 조용해져 다음 움직임을 준비하는 모습입니다.,69.2%,6.7%,135000.0
2026-05-12,신중히 매수,비에이치,090460,거래가 조용해져 다음 움직임을 준비하는 모습입니다.,57.9%,11.7%,30450.0
2026-05-12,신중히 매수,효성중공업,298040,최근 급등 뒤 숨고르기 구간에 진입했습니다.,83.3%,9.7%,4197000.0
2026-05-12,신중히 매수,한화엔진,082740,거래가 조용해져 다음 움직임을 준비하는 모습입니다.,54.3%,4.0%,77600.0
2026-05-12,신중히 매수,삼성E&amp;A,028050,최근 급등 뒤 숨고르기 구간에 진입했습니다.,77.8%,5.1%,54900.0
2026-05-12,신중히 매수,CAT,CAT,최근 급등 뒤 숨고르기 구간에 진입했습니다.,56.1%,4.6%,912.1400146484375
2026-05-12,신중히 매수,삼성SDI,006400,거래가 조용해져 다음 움직임을 준비하는 모습입니다.,73.3%,5.2%,629000.0
2026-05-12,신중히 매수,한미반도체,042700,최근 급등 뒤 숨고르기 구간에 진입했습니다.,51.7%,7.6%,377500.0
2026-05-12,신중히 매수,HD현대마린솔루션,443060,거래가 조용해져 다음 움직임을 준비하는 모습입니다.,100.0%,16.5%,248500.0
2026-05-12,신중히 매수,솔루스첨단소재,336370,거래가 조용해져 다음 움직임을 준비하는 모습입니다.,63.6%,6.5%,11690.0
2026-05-12,신중히 매수,코오롱인더,120110,거래가 조용해지며 다음 변동성을 준비하는 구간입니다.,54.5%,1.7%,86400.0
2026-05-12,신중히 매수,대덕1우,00806K,거래가 조용해지며 다음 변동성을 준비하는 구간입니다.,70.8%,4.5%,12380.0
2026-05-12,신중히 매수,한국주강,025890,"거래가 조용해져 다음 움직임을 준비하는 모습입니다., 거래가 조용해지며 다음 변동성을 준비하는 구간입니다.",50.0%,0.3%,2150.0
2026-05-12,신중히 매수,SGC에너지,005090,거래가 조용해져 다음 움직임을 준비하는 모습입니다.,52.0%,5.5%,56900.0
2026-05-12,신중히 매수,코리아써우,007815,최근 급등 뒤 숨고르기 구간에 진입했습니다.,50.0%,3.8%,22350.0
2026-05-12,신중히 매수,두산에너빌리티,034020,"거래가 조용해져 다음 움직임을 준비하는 모습입니다., 최근 급등 뒤 숨고르기 구간에 진입했습니다.",52.4%,2.8%,125600.0
2026-05-12,신중히 매수,동국홀딩스,001230,"거래가 조용해져 다음 움직임을 준비하는 모습입니다., 거래가 조용해지며 다음 변동성을 준비하는 구간입니다.",55.0%,1.7%,11400.0
2026-05-12,신중히 매수,SIMPAC,009160,최근 급등 뒤 숨고르기 구간에 진입했습니다.,64.0%,2.1%,6380.0
2026-05-12,신중히 매수,혜인,003010,거래가 조용해져 다음 움직임을 준비하는 모습입니다.,70.0%,3.4%,6600.0
2026-05-12,신중히 매수,대창,012800,최근 급등 뒤 숨고르기 구간에 진입했습니다.,64.7%,5.5%,1740.0
2026-05-12,신중히 매수,미원화학,134380,"거래가 조용해져 다음 움직임을 준비하는 모습입니다., 최근 급등 뒤 숨고르기 구간에 진입했습니다.",60.5%,2.4%,13020.0
2026-05-12,신중히 매수,코스맥스,192820,"거래가 조용해져 다음 움직임을 준비하는 모습입니다., 과매도 반등 신호",100.0%,6.5%,219500.0
2026-05-12,신중히 매수,부광약품,003000,과매도 반등 신호,53.8%,4.3%,6090.0
2026-05-12,신중히 매수,한섬,020000,거래가 조용해지며 다음 변동성을 준비하는 구간입니다.,56.5%,2.2%,25600.0
2026-05-12,신중히 매수,신세계인터내셔날,031430,거래가 조용해져 다음 움직임을 준비하는 모습입니다.,60.6%,2.9%,14380.0
2026-05-12,신중히 매수,삼화콘덴서,001820,거래가 조용해지며 다음 변동성을 준비하는 구간입니다.,63.0%,4.4%,63500.0
2026-05-12,신중히 매수,SK리츠,395400,과매도 반등 신호,58.1%,1.1%,6090.0
2026-05-12,신중히 매수,BYC우,001465,거래가 조용해지며 다음 변동성을 준비하는 구간입니다.,77.4%,4.5%,31950.0
2026-05-12,신중히 매수,코람코더원리츠,417310,거래가 조용해지며 다음 변동성을 준비하는 구간입니다.,58.3%,0.8%,10050.0
2026-05-12,신중히 매수,KT&amp;G,033780,거래가 조용해져 다음 움직임을 준비하는 모습입니다.,57.1%,1.3%,182100.0
2026-05-12,신중히 매수,제일연마,001560,거래가 조용해지며 다음 변동성을 준비하는 구간입니다.,60.0%,0.9%,11120.0
2026-05-12,신중히 매수,한화리츠,451800,과매도 반등 신호,87.0%,4.4%,5470.0
2026-05-12,신중히 매수,한국단자,025540,최근 급등 뒤 숨고르기 구간에 진입했습니다.,70.0%,3.2%,87900.0
2026-05-12,신중히 매수,LG에너지솔루션,373220,거래가 조용해져 다음 움직임을 준비하는 모습입니다.,50.0%,2.5%,443000.0
2026-05-12,신중히 매수,두올,016740,최근 급등 뒤 숨고르기 구간에 진입했습니다.,59.4%,1.4%,4800.0
2026-05-12,신중히 매수,BGF리테일,282330,거래가 조용해지며 다음 변동성을 준비하는 구간입니다.,58.3%,3.4%,132600.0
2026-05-12,신중히 매수,한화,000880,"최근 급등 뒤 숨고르기 구간에 진입했습니다., 거래가 조용해지며 다음 변동성을 준비하는 구간입니다.",61.0%,3.9%,142200.0
2026-05-12,신중히 매수,S-Oil우,010955,바닥권 반등 신호(BB 하단),56.4%,1.4%,56300.0
2026-05-12,신중히 매수,하나금융지주,086790,거래가 조용해지며 다음 변동성을 준비하는 구간입니다.,63.0%,2.5%,123100.0
2026-05-12,신중히 매수,LX세미콘,108320,거래가 조용해져 다음 움직임을 준비하는 모습입니다.,50.0%,2.6%,59500.0
2026-05-12,신중히 매수,우진아이엔에스,010400,거래가 조용해지며 다음 변동성을 준비하는 구간입니다.,52.6%,0.8%,3870.0
2026-05-12,신중히 매수,영풍,000670,거래가 조용해지며 다음 변동성을 준비하는 구간입니다.,70.6%,4.1%,64200.0
2026-05-12,신중히 매수,GS우,078935,거래가 조용해지며 다음 변동성을 준비하는 구간입니다.,73.1%,2.4%,55900.0
2026-05-12,신중히 매수,코스모신소재,005070,거래가 조용해져 다음 움직임을 준비하는 모습입니다.,67.7%,4.0%,56900.0
2026-05-12,신중히 매수,한국금융지주우,071055,거래가 조용해지며 다음 변동성을 준비하는 구간입니다.,53.8%,1.3%,173300.0
2026-05-12,신중히 매수,금호석유화학,011780,"최근 급등 뒤 숨고르기 구간에 진입했습니다., 거래가 조용해지며 다음 변동성을 준비하는 구간입니다.",60.0%,1.1%,142400.0
2026-05-12,신중히 매수,KT,030200,바닥권 반등 신호(BB 하단),62.5%,0.9%,59900.0
2026-05-12,신중히 매수,농심홀딩스,072710,거래가 조용해지며 다음 변동성을 준비하는 구간입니다.,50.0%,0.2%,93300.0
2026-05-12,신중히 매수,삼천리,004690,거래가 조용해져 다음 움직임을 준비하는 모습입니다.,52.9%,0.2%,141200.0
2026-05-12,신중히 매수,넥센타이어1우B,002355,거래가 조용해지며 다음 변동성을 준비하는 구간입니다.,53.7%,0.4%,4275.0
2026-05-12,신중히 매수,HS화성,002460,거래가 조용해지며 다음 변동성을 준비하는 구간입니다.,51.7%,2.0%,13500.0
2026-05-12,신중히 매수,미창석유,003650,거래가 조용해지며 다음 변동성을 준비하는 구간입니다.,69.0%,2.5%,120000.0
2026-05-12,신중히 매수,LG유플러스,032640,바닥권 반등 신호(BB 하단),58.1%,2.0%,15730.0
2026-05-12,신중히 매수,우진플라임,049800,거래가 조용해져 다음 움직임을 준비하는 모습입니다.,50.0%,2.0%,2520.0
2026-05-12,신중히 매수,세원정공,021820,거래가 조용해지며 다음 변동성을 준비하는 구간입니다.,53.3%,0.6%,14450.0
2026-05-12,신중히 매수,케이비아이동국실업,001620,"거래가 조용해져 다음 움직임을 준비하는 모습입니다., 과매도 반등 신호",73.5%,5.7%,642.0
2026-05-12,추가 확인 후 매수,SK이터닉스,475150,바닥권 반등 신호(BB 하단),41.9%,1.6%,51700.0
2026-05-12,추가 확인 후 매수,GS건설,006360,과매도 반등 신호,42.1%,3.9%,34000.0
2026-05-12,추가 확인 후 매수,미래아이앤지,007120,과매도 반등 신호,46.4%,1.6%,1758.0
2026-05-12,추가 확인 후 매수,애경케미칼,161000,"거래가 조용해져 다음 움직임을 준비하는 모습입니다., 거래가 조용해지며 다음 변동성을 준비하는 구간입니다.",41.7%,4.0%,13700.0
2026-05-12,추가 확인 후 매수,해성디에스,195870,거래가 조용해져 다음 움직임을 준비하는 모습입니다.,42.9%,2.3%,81300.0
2026-05-12,추가 확인 후 매수,WMT,WMT,거래가 조용해지며 다음 변동성을 준비하는 구간입니다.,41.9%,-0.1%,130.35000610351562
2026-05-12,추가 확인 후 매수,HD현대일렉트릭,267260,"거래가 조용해져 다음 움직임을 준비하는 모습입니다., 최근 급등 뒤 숨고르기 구간에 진입했습니다.",45.5%,2.2%,1309000.0
2026-05-12,추가 확인 후 매수,한양증권우,001755,거래량 급증,46.2%,3.1%,28150.0
2026-05-12,추가 확인 후 매수,MRK,MRK,거래가 조용해져 다음 움직임을 준비하는 모습입니다.,42.1%,-0.6%,112.37000274658203
2026-05-12,추가 확인 후 매수,솔루엠,248070,최근 급등 뒤 숨고르기 구간에 진입했습니다.,45.0%,2.2%,21100.0
2026-05-12,추가 확인 후 매수,대한해운,005880,거래가 조용해져 다음 움직임을 준비하는 모습입니다.,41.9%,3.2%,2435.0
2026-05-12,추가 확인 후 매수,삼성중공업,010140,거래가 조용해져 다음 움직임을 준비하는 모습입니다.,48.3%,2.7%,31400.0
2026-05-12,추가 확인 후 매수,현대제철,004020,최근 급등 뒤 숨고르기 구간에 진입했습니다.,45.8%,2.5%,42400.0
2026-05-12,추가 확인 후 매수,유엔젤,072130,거래가 조용해져 다음 움직임을 준비하는 모습입니다.,41.7%,0.9%,4835.0
2026-05-12,추가 확인 후 매수,한국카본,017960,거래가 조용해지며 다음 변동성을 준비하는 구간입니다.,46.9%,3.5%,43500.0
2026-05-12,추가 확인 후 매수,무림P&amp;P,009580,거래가 조용해져 다음 움직임을 준비하는 모습입니다.,63.6%,7.2%,2620.0
2026-05-12,추가 확인 후 매수,TP,007980,거래가 조용해져 다음 움직임을 준비하는 모습입니다.,42.9%,0.6%,2050.0
2026-05-12,추가 확인 후 매수,NH투자증권우,005945,거래가 조용해지며 다음 변동성을 준비하는 구간입니다.,48.4%,1.3%,27100.0
2026-05-12,추가 확인 후 매수,이마트,139480,최근 급등 뒤 숨고르기 구간에 진입했습니다.,46.4%,0.3%,107100.0
2026-05-12,추가 확인 후 매수,에스엠벡셀,010580,거래가 조용해지며 다음 변동성을 준비하는 구간입니다.,45.0%,-0.9%,2090.0
2026-05-12,추가 확인 후 매수,한양증권,001750,거래가 조용해져 다음 움직임을 준비하는 모습입니다.,48.4%,2.9%,26700.0
2026-05-12,추가 확인 후 매수,한국전자홀딩스,006200,거래가 조용해지며 다음 변동성을 준비하는 구간입니다.,43.3%,4.2%,801.0
2026-05-12,추가 확인 후 매수,NHN,181710,거래가 조용해지며 다음 변동성을 준비하는 구간입니다.,40.0%,1.1%,37850.0
2026-05-12,추가 확인 후 매수,현대홈쇼핑,057050,거래가 조용해져 다음 움직임을 준비하는 모습입니다.,48.5%,0.7%,83000.0
2026-05-12,추가 확인 후 매수,진흥기업우B,002785,최근 급등 뒤 숨고르기 구간에 진입했습니다.,42.9%,-1.0%,3405.0
2026-05-12,추가 확인 후 매수,코람코라이프인프라리츠,357120,과매도 반등 신호,66.7%,1.0%,4400.0
2026-05-12,추가 확인 후 매수,만호제강,001080,"최근 급등 뒤 숨고르기 구간에 진입했습니다., 바닥권 반등 신호(BB 하단)",44.7%,-0.5%,5220.0
2026-05-12,추가 확인 후 매수,티에이치엔,019180,거래가 조용해지며 다음 변동성을 준비하는 구간입니다.,42.1%,0.9%,7710.0
2026-05-12,추가 확인 후 매수,에이엔피,015260,거래가 조용해져 다음 움직임을 준비하는 모습입니다.,44.4%,4.7%,647.0
2026-05-12,추가 확인 후 매수,보령,003850,바닥권 반등 신호(BB 하단),48.6%,0.7%,9520.0
2026-05-12,추가 확인 후 매수,한화생명,088350,"바닥권 반등 신호(BB 하단), 거래가 조용해지며 다음 변동성을 준비하는 구간입니다.",47.6%,-0.5%,4845.0
2026-05-12,추가 확인 후 매수,CJ,001040,거래가 조용해지며 다음 변동성을 준비하는 구간입니다.,40.0%,-0.4%,208000.0
2026-05-12,추가 확인 후 매수,대상홀딩스우,084695,과매도 반등 신호,48.1%,-0.3%,13640.0
2026-05-12,추가 확인 후 매수,한화비전,489790,거래가 조용해지며 다음 변동성을 준비하는 구간입니다.,41.0%,1.3%,80200.0
2026-05-12,추가 확인 후 매수,광주신세계,037710,거래가 조용해지며 다음 변동성을 준비하는 구간입니다.,45.5%,-0.6%,36500.0
2026-05-12,추가 확인 후 매수,에스엘,005850,최근 급등 뒤 숨고르기 구간에 진입했습니다.,45.7%,2.4%,64700.0
2026-05-12,추가 확인 후 매수,한솔케미칼,014680,"거래가 조용해지며 다음 변동성을 준비하는 구간입니다., 거래량 급증",40.6%,-0.3%,300000.0
2026-05-12,추가 확인 후 매수,이리츠코크렙,088260,과매도 반등 신호,82.1%,2.2%,4420.0
2026-05-12,추가 확인 후 매수,경방,000050,거래가 조용해지며 다음 변동성을 준비하는 구간입니다.,49.0%,0.7%,9270.0
2026-05-12,추가 확인 후 매수,무림페이퍼,009200,거래가 조용해져 다음 움직임을 준비하는 모습입니다.,75.0%,9.7%,1879.0
2026-05-12,추가 확인 후 매수,영원무역,111770,거래가 조용해지며 다음 변동성을 준비하는 구간입니다.,42.3%,-0.9%,81800.0
2026-05-12,추가 확인 후 매수,F&amp;F홀딩스,007700,거래가 조용해지며 다음 변동성을 준비하는 구간입니다.,40.0%,-0.7%,19130.0
2026-05-12,추가 확인 후 매수,현대해상,001450,거래가 조용해지며 다음 변동성을 준비하는 구간입니다.,46.5%,0.3%,30100.0
2026-05-12,추가 확인 후 매수,CS홀딩스,000590,거래가 조용해지며 다음 변동성을 준비하는 구간입니다.,50.0%,1.0%,75900.0
2026-05-12,추가 확인 후 매수,서연이화,200880,"거래가 조용해져 다음 움직임을 준비하는 모습입니다., 거래가 조용해지며 다음 변동성을 준비하는 구간입니다.",44.7%,-0.2%,14020.0
2026-05-12,추가 확인 후 매수,제일약품,271980,"바닥권 반등 신호(BB 하단), 거래가 조용해지며 다음 변동성을 준비하는 구간입니다.",80.0%,6.9%,13230.0
2026-05-12,추가 확인 후 매수,롯데칠성,005300,거래가 조용해지며 다음 변동성을 준비하는 구간입니다.,71.4%,0.7%,114800.0
2026-05-12,추가 확인 후 매수,셀트리온,068270,"바닥권 반등 신호(BB 하단), 과매도 반등 신호",43.6%,-0.9%,193300.0
2026-05-12,추가 확인 후 매수,화천기계,010660,과매도 반등 신호,44.7%,-0.5%,4835.0
2026-05-12,추가 확인 후 매수,스틱인베스트먼트,026890,거래가 조용해지며 다음 변동성을 준비하는 구간입니다.,71.4%,2.2%,9190.0
2026-05-12,추가 확인 후 매수,한올바이오파마,009420,"최근 급등 뒤 숨고르기 구간에 진입했습니다., 바닥권 반등 신호(BB 하단), 과매도 반등 신호",43.8%,0.7%,46650.0
2026-05-12,추가 확인 후 매수,광명전기,017040,거래가 조용해지며 다음 변동성을 준비하는 구간입니다.,85.7%,1.8%,932.0
2026-05-13,신중히 매수,광전자,017900,"거래가 조용해져 다음 움직임을 준비하는 모습입니다., 거래가 조용해지며 다음 변동성을 준비하는 구간입니다.",75.0%,12.6%,11250.0
2026-05-13,신중히 매수,대우건설,047040,거래가 조용해지며 다음 변동성을 준비하는 구간입니다.,73.7%,26.3%,28950.0
2026-05-13,신중히 매수,HD현대에너지솔루션,322000,최근 급등 뒤 숨고르기 구간에 진입했습니다.,88.0%,24.1%,212000.0
2026-05-13,신중히 매수,LS에코에너지,229640,최근 급등 뒤 숨고르기 구간에 진입했습니다.,74.1%,22.4%,93400.0
2026-05-13,신중히 매수,퍼스텍,010820,거래가 조용해져 다음 움직임을 준비하는 모습입니다.,71.9%,14.2%,12380.0
2026-05-13,신중히 매수,삼영,003720,최근 급등 뒤 숨고르기 구간에 진입했습니다.,84.4%,25.9%,12840.0
2026-05-13,신중히 매수,남선알미늄,008350,거래가 조용해져 다음 움직임을 준비하는 모습입니다.,57.1%,6.5%,1926.0
2026-05-13,신중히 매수,일진전기,103590,최근 급등 뒤 숨고르기 구간에 진입했습니다.,52.2%,13.0%,139900.0
2026-05-13,신중히 매수,비에이치,090460,거래가 조용해져 다음 움직임을 준비하는 모습입니다.,55.0%,16.9%,30150.0
2026-05-13,신중히 매수,두산퓨얼셀1우,33626K,최근 급등 뒤 숨고르기 구간에 진입했습니다.,51.9%,10.5%,11790.0
2026-05-13,신중히 매수,OCI,456040,거래가 조용해져 다음 움직임을 준비하는 모습입니다.,84.6%,24.4%,129900.0
2026-05-13,신중히 매수,삼성E&amp;A,028050,최근 급등 뒤 숨고르기 구간에 진입했습니다.,88.9%,12.7%,53000.0
2026-05-13,신중히 매수,쏘카,403550,거래량 급증,50.0%,8.5%,17140.0
2026-05-13,신중히 매수,삼성SDI,006400,거래가 조용해져 다음 움직임을 준비하는 모습입니다.,86.7%,19.8%,634000.0
2026-05-13,신중히 매수,삼성전자우,005935,최근 급등 뒤 숨고르기 구간에 진입했습니다.,78.6%,14.6%,189100.0
2026-05-13,신중히 매수,코리아써우,007815,최근 급등 뒤 숨고르기 구간에 진입했습니다.,59.5%,4.1%,23700.0
2026-05-13,신중히 매수,에이피알,278470,거래가 조용해지며 다음 변동성을 준비하는 구간입니다.,75.0%,11.3%,402000.0
2026-05-13,신중히 매수,솔루스첨단소재,336370,거래가 조용해져 다음 움직임을 준비하는 모습입니다.,69.6%,18.9%,11350.0
2026-05-13,신중히 매수,WMT,WMT,거래가 조용해지며 다음 변동성을 준비하는 구간입니다.,53.3%,0.7%,131.47000122070312
2026-05-13,신중히 매수,HD현대마린솔루션,443060,거래가 조용해져 다음 움직임을 준비하는 모습입니다.,100.0%,19.3%,232000.0
2026-05-13,신중히 매수,신세계인터내셔날,031430,거래량 급증,82.4%,13.5%,16650.0
2026-05-13,신중히 매수,한미반도체,042700,최근 급등 뒤 숨고르기 구간에 진입했습니다.,57.1%,10.6%,400500.0
2026-05-13,신중히 매수,SIMPAC,009160,최근 급등 뒤 숨고르기 구간에 진입했습니다.,58.3%,6.1%,6440.0
2026-05-13,신중히 매수,삼화콘덴서,001820,거래가 조용해지며 다음 변동성을 준비하는 구간입니다.,60.7%,4.4%,64000.0
2026-05-13,신중히 매수,혜인,003010,거래가 조용해져 다음 움직임을 준비하는 모습입니다.,56.7%,8.2%,6480.0
2026-05-13,신중히 매수,미원화학,134380,"거래가 조용해져 다음 움직임을 준비하는 모습입니다., 최근 급등 뒤 숨고르기 구간에 진입했습니다.",57.9%,6.2%,12700.0
2026-05-13,신중히 매수,한화갤러리아,452260,"거래가 조용해져 다음 움직임을 준비하는 모습입니다., 거래량 급증",73.8%,22.6%,3640.0
2026-05-13,신중히 매수,파미셀,005690,거래가 조용해지며 다음 변동성을 준비하는 구간입니다.,63.6%,7.9%,18200.0
2026-05-13,신중히 매수,BYC우,001465,거래가 조용해지며 다음 변동성을 준비하는 구간입니다.,77.4%,11.2%,32150.0
2026-05-13,신중히 매수,에이엔피,015260,"거래가 조용해져 다음 움직임을 준비하는 모습입니다., 거래가 조용해지며 다음 변동성을 준비하는 구간입니다.",60.7%,8.8%,646.0
2026-05-13,신중히 매수,한국단자,025540,"거래가 조용해져 다음 움직임을 준비하는 모습입니다., 최근 급등 뒤 숨고르기 구간에 진입했습니다.",58.6%,5.3%,86600.0
2026-05-13,신중히 매수,이월드,084680,과매도 반등 신호,51.4%,5.5%,1775.0
2026-05-13,신중히 매수,KSS해운,044450,과매도 반등 신호,69.0%,5.4%,11290.0
2026-05-13,신중히 매수,명신산업,009900,거래가 조용해져 다음 움직임을 준비하는 모습입니다.,89.7%,26.3%,11890.0
2026-05-13,신중히 매수,코오롱,002020,최근 급등 뒤 숨고르기 구간에 진입했습니다.,57.9%,7.2%,70200.0
2026-05-13,신중히 매수,하나금융지주,086790,거래가 조용해지며 다음 변동성을 준비하는 구간입니다.,50.0%,2.0%,122300.0
2026-05-13,신중히 매수,제이에스코퍼레이션,194370,거래가 조용해져 다음 움직임을 준비하는 모습입니다.,61.5%,8.8%,13290.0
2026-05-13,신중히 매수,한국금융지주,071050,거래가 조용해지며 다음 변동성을 준비하는 구간입니다.,53.6%,4.0%,251500.0
2026-05-13,신중히 매수,화승코퍼레이션,013520,최근 급등 뒤 숨고르기 구간에 진입했습니다.,72.2%,8.3%,3325.0
2026-05-13,신중히 매수,계룡건설,013580,"거래가 조용해져 다음 움직임을 준비하는 모습입니다., 거래가 조용해지며 다음 변동성을 준비하는 구간입니다.",50.0%,0.7%,25950.0
2026-05-13,신중히 매수,우진플라임,049800,거래가 조용해져 다음 움직임을 준비하는 모습입니다.,85.2%,8.7%,2525.0
2026-05-13,신중히 매수,현대비앤지스틸,004560,최근 급등 뒤 숨고르기 구간에 진입했습니다.,67.7%,4.3%,17330.0
2026-05-13,추가 확인 후 매수,주성코퍼레이션,109070,"거래가 조용해져 다음 움직임을 준비하는 모습입니다., 거래가 조용해지며 다음 변동성을 준비하는 구간입니다.",44.4%,15.0%,1792.0
2026-05-13,추가 확인 후 매수,한화엔진,082740,거래가 조용해져 다음 움직임을 준비하는 모습입니다.,44.1%,10.1%,78800.0
2026-05-13,추가 확인 후 매수,KEC,092220,"거래가 조용해져 다음 움직임을 준비하는 모습입니다., 최근 급등 뒤 숨고르기 구간에 진입했습니다.",40.7%,1.7%,1838.0
2026-05-13,추가 확인 후 매수,AMAT,AMAT,최근 급등 뒤 숨고르기 구간에 진입했습니다.,43.9%,1.5%,436.6099853515625
2026-05-13,추가 확인 후 매수,애경케미칼,161000,"거래가 조용해져 다음 움직임을 준비하는 모습입니다., 거래가 조용해지며 다음 변동성을 준비하는 구간입니다.",46.2%,2.8%,13670.0
2026-05-13,추가 확인 후 매수,COST,COST,거래가 조용해지며 다음 변동성을 준비하는 구간입니다.,44.7%,-0.6%,1033.0799560546875
2026-05-13,추가 확인 후 매수,케이씨,029460,거래가 조용해져 다음 움직임을 준비하는 모습입니다.,42.9%,3.3%,38350.0
2026-05-13,추가 확인 후 매수,유엔젤,072130,"RSI 반전 신호(상승 가능성), 거래가 조용해져 다음 움직임을 준비하는 모습입니다., 과매도 반등 신호",50.0%,0.3%,4925.0
2026-05-13,추가 확인 후 매수,한섬,020000,"최근 급등 뒤 숨고르기 구간에 진입했습니다., 거래가 조용해지며 다음 변동성을 준비하는 구간입니다.",45.8%,-0.7%,25400.0
2026-05-13,추가 확인 후 매수,SGC에너지,005090,거래가 조용해져 다음 움직임을 준비하는 모습입니다.,44.0%,3.0%,52400.0
2026-05-13,추가 확인 후 매수,코오롱우,002025,최근 급등 뒤 숨고르기 구간에 진입했습니다.,42.1%,-0.1%,31450.0
2026-05-13,추가 확인 후 매수,LG에너지솔루션,373220,거래가 조용해져 다음 움직임을 준비하는 모습입니다.,40.6%,1.3%,430000.0
2026-05-13,추가 확인 후 매수,휴니드,005870,거래가 조용해져 다음 움직임을 준비하는 모습입니다.,43.8%,-0.0%,8200.0
2026-05-13,추가 확인 후 매수,무림P&amp;P,009580,거래가 조용해져 다음 움직임을 준비하는 모습입니다.,58.3%,14.0%,2515.0
2026-05-13,추가 확인 후 매수,한국금융지주우,071055,거래가 조용해지며 다음 변동성을 준비하는 구간입니다.,40.7%,1.4%,172700.0
2026-05-13,추가 확인 후 매수,한화비전,489790,거래가 조용해지며 다음 변동성을 준비하는 구간입니다.,41.0%,-1.1%,81000.0
2026-05-13,추가 확인 후 매수,무림페이퍼,009200,거래가 조용해져 다음 움직임을 준비하는 모습입니다.,87.5%,5.8%,1847.0
2026-05-13,추가 확인 후 매수,한화갤러리아우,45226K,거래가 조용해져 다음 움직임을 준비하는 모습입니다.,42.9%,4.0%,8680.0
2026-05-13,추가 확인 후 매수,제일약품,271980,거래가 조용해지며 다음 변동성을 준비하는 구간입니다.,73.3%,4.4%,13720.0
2026-05-13,추가 확인 후 매수,맵스리얼티,094800,과매도 반등 신호,66.7%,4.4%,5520.0
2026-05-15,신중히 매수,광전자,017900,"거래가 조용해져 다음 움직임을 준비하는 모습입니다., 최근 급등 뒤 숨고르기 구간에 진입했습니다., 거래가 조용해지며 다음 변동성을 준비하는 구간입니다.",64.3%,9.3%,11080.0
2026-05-15,신중히 매수,대우건설,047040,"거래가 조용해져 다음 움직임을 준비하는 모습입니다., 거래가 조용해지며 다음 변동성을 준비하는 구간입니다.",65.0%,22.1%,29700.0
2026-05-15,신중히 매수,삼성SDI,006400,거래가 조용해져 다음 움직임을 준비하는 모습입니다.,81.2%,17.9%,662000.0
2026-05-15,신중히 매수,대덕,008060,최근 급등 뒤 숨고르기 구간에 진입했습니다.,72.2%,12.2%,19510.0
2026-05-15,신중히 매수,포스코스틸리온,058430,거래가 조용해져 다음 움직임을 준비하는 모습입니다.,93.1%,20.1%,7360.0
2026-05-15,신중히 매수,CAT,CAT,거래가 조용해져 다음 움직임을 준비하는 모습입니다.,65.0%,5.9%,920.219970703125
2026-05-15,신중히 매수,퍼스텍,010820,거래가 조용해져 다음 움직임을 준비하는 모습입니다.,66.7%,12.2%,11900.0
2026-05-15,신중히 매수,PI첨단소재,178920,최근 급등 뒤 숨고르기 구간에 진입했습니다.,64.3%,7.5%,29200.0
2026-05-15,신중히 매수,삼화콘덴서,001820,과매도 반등 신호,55.2%,3.0%,70100.0
2026-05-15,신중히 매수,OCI,456040,거래가 조용해져 다음 움직임을 준비하는 모습입니다.,76.9%,21.8%,127100.0
2026-05-15,신중히 매수,코리아써우,007815,최근 급등 뒤 숨고르기 구간에 진입했습니다.,59.5%,4.1%,23500.0
2026-05-15,신중히 매수,진흥기업,002780,거래가 조용해져 다음 움직임을 준비하는 모습입니다.,61.5%,18.2%,1162.0
2026-05-15,신중히 매수,GS글로벌,001250,거래가 조용해져 다음 움직임을 준비하는 모습입니다.,78.9%,19.5%,3915.0
2026-05-15,신중히 매수,솔루스첨단소재,336370,거래가 조용해져 다음 움직임을 준비하는 모습입니다.,64.0%,16.6%,11610.0
2026-05-15,신중히 매수,SK,034730,최근 급등 뒤 숨고르기 구간에 진입했습니다.,50.0%,17.7%,540000.0
2026-05-15,신중히 매수,동국제강,460860,"거래가 조용해져 다음 움직임을 준비하는 모습입니다., 과매도 반등 신호",94.1%,29.9%,13380.0
2026-05-15,신중히 매수,삼성SDI우,006405,"거래가 조용해져 다음 움직임을 준비하는 모습입니다., 최근 급등 뒤 숨고르기 구간에 진입했습니다.",93.5%,29.7%,328000.0
2026-05-15,신중히 매수,SK우,03473K,최근 급등 뒤 숨고르기 구간에 진입했습니다.,100.0%,31.9%,379000.0
2026-05-15,신중히 매수,에이피알,278470,거래가 조용해지며 다음 변동성을 준비하는 구간입니다.,66.7%,9.0%,421500.0
2026-05-15,신중히 매수,WMT,WMT,거래가 조용해지며 다음 변동성을 준비하는 구간입니다.,48.3%,0.0%,132.4600067138672
2026-05-15,신중히 매수,삼성물산,028260,최근 급등 뒤 숨고르기 구간에 진입했습니다.,62.5%,10.3%,426500.0
2026-05-15,신중히 매수,남선알미늄,008350,"거래가 조용해져 다음 움직임을 준비하는 모습입니다., 거래가 조용해지며 다음 변동성을 준비하는 구간입니다.",50.0%,5.0%,1876.0
2026-05-15,신중히 매수,유진투자증권,001200,최근 급등 뒤 숨고르기 구간에 진입했습니다.,55.6%,9.6%,6250.0
2026-05-15,신중히 매수,두산우,000155,최근 급등 뒤 숨고르기 구간에 진입했습니다.,60.0%,7.4%,703000.0
2026-05-15,신중히 매수,휴스틸,005010,최근 급등 뒤 숨고르기 구간에 진입했습니다.,81.8%,15.4%,5900.0
2026-05-15,신중히 매수,에이엔피,015260,"거래가 조용해져 다음 움직임을 준비하는 모습입니다., 거래가 조용해지며 다음 변동성을 준비하는 구간입니다.",56.7%,7.5%,639.0
2026-05-15,신중히 매수,삼성물산우B,02826K,최근 급등 뒤 숨고르기 구간에 진입했습니다.,82.8%,15.6%,244000.0
2026-05-15,신중히 매수,SK증권,001510,거래가 조용해져 다음 움직임을 준비하는 모습입니다.,93.1%,32.4%,4375.0
2026-05-15,신중히 매수,TCC스틸,002710,거래가 조용해져 다음 움직임을 준비하는 모습입니다.,66.7%,13.2%,17500.0
2026-05-15,신중히 매수,TYM,002900,최근 급등 뒤 숨고르기 구간에 진입했습니다.,88.0%,23.3%,8550.0
2026-05-15,신중히 매수,HD건설기계,267270,거래가 조용해져 다음 움직임을 준비하는 모습입니다.,64.3%,12.7%,169100.0
2026-05-15,신중히 매수,파미셀,005690,거래가 조용해지며 다음 변동성을 준비하는 구간입니다.,60.6%,7.1%,17830.0
2026-05-15,신중히 매수,이수화학,005950,"거래가 조용해져 다음 움직임을 준비하는 모습입니다., 최근 급등 뒤 숨고르기 구간에 진입했습니다.",54.3%,14.1%,10050.0
2026-05-15,신중히 매수,HD현대일렉트릭,267260,거래가 조용해져 다음 움직임을 준비하는 모습입니다.,60.0%,11.8%,1218000.0
2026-05-15,신중히 매수,LX하우시스,108670,최근 급등 뒤 숨고르기 구간에 진입했습니다.,62.5%,8.8%,38950.0
2026-05-15,신중히 매수,GS,078930,과매도 반등 신호,68.0%,8.1%,83600.0
2026-05-15,신중히 매수,명신산업,009900,거래가 조용해져 다음 움직임을 준비하는 모습입니다.,85.7%,25.4%,11660.0
2026-05-15,신중히 매수,SIMPAC,009160,최근 급등 뒤 숨고르기 구간에 진입했습니다.,54.2%,5.3%,6420.0
2026-05-15,신중히 매수,한국단자,025540,최근 급등 뒤 숨고르기 구간에 진입했습니다.,56.7%,4.8%,88400.0
2026-05-15,신중히 매수,한양증권,001750,과매도 반등 신호,67.7%,8.3%,27350.0
2026-05-15,신중히 매수,DSR제강,069730,과매도 반등 신호,51.6%,2.5%,5050.0
2026-05-15,신중히 매수,대창,012800,최근 급등 뒤 숨고르기 구간에 진입했습니다.,81.2%,9.2%,1649.0
2026-05-15,신중히 매수,롯데케미칼,011170,과매도 반등 신호,92.9%,16.5%,89000.0
2026-05-15,신중히 매수,BYC우,001465,거래가 조용해지며 다음 변동성을 준비하는 구간입니다.,71.0%,10.2%,32600.0
2026-05-15,신중히 매수,한섬,020000,거래가 조용해지며 다음 변동성을 준비하는 구간입니다.,57.7%,1.8%,26750.0
2026-05-15,신중히 매수,문배철강,008420,거래가 조용해져 다음 움직임을 준비하는 모습입니다.,92.3%,20.5%,2460.0
2026-05-15,신중히 매수,상상인증권,001290,거래가 조용해져 다음 움직임을 준비하는 모습입니다.,59.4%,9.1%,1186.0
2026-05-15,신중히 매수,미원화학,134380,"거래가 조용해져 다음 움직임을 준비하는 모습입니다., 최근 급등 뒤 숨고르기 구간에 진입했습니다.",52.6%,5.3%,12440.0
2026-05-15,신중히 매수,한화리츠,451800,RSI 반전 신호(상승 가능성),95.8%,18.3%,5500.0
2026-05-15,신중히 매수,삼성FN리츠,448730,"RSI 반전 신호(상승 가능성), 거래가 조용해져 다음 움직임을 준비하는 모습입니다.",81.8%,16.0%,5610.0
2026-05-15,신중히 매수,현대코퍼레이션,011760,거래가 조용해져 다음 움직임을 준비하는 모습입니다.,100.0%,18.8%,28100.0
2026-05-15,신중히 매수,HD현대,267250,최근 급등 뒤 숨고르기 구간에 진입했습니다.,73.3%,5.5%,286500.0
2026-05-15,신중히 매수,현대비앤지스틸,004560,"거래가 조용해져 다음 움직임을 준비하는 모습입니다., 최근 급등 뒤 숨고르기 구간에 진입했습니다.",64.5%,3.4%,17520.0
2026-05-15,신중히 매수,우진플라임,049800,거래가 조용해져 다음 움직임을 준비하는 모습입니다.,79.3%,7.4%,2475.0
2026-05-15,신중히 매수,삼성제약,001360,과매도 반등 신호,69.0%,7.3%,1724.0
2026-05-15,신중히 매수,태양금속,004100,과매도 반등 신호,71.4%,5.8%,2720.0
2026-05-15,신중히 매수,S-Oil,010950,"최근 급등 뒤 숨고르기 구간에 진입했습니다., 과매도 반등 신호",72.4%,8.6%,114800.0
2026-05-15,신중히 매수,맵스리얼티,094800,RSI 반전 신호(상승 가능성),66.7%,4.4%,5630.0
2026-05-15,추가 확인 후 매수,주성코퍼레이션,109070,"거래가 조용해져 다음 움직임을 준비하는 모습입니다., 거래가 조용해지며 다음 변동성을 준비하는 구간입니다.",40.0%,12.5%,1616.0
2026-05-15,추가 확인 후 매수,한화엔진,082740,거래가 조용해져 다음 움직임을 준비하는 모습입니다.,44.1%,10.1%,74550.0
2026-05-15,추가 확인 후 매수,애경케미칼,161000,"거래가 조용해져 다음 움직임을 준비하는 모습입니다., 거래가 조용해지며 다음 변동성을 준비하는 구간입니다.",40.0%,1.1%,14170.0
2026-05-15,추가 확인 후 매수,케이씨,029460,"거래가 조용해져 다음 움직임을 준비하는 모습입니다., 거래가 조용해지며 다음 변동성을 준비하는 구간입니다.",41.4%,2.8%,39500.0
2026-05-15,추가 확인 후 매수,SGC에너지,005090,거래가 조용해져 다음 움직임을 준비하는 모습입니다.,40.7%,2.0%,52800.0
2026-05-15,추가 확인 후 매수,인지컨트롤스,023800,최근 급등 뒤 숨고르기 구간에 진입했습니다.,47.2%,5.8%,8030.0
2026-05-15,추가 확인 후 매수,한화갤러리아우,45226K,과매도 반등 신호,41.9%,3.7%,7550.0
2026-05-15,추가 확인 후 매수,DYP,092780,"거래가 조용해지며 다음 변동성을 준비하는 구간입니다., 과매도 반등 신호",42.2%,-0.5%,5090.0
2026-05-15,추가 확인 후 매수,KG케미칼,001390,과매도 반등 신호,42.9%,2.5%,5530.0
2026-05-15,추가 확인 후 매수,NHN,181710,과매도 반등 신호,46.2%,1.2%,38950.0
2026-05-15,추가 확인 후 매수,하나금융지주,086790,거래가 조용해지며 다음 변동성을 준비하는 구간입니다.,44.8%,0.7%,121200.0
2026-05-15,추가 확인 후 매수,유니드,014830,과매도 반등 신호,41.9%,-0.2%,79000.0
2026-05-15,추가 확인 후 매수,유엔젤,072130,거래가 조용해져 다음 움직임을 준비하는 모습입니다.,50.0%,0.3%,4710.0
2026-05-15,추가 확인 후 매수,무림P&amp;P,009580,"거래가 조용해져 다음 움직임을 준비하는 모습입니다., 과매도 반등 신호",58.3%,14.0%,2465.0
2026-05-15,추가 확인 후 매수,제일약품,271980,거래가 조용해지며 다음 변동성을 준비하는 구간입니다.,73.3%,4.4%,14100.0
2026-05-15,추가 확인 후 매수,무림페이퍼,009200,거래가 조용해져 다음 움직임을 준비하는 모습입니다.,87.5%,5.8%,1872.0
2026-05-17,신중히 매수,광전자,017900,"거래가 조용해져 다음 움직임을 준비하는 모습입니다., 거래가 조용해지며 다음 변동성을 준비하는 구간입니다.",64.3%,9.3%,10700.0
2026-05-17,신중히 매수,대우건설,047040,거래가 조용해지며 다음 변동성을 준비하는 구간입니다.,61.1%,20.6%,28500.0
2026-05-17,신중히 매수,HD현대에너지솔루션,322000,최근 급등 뒤 숨고르기 구간에 진입했습니다.,83.3%,23.0%,196800.0
2026-05-17,신중히 매수,DN오토모티브,007340,최근 급등 뒤 숨고르기 구간에 진입했습니다.,83.3%,12.1%,50900.0
2026-05-17,신중히 매수,SK스퀘어,402340,최근 급등 뒤 숨고르기 구간에 진입했습니다.,58.8%,13.6%,1098000.0
2026-05-17,신중히 매수,삼성SDI,006400,거래가 조용해져 다음 움직임을 준비하는 모습입니다.,80.6%,18.3%,614000.0
2026-05-17,신중히 매수,퍼스텍,010820,거래가 조용해져 다음 움직임을 준비하는 모습입니다.,64.5%,11.0%,11700.0
2026-05-17,신중히 매수,포스코스틸리온,058430,거래가 조용해져 다음 움직임을 준비하는 모습입니다.,92.6%,20.5%,7020.0
2026-05-17,신중히 매수,CAT,CAT,"거래가 조용해져 다음 움직임을 준비하는 모습입니다., 최근 급등 뒤 숨고르기 구간에 진입했습니다.",63.2%,5.6%,888.3099975585938
2026-05-17,신중히 매수,OCI,456040,거래가 조용해져 다음 움직임을 준비하는 모습입니다.,75.0%,22.3%,121400.0
2026-05-17,신중히 매수,삼화콘덴서,001820,"최근 급등 뒤 숨고르기 구간에 진입했습니다., 거래가 조용해지며 다음 변동성을 준비하는 구간입니다.",55.2%,3.0%,65200.0
2026-05-17,신중히 매수,GS글로벌,001250,거래가 조용해져 다음 움직임을 준비하는 모습입니다.,77.8%,19.0%,3840.0
2026-05-17,신중히 매수,동국제강,460860,거래가 조용해져 다음 움직임을 준비하는 모습입니다.,94.1%,28.8%,12960.0
2026-05-17,신중히 매수,삼성전자,005930,최근 급등 뒤 숨고르기 구간에 진입했습니다.,89.7%,20.6%,270500.0
2026-05-17,신중히 매수,솔루스첨단소재,336370,거래가 조용해져 다음 움직임을 준비하는 모습입니다.,65.2%,18.1%,11110.0
2026-05-17,신중히 매수,삼성전자우,005935,최근 급등 뒤 숨고르기 구간에 진입했습니다.,71.4%,12.4%,179400.0
2026-05-17,신중히 매수,069500,069500,최근 급등 뒤 숨고르기 구간에 진입했습니다.,78.3%,17.1%,117200.0
2026-05-17,신중히 매수,에이피알,278470,거래가 조용해지며 다음 변동성을 준비하는 구간입니다.,65.0%,9.2%,404000.0
2026-05-17,신중히 매수,삼성SDI우,006405,거래가 조용해져 다음 움직임을 준비하는 모습입니다.,93.3%,29.7%,305000.0
2026-05-17,신중히 매수,남선알미늄,008350,거래가 조용해지며 다음 변동성을 준비하는 구간입니다.,50.0%,5.0%,1812.0
2026-05-17,신중히 매수,세우글로벌,013000,최근 급등 뒤 숨고르기 구간에 진입했습니다.,94.7%,14.3%,1513.0
2026-05-17,신중히 매수,에이엔피,015260,거래가 조용해져 다음 움직임을 준비하는 모습입니다.,56.7%,7.5%,624.0
2026-05-17,신중히 매수,TYM,002900,최근 급등 뒤 숨고르기 구간에 진입했습니다.,88.0%,20.7%,8390.0
2026-05-17,신중히 매수,이수화학,005950,"거래가 조용해져 다음 움직임을 준비하는 모습입니다., 최근 급등 뒤 숨고르기 구간에 진입했습니다.",57.6%,14.7%,10010.0
2026-05-17,신중히 매수,NC,036570,거래가 조용해지며 다음 변동성을 준비하는 구간입니다.,68.0%,8.7%,271500.0
2026-05-17,신중히 매수,DSR제강,069730,과매도 반등 신호,50.0%,2.2%,5180.0
2026-05-17,신중히 매수,명신산업,009900,거래가 조용해져 다음 움직임을 준비하는 모습입니다.,84.6%,25.7%,11300.0
2026-05-17,신중히 매수,하이스틸,071090,과매도 반등 신호,50.0%,0.6%,4090.0
2026-05-17,신중히 매수,한섬,020000,거래가 조용해지며 다음 변동성을 준비하는 구간입니다.,50.0%,0.4%,26950.0
2026-05-17,신중히 매수,문배철강,008420,거래가 조용해져 다음 움직임을 준비하는 모습입니다.,92.3%,20.5%,2435.0
2026-05-17,신중히 매수,BYC우,001465,거래가 조용해지며 다음 변동성을 준비하는 구간입니다.,71.0%,10.7%,31750.0
2026-05-17,신중히 매수,롯데케미칼,011170,과매도 반등 신호,96.3%,14.3%,86500.0
2026-05-17,신중히 매수,한솔홀딩스,004150,최근 급등 뒤 숨고르기 구간에 진입했습니다.,83.9%,11.9%,3700.0
2026-05-17,신중히 매수,TP,007980,과매도 반등 신호,55.6%,5.5%,2035.0
2026-05-17,신중히 매수,팬오션,028670,최근 급등 뒤 숨고르기 구간에 진입했습니다.,63.6%,5.0%,6030.0
2026-05-17,신중히 매수,미원화학,134380,"거래가 조용해져 다음 움직임을 준비하는 모습입니다., 최근 급등 뒤 숨고르기 구간에 진입했습니다.",50.0%,4.9%,12400.0
2026-05-17,신중히 매수,NHN,181710,과매도 반등 신호,51.4%,1.5%,38100.0
2026-05-17,신중히 매수,현대코퍼레이션,011760,거래가 조용해져 다음 움직임을 준비하는 모습입니다.,100.0%,19.1%,27950.0
2026-05-17,신중히 매수,삼성FN리츠,448730,거래가 조용해져 다음 움직임을 준비하는 모습입니다.,84.2%,17.8%,5470.0
2026-05-17,신중히 매수,KPX홀딩스,092230,바닥권 반등 신호(BB 하단),52.8%,1.8%,85200.0
2026-05-17,신중히 매수,상상인증권,001290,거래가 조용해져 다음 움직임을 준비하는 모습입니다.,59.4%,9.1%,1120.0
2026-05-17,신중히 매수,SJM홀딩스,025530,과매도 반등 신호,50.0%,-2.5%,3705.0
2026-05-17,신중히 매수,태양금속,004100,과매도 반등 신호,71.4%,5.8%,2740.0
2026-05-17,신중히 매수,삼성제약,001360,과매도 반등 신호,69.0%,6.9%,1701.0
2026-05-17,신중히 매수,우진플라임,049800,거래가 조용해져 다음 움직임을 준비하는 모습입니다.,77.8%,7.0%,2380.0
2026-05-17,신중히 매수,현대비앤지스틸,004560,거래가 조용해져 다음 움직임을 준비하는 모습입니다.,67.7%,4.0%,16590.0
2026-05-17,신중히 매수,S-Oil,010950,과매도 반등 신호,71.4%,8.4%,112100.0
2026-05-17,추가 확인 후 매수,주성코퍼레이션,109070,"거래가 조용해져 다음 움직임을 준비하는 모습입니다., 거래가 조용해지며 다음 변동성을 준비하는 구간입니다.",40.0%,12.5%,1591.0
2026-05-17,추가 확인 후 매수,한화엔진,082740,거래가 조용해져 다음 움직임을 준비하는 모습입니다.,46.9%,10.9%,71600.0
2026-05-17,추가 확인 후 매수,AMAT,AMAT,최근 급등 뒤 숨고르기 구간에 진입했습니다.,41.5%,0.9%,436.6199951171875
2026-05-17,추가 확인 후 매수,애경케미칼,161000,"거래가 조용해져 다음 움직임을 준비하는 모습입니다., 거래가 조용해지며 다음 변동성을 준비하는 구간입니다.",40.0%,1.1%,13430.0
2026-05-17,추가 확인 후 매수,WMT,WMT,거래가 조용해지며 다음 변동성을 준비하는 구간입니다.,42.9%,-0.7%,131.4499969482422
2026-05-17,추가 확인 후 매수,케이씨,029460,"거래가 조용해져 다음 움직임을 준비하는 모습입니다., 거래가 조용해지며 다음 변동성을 준비하는 구간입니다.",42.9%,3.5%,37400.0
2026-05-17,추가 확인 후 매수,동원금속,018500,거래가 조용해지며 다음 변동성을 준비하는 구간입니다.,40.9%,-0.9%,1751.0
2026-05-17,추가 확인 후 매수,한국금융지주,071050,거래가 조용해지며 다음 변동성을 준비하는 구간입니다.,48.3%,2.3%,258000.0
2026-05-17,추가 확인 후 매수,한화갤러리아우,45226K,과매도 반등 신호,43.9%,4.3%,7200.0
2026-05-17,추가 확인 후 매수,NH투자증권우,005945,거래가 조용해지며 다음 변동성을 준비하는 구간입니다.,48.5%,0.3%,26150.0
2026-05-17,추가 확인 후 매수,DYP,092780,거래가 조용해지며 다음 변동성을 준비하는 구간입니다.,48.8%,1.1%,4925.0
2026-05-17,추가 확인 후 매수,현대홈쇼핑,057050,거래가 조용해지며 다음 변동성을 준비하는 구간입니다.,42.9%,-1.7%,86400.0
2026-05-17,추가 확인 후 매수,하나금융지주,086790,거래가 조용해지며 다음 변동성을 준비하는 구간입니다.,44.8%,1.0%,119000.0
2026-05-17,추가 확인 후 매수,넥센,005720,거래가 조용해지며 다음 변동성을 준비하는 구간입니다.,46.2%,-2.6%,6970.0
2026-05-17,추가 확인 후 매수,유니드,014830,과매도 반등 신호,43.3%,-0.5%,79000.0
2026-05-17,추가 확인 후 매수,유엔젤,072130,"RSI 반전 신호(상승 가능성), 거래가 조용해져 다음 움직임을 준비하는 모습입니다.",50.0%,0.3%,4785.0
2026-05-17,추가 확인 후 매수,무림P&amp;P,009580,"거래가 조용해져 다음 움직임을 준비하는 모습입니다., 과매도 반등 신호",58.3%,14.0%,2455.0
2026-05-17,추가 확인 후 매수,제일약품,271980,거래가 조용해지며 다음 변동성을 준비하는 구간입니다.,69.2%,3.6%,13800.0
2026-05-17,추가 확인 후 매수,무림페이퍼,009200,거래가 조용해져 다음 움직임을 준비하는 모습입니다.,100.0%,8.1%,1863.0
2026-05-17,추가 확인 후 매수,케이비아이동국실업,001620,거래가 조용해져 다음 움직임을 준비하는 모습입니다.,43.2%,1.0%,3210.0
2026-05-18,신중히 매수,광전자,017900,거래가 조용해지며 다음 변동성을 준비하는 구간입니다.,60.0%,8.0%,10800.0
2026-05-18,신중히 매수,대우건설,047040,거래가 조용해지며 다음 변동성을 준비하는 구간입니다.,57.9%,18.9%,29300.0
2026-05-18,신중히 매수,한솔테크닉스,004710,최근 급등 뒤 숨고르기 구간에 진입했습니다.,75.0%,20.8%,13890.0
2026-05-18,신중히 매수,계양전기우,012205,최근 급등 뒤 숨고르기 구간에 진입했습니다.,56.5%,21.9%,13420.0
2026-05-18,신중히 매수,DN오토모티브,007340,최근 급등 뒤 숨고르기 구간에 진입했습니다.,83.3%,12.1%,48700.0
2026-05-18,신중히 매수,비에이치,090460,거래가 조용해지며 다음 변동성을 준비하는 구간입니다.,73.9%,17.5%,32350.0
2026-05-18,신중히 매수,넥스틸,092790,"최근 급등 뒤 숨고르기 구간에 진입했습니다., 과매도 반등 신호",100.0%,22.6%,18930.0
2026-05-18,신중히 매수,삼성SDI,006400,거래가 조용해져 다음 움직임을 준비하는 모습입니다.,78.1%,17.4%,613000.0
2026-05-18,신중히 매수,OCI,456040,거래가 조용해져 다음 움직임을 준비하는 모습입니다.,72.0%,21.0%,124500.0
2026-05-18,신중히 매수,코리아써키트2우B,00781K,최근 급등 뒤 숨고르기 구간에 진입했습니다.,64.5%,11.1%,19090.0
2026-05-18,신중히 매수,퍼스텍,010820,거래가 조용해져 다음 움직임을 준비하는 모습입니다.,62.5%,10.3%,11810.0
2026-05-18,신중히 매수,GS글로벌,001250,거래가 조용해져 다음 움직임을 준비하는 모습입니다.,73.7%,17.5%,3785.0
2026-05-18,신중히 매수,포스코스틸리온,058430,거래가 조용해져 다음 움직임을 준비하는 모습입니다.,92.6%,20.5%,6740.0
2026-05-18,신중히 매수,동국제강,460860,"거래가 조용해져 다음 움직임을 준비하는 모습입니다., 과매도 반등 신호",94.1%,28.8%,13000.0
2026-05-18,신중히 매수,테이팩스,055490,"거래량 급증, 과매도 반등 신호",72.2%,12.6%,21900.0
2026-05-18,신중히 매수,삼성전자,005930,최근 급등 뒤 숨고르기 구간에 진입했습니다.,89.7%,20.6%,281000.0
2026-05-18,신중히 매수,AAPL,AAPL,최근 급등 뒤 숨고르기 구간에 진입했습니다.,74.1%,5.8%,297.8399963378906
2026-05-18,신중히 매수,에이피알,278470,거래가 조용해지며 다음 변동성을 준비하는 구간입니다.,61.9%,8.3%,402000.0
2026-05-18,신중히 매수,솔루스첨단소재,336370,거래가 조용해져 다음 움직임을 준비하는 모습입니다.,62.5%,17.0%,11130.0
2026-05-18,신중히 매수,삼화콘덴서,001820,과매도 반등 신호,53.3%,2.6%,62500.0
2026-05-18,신중히 매수,휴스틸,005010,과매도 반등 신호,81.8%,15.4%,5810.0
2026-05-18,신중히 매수,LX하우시스,108670,최근 급등 뒤 숨고르기 구간에 진입했습니다.,62.5%,8.8%,38400.0
2026-05-18,신중히 매수,이수화학,005950,"거래가 조용해져 다음 움직임을 준비하는 모습입니다., 과매도 반등 신호",57.6%,14.7%,10790.0
2026-05-18,신중히 매수,삼성SDI우,006405,거래가 조용해져 다음 움직임을 준비하는 모습입니다.,90.3%,28.4%,304500.0
2026-05-18,신중히 매수,TCC스틸,002710,과매도 반등 신호,66.7%,13.2%,16500.0
2026-05-18,신중히 매수,명신산업,009900,거래가 조용해져 다음 움직임을 준비하는 모습입니다.,81.5%,24.4%,10990.0
2026-05-18,신중히 매수,DSR제강,069730,바닥권 반등 신호(BB 하단),50.0%,2.2%,5320.0
2026-05-18,신중히 매수,문배철강,008420,거래가 조용해져 다음 움직임을 준비하는 모습입니다.,92.3%,20.5%,2430.0
2026-05-18,신중히 매수,한섬,020000,거래가 조용해지며 다음 변동성을 준비하는 구간입니다.,55.6%,1.5%,26700.0
2026-05-18,신중히 매수,GS,078930,과매도 반등 신호,68.0%,8.0%,74800.0
2026-05-18,신중히 매수,에이엔피,015260,"거래가 조용해져 다음 움직임을 준비하는 모습입니다., 거래가 조용해지며 다음 변동성을 준비하는 구간입니다.",54.8%,7.0%,625.0
2026-05-18,신중히 매수,솔루스첨단소재1우,33637K,"거래가 조용해져 다음 움직임을 준비하는 모습입니다., 과매도 반등 신호",77.8%,14.5%,2160.0
2026-05-18,신중히 매수,화승코퍼레이션,013520,최근 급등 뒤 숨고르기 구간에 진입했습니다.,67.6%,7.9%,3175.0
2026-05-18,신중히 매수,한양증권,001750,과매도 반등 신호,66.7%,7.6%,24900.0
2026-05-18,신중히 매수,한화리츠,451800,RSI 반전 신호(상승 가능성),95.8%,17.9%,5300.0
2026-05-18,신중히 매수,삼성FN리츠,448730,거래가 조용해져 다음 움직임을 준비하는 모습입니다.,84.2%,17.8%,5320.0
2026-05-18,신중히 매수,상상인증권,001290,거래가 조용해져 다음 움직임을 준비하는 모습입니다.,57.6%,8.5%,1173.0
2026-05-18,신중히 매수,현대위아,011210,최근 급등 뒤 숨고르기 구간에 진입했습니다.,70.0%,6.5%,89000.0
2026-05-18,신중히 매수,자이에스앤디,317400,과매도 반등 신호,54.2%,2.5%,4155.0
2026-05-18,신중히 매수,강남제비스코,000860,거래가 조용해져 다음 움직임을 준비하는 모습입니다.,55.9%,4.7%,15090.0
2026-05-18,신중히 매수,S-Oil,010950,최근 급등 뒤 숨고르기 구간에 진입했습니다.,71.4%,8.4%,111500.0
2026-05-18,추가 확인 후 매수,한화엔진,082740,거래가 조용해져 다음 움직임을 준비하는 모습입니다.,45.5%,10.3%,68400.0
2026-05-18,추가 확인 후 매수,WMT,WMT,거래가 조용해지며 다음 변동성을 준비하는 구간입니다.,41.4%,-0.9%,133.33999633789062
2026-05-18,추가 확인 후 매수,남선알미늄,008350,거래가 조용해지며 다음 변동성을 준비하는 구간입니다.,47.8%,4.3%,1750.0
2026-05-18,추가 확인 후 매수,케이씨,029460,거래가 조용해지며 다음 변동성을 준비하는 구간입니다.,41.4%,3.1%,36050.0
2026-05-18,추가 확인 후 매수,DSR,155660,바닥권 반등 신호(BB 하단),40.0%,-0.7%,4450.0
2026-05-18,추가 확인 후 매수,미원화학,134380,거래가 조용해져 다음 움직임을 준비하는 모습입니다.,48.6%,4.6%,12200.0
2026-05-18,추가 확인 후 매수,현대홈쇼핑,057050,거래가 조용해지며 다음 변동성을 준비하는 구간입니다.,45.7%,-1.2%,84800.0
2026-05-18,추가 확인 후 매수,포스코인터내셔널,047050,과매도 반등 신호,46.2%,-0.1%,71300.0
2026-05-18,추가 확인 후 매수,DYP,092780,거래가 조용해지며 다음 변동성을 준비하는 구간입니다.,48.8%,1.1%,4950.0
2026-05-18,추가 확인 후 매수,KG케미칼,001390,과매도 반등 신호,46.2%,3.5%,5340.0
2026-05-18,추가 확인 후 매수,현대코퍼레이션홀딩스,227840,최근 급등 뒤 숨고르기 구간에 진입했습니다.,40.0%,-1.0%,12930.0
2026-05-18,추가 확인 후 매수,디와이파워,210540,과매도 반등 신호,45.5%,1.2%,14110.0
2026-05-18,추가 확인 후 매수,GS우,078935,거래가 조용해지며 다음 변동성을 준비하는 구간입니다.,41.4%,-2.1%,56800.0
2026-05-18,추가 확인 후 매수,넥센,005720,거래가 조용해지며 다음 변동성을 준비하는 구간입니다.,44.4%,-2.9%,6920.0
2026-05-18,추가 확인 후 매수,현대차3우B,005389,최근 급등 뒤 숨고르기 구간에 진입했습니다.,48.7%,-1.0%,257500.0
2026-05-18,추가 확인 후 매수,현대차2우B,005387,최근 급등 뒤 숨고르기 구간에 진입했습니다.,46.5%,-0.7%,270000.0
2026-05-18,추가 확인 후 매수,무림P&amp;P,009580,거래가 조용해져 다음 움직임을 준비하는 모습입니다.,58.3%,14.0%,2385.0
2026-05-18,추가 확인 후 매수,제일약품,271980,거래가 조용해지며 다음 변동성을 준비하는 구간입니다.,69.2%,3.6%,13970.0
2026-05-18,추가 확인 후 매수,일진다이아,081000,"바닥권 반등 신호(BB 하단), 과매도 반등 신호",43.5%,-1.1%,12800.0
2026-05-18,추가 확인 후 매수,무림페이퍼,009200,거래가 조용해져 다음 움직임을 준비하는 모습입니다.,100.0%,8.1%,1802.0
2026-05-19,신중히 매수,INTC,INTC,거래가 조용해져 다음 움직임을 준비하는 모습입니다.,77.8%,16.2%,110.80000305175781
2026-05-19,신중히 매수,대원전선,006340,거래가 조용해져 다음 움직임을 준비하는 모습입니다.,88.0%,41.6%,14080.0
2026-05-19,신중히 매수,삼성전기우,009155,최근 급등 뒤 숨고르기 구간에 진입했습니다.,92.9%,36.3%,377000.0
2026-05-19,신중히 매수,비에이치,090460,거래가 조용해지며 다음 변동성을 준비하는 구간입니다.,52.2%,10.6%,34250.0
2026-05-19,신중히 매수,OCI홀딩스,010060,거래가 조용해져 다음 움직임을 준비하는 모습입니다.,50.0%,6.8%,294500.0
2026-05-19,신중히 매수,DN오토모티브,007340,최근 급등 뒤 숨고르기 구간에 진입했습니다.,89.5%,26.6%,46050.0
2026-05-19,신중히 매수,산일전기,062040,거래가 조용해져 다음 움직임을 준비하는 모습입니다.,91.7%,36.9%,245500.0
2026-05-19,신중히 매수,대덕,008060,최근 급등 뒤 숨고르기 구간에 진입했습니다.,84.2%,18.4%,19500.0
2026-05-19,신중히 매수,CAT,CAT,거래가 조용해지며 다음 변동성을 준비하는 구간입니다.,60.0%,4.9%,860.1500244140625
2026-05-19,신중히 매수,코스맥스비티아이,044820,최근 급등 뒤 숨고르기 구간에 진입했습니다.,72.7%,13.6%,20150.0
2026-05-19,신중히 매수,SK우,03473K,최근 급등 뒤 숨고르기 구간에 진입했습니다.,100.0%,31.9%,380000.0
2026-05-19,신중히 매수,삼성전자,005930,최근 급등 뒤 숨고르기 구간에 진입했습니다.,93.3%,27.0%,275500.0
2026-05-19,신중히 매수,GS글로벌,001250,"거래가 조용해져 다음 움직임을 준비하는 모습입니다., 거래가 조용해지며 다음 변동성을 준비하는 구간입니다.",90.0%,19.9%,3680.0
2026-05-19,신중히 매수,삼성SDI,006400,거래가 조용해져 다음 움직임을 준비하는 모습입니다.,78.8%,22.1%,587000.0
2026-05-19,신중히 매수,OCI,456040,거래가 조용해져 다음 움직임을 준비하는 모습입니다.,73.1%,19.7%,118900.0
2026-05-19,신중히 매수,포스코스틸리온,058430,거래가 조용해져 다음 움직임을 준비하는 모습입니다.,89.3%,18.9%,6490.0
2026-05-19,신중히 매수,AAPL,AAPL,최근 급등 뒤 숨고르기 구간에 진입했습니다.,74.1%,5.8%,298.9700012207031
2026-05-19,신중히 매수,해성디에스,195870,최근 급등 뒤 숨고르기 구간에 진입했습니다.,54.5%,10.8%,81000.0
2026-05-19,신중히 매수,한화엔진,082740,거래가 조용해져 다음 움직임을 준비하는 모습입니다.,58.8%,12.3%,66300.0
2026-05-19,신중히 매수,KEC,092220,"거래가 조용해져 다음 움직임을 준비하는 모습입니다., 거래가 조용해지며 다음 변동성을 준비하는 구간입니다.",56.7%,1.2%,1838.0
2026-05-19,신중히 매수,에이블씨엔씨,078520,거래가 조용해지며 다음 변동성을 준비하는 구간입니다.,77.8%,12.3%,13710.0
2026-05-19,신중히 매수,남선알미늄,008350,거래가 조용해지며 다음 변동성을 준비하는 구간입니다.,50.0%,5.1%,1740.0
2026-05-19,신중히 매수,동국제강,460860,거래가 조용해져 다음 움직임을 준비하는 모습입니다.,88.9%,26.5%,11870.0
2026-05-19,신중히 매수,솔루스첨단소재,336370,거래가 조용해져 다음 움직임을 준비하는 모습입니다.,68.0%,17.9%,10620.0
2026-05-19,신중히 매수,퍼스텍,010820,거래가 조용해져 다음 움직임을 준비하는 모습입니다.,72.7%,18.5%,11230.0
2026-05-19,신중히 매수,알루코,001780,거래가 조용해져 다음 움직임을 준비하는 모습입니다.,52.9%,4.1%,2545.0
2026-05-19,신중히 매수,LX하우시스,108670,거래가 조용해져 다음 움직임을 준비하는 모습입니다.,81.2%,11.4%,35100.0
2026-05-19,신중히 매수,삼성SDI우,006405,거래가 조용해져 다음 움직임을 준비하는 모습입니다.,90.6%,27.5%,290000.0
2026-05-19,신중히 매수,롯데정밀화학,004000,과매도 반등 신호,85.0%,19.9%,54400.0
2026-05-19,신중히 매수,한일철강,002220,최근 급등 뒤 숨고르기 구간에 진입했습니다.,78.3%,18.4%,4650.0
2026-05-19,신중히 매수,문배철강,008420,거래가 조용해져 다음 움직임을 준비하는 모습입니다.,92.9%,19.6%,2340.0
2026-05-19,신중히 매수,동국씨엠,460850,거래가 조용해져 다음 움직임을 준비하는 모습입니다.,88.2%,14.7%,5960.0
2026-05-19,신중히 매수,한화리츠,451800,거래가 조용해져 다음 움직임을 준비하는 모습입니다.,95.8%,17.9%,5200.0
2026-05-19,신중히 매수,제이에스코퍼레이션,194370,과매도 반등 신호,52.0%,3.9%,12060.0
2026-05-19,신중히 매수,삼성FN리츠,448730,거래가 조용해져 다음 움직임을 준비하는 모습입니다.,80.0%,14.7%,5220.0
2026-05-19,신중히 매수,상상인증권,001290,과매도 반등 신호,61.8%,7.0%,1118.0
2026-05-19,추가 확인 후 매수,애경케미칼,161000,거래가 조용해져 다음 움직임을 준비하는 모습입니다.,47.1%,0.2%,13340.0
2026-05-19,추가 확인 후 매수,코오롱인더,120110,과매도 반등 신호,41.7%,-1.9%,74600.0
2026-05-19,추가 확인 후 매수,한진중공업홀딩스,003480,최근 급등 뒤 숨고르기 구간에 진입했습니다.,40.0%,-2.1%,5640.0
2026-05-19,추가 확인 후 매수,LIG디펜스앤에어로스페이스,079550,RSI 반전 신호(상승 가능성),48.4%,1.4%,862000.0
2026-05-19,추가 확인 후 매수,무림P&amp;P,009580,거래가 조용해져 다음 움직임을 준비하는 모습입니다.,58.3%,9.8%,2360.0
2026-05-19,추가 확인 후 매수,이리츠코크렙,088260,RSI 반전 신호(상승 가능성),40.0%,-2.1%,4195.0
2026-05-19,추가 확인 후 매수,에코프로머티,450080,과매도 반등 신호,57.7%,2.9%,61200.0
2026-05-19,추가 확인 후 매수,삼화전기,009470,과매도 반등 신호,40.6%,-2.8%,33300.0
2026-05-20,신중히 매수,LG이노텍,011070,최근 급등 뒤 숨고르기 구간에 진입했습니다.,94.4%,26.4%,760000.0
2026-05-20,신중히 매수,선도전기,007610,거래가 조용해져 다음 움직임을 준비하는 모습입니다.,50.0%,2.1%,8850.0
2026-05-20,신중히 매수,INTC,INTC,"거래가 조용해져 다음 움직임을 준비하는 모습입니다., 최근 급등 뒤 숨고르기 구간에 진입했습니다.",77.8%,16.2%,118.95999908447266
2026-05-20,신중히 매수,삼아알미늄,006110,거래가 조용해지며 다음 변동성을 준비하는 구간입니다.,66.7%,9.1%,83100.0
2026-05-20,신중히 매수,대원전선,006340,거래가 조용해져 다음 움직임을 준비하는 모습입니다.,87.5%,42.0%,13540.0
2026-05-20,신중히 매수,AMD,AMD,"거래가 조용해져 다음 움직임을 준비하는 모습입니다., 최근 급등 뒤 숨고르기 구간에 진입했습니다.",91.3%,17.2%,447.5799865722656
2026-05-20,신중히 매수,LS,006260,거래가 조용해져 다음 움직임을 준비하는 모습입니다.,88.9%,25.7%,500000.0
2026-05-20,신중히 매수,SK스퀘어,402340,거래가 조용해져 다음 움직임을 준비하는 모습입니다.,58.8%,18.1%,1029000.0
2026-05-20,신중히 매수,이수화학,005950,거래량 급증,55.9%,10.4%,14080.0
2026-05-20,신중히 매수,HD현대에너지솔루션,322000,거래가 조용해지며 다음 변동성을 준비하는 구간입니다.,65.4%,15.5%,179000.0
2026-05-20,신중히 매수,SK,034730,거래가 조용해져 다음 움직임을 준비하는 모습입니다.,93.3%,42.0%,526000.0
2026-05-20,신중히 매수,넥스틸,092790,거래가 조용해지며 다음 변동성을 준비하는 구간입니다.,80.0%,17.1%,17730.0
2026-05-20,신중히 매수,SK우,03473K,거래가 조용해져 다음 움직임을 준비하는 모습입니다.,100.0%,32.5%,372500.0
2026-05-20,신중히 매수,삼성생명,032830,최근 급등 뒤 숨고르기 구간에 진입했습니다.,95.2%,31.7%,312000.0
2026-05-20,신중히 매수,CAT,CAT,"거래가 조용해져 다음 움직임을 준비하는 모습입니다., 거래가 조용해지며 다음 변동성을 준비하는 구간입니다.",60.0%,4.9%,872.5599975585938
2026-05-20,신중히 매수,AAPL,AAPL,최근 급등 뒤 숨고르기 구간에 진입했습니다.,71.4%,5.4%,302.25
2026-05-20,신중히 매수,삼성SDI,006400,거래가 조용해지며 다음 변동성을 준비하는 구간입니다.,75.8%,21.1%,570000.0
2026-05-20,신중히 매수,삼성전자우,005935,거래가 조용해져 다음 움직임을 준비하는 모습입니다.,71.4%,14.3%,177800.0
2026-05-20,신중히 매수,한화엔진,082740,"거래가 조용해져 다음 움직임을 준비하는 모습입니다., 과매도 반등 신호",58.8%,12.0%,69600.0
2026-05-20,신중히 매수,코스맥스비티아이,044820,최근 급등 뒤 숨고르기 구간에 진입했습니다.,72.7%,13.6%,19320.0
2026-05-20,신중히 매수,OCI,456040,거래가 조용해져 다음 움직임을 준비하는 모습입니다.,69.2%,17.9%,111000.0
2026-05-20,신중히 매수,GS리테일,007070,최근 급등 뒤 숨고르기 구간에 진입했습니다.,94.4%,21.3%,26250.0
2026-05-20,신중히 매수,포스코스틸리온,058430,거래가 조용해져 다음 움직임을 준비하는 모습입니다.,85.7%,17.7%,6130.0
2026-05-20,신중히 매수,경인양행,012610,과매도 반등 신호,62.9%,12.3%,5550.0
2026-05-20,신중히 매수,GS글로벌,001250,"거래가 조용해져 다음 움직임을 준비하는 모습입니다., 거래가 조용해지며 다음 변동성을 준비하는 구간입니다.",85.7%,18.0%,3555.0
2026-05-20,신중히 매수,코리아써우,007815,바닥권 반등 신호(BB 하단),66.7%,6.8%,19090.0
2026-05-20,신중히 매수,에이블씨엔씨,078520,거래가 조용해지며 다음 변동성을 준비하는 구간입니다.,76.5%,11.3%,13280.0
2026-05-20,신중히 매수,대덕1우,00806K,거래가 조용해지며 다음 변동성을 준비하는 구간입니다.,70.8%,9.1%,12360.0
2026-05-20,신중히 매수,동국제강,460860,거래가 조용해져 다음 움직임을 준비하는 모습입니다.,84.2%,24.1%,11310.0
2026-05-20,신중히 매수,퍼스텍,010820,거래가 조용해져 다음 움직임을 준비하는 모습입니다.,69.7%,16.9%,10920.0
2026-05-20,신중히 매수,LX하우시스,108670,거래가 조용해져 다음 움직임을 준비하는 모습입니다.,76.5%,9.6%,34200.0
2026-05-20,신중히 매수,삼성증권,016360,거래가 조용해져 다음 움직임을 준비하는 모습입니다.,96.3%,28.5%,112700.0
2026-05-20,신중히 매수,KG스틸,016380,최근 급등 뒤 숨고르기 구간에 진입했습니다.,75.0%,11.0%,6570.0
2026-05-20,신중히 매수,한일철강,002220,과매도 반등 신호,81.8%,20.1%,4550.0
2026-05-20,신중히 매수,휴스틸,005010,거래가 조용해져 다음 움직임을 준비하는 모습입니다.,75.0%,14.7%,5480.0
2026-05-20,신중히 매수,자화전자,033240,거래가 조용해지며 다음 변동성을 준비하는 구간입니다.,64.7%,12.8%,45000.0
2026-05-20,신중히 매수,문배철강,008420,거래가 조용해져 다음 움직임을 준비하는 모습입니다.,86.7%,16.9%,2300.0
2026-05-20,신중히 매수,서원,021050,거래가 조용해져 다음 움직임을 준비하는 모습입니다.,88.5%,19.6%,1431.0
2026-05-20,신중히 매수,WISCOM,024070,거래가 조용해져 다음 움직임을 준비하는 모습입니다.,89.5%,15.1%,1983.0
2026-05-20,신중히 매수,고려제강,002240,과매도 반등 신호,64.9%,5.4%,21000.0
2026-05-20,신중히 매수,동국씨엠,460850,거래가 조용해져 다음 움직임을 준비하는 모습입니다.,83.3%,12.8%,5710.0
2026-05-20,신중히 매수,한화리츠,451800,거래가 조용해져 다음 움직임을 준비하는 모습입니다.,91.7%,16.5%,4980.0
2026-05-20,신중히 매수,삼성FN리츠,448730,거래가 조용해져 다음 움직임을 준비하는 모습입니다.,76.2%,13.0%,5090.0
2026-05-20,신중히 매수,상상인증권,001290,거래가 조용해져 다음 움직임을 준비하는 모습입니다.,60.0%,6.2%,1088.0
2026-05-20,신중히 매수,KEC,092220,"거래가 조용해져 다음 움직임을 준비하는 모습입니다., 거래가 조용해지며 다음 변동성을 준비하는 구간입니다.",54.8%,0.5%,6440.0
2026-05-20,신중히 매수,남해화학,025860,거래가 조용해져 다음 움직임을 준비하는 모습입니다.,81.0%,20.6%,7690.0
2026-05-20,신중히 매수,에이엔피,015260,과매도 반등 신호,51.5%,1.6%,578.0
2026-05-20,추가 확인 후 매수,애경케미칼,161000,거래가 조용해져 다음 움직임을 준비하는 모습입니다.,44.4%,-1.0%,14510.0
2026-05-20,추가 확인 후 매수,한진중공업홀딩스,003480,과매도 반등 신호,40.0%,-2.1%,5460.0
2026-05-20,추가 확인 후 매수,현대코퍼레이션,011760,과매도 반등 신호,42.9%,-1.3%,26500.0
2026-05-20,추가 확인 후 매수,무림P&amp;P,009580,거래가 조용해져 다음 움직임을 준비하는 모습입니다.,58.3%,9.8%,2245.0
2026-05-20,추가 확인 후 매수,우진플라임,049800,과매도 반등 신호,62.1%,4.2%,2245.0
2026-05-21,신중히 매수,선도전기,007610,"거래가 조용해져 다음 움직임을 준비하는 모습입니다., 최근 급등 뒤 숨고르기 구간에 진입했습니다.",50.0%,2.1%,11500.0
2026-05-21,신중히 매수,대원전선,006340,거래가 조용해져 다음 움직임을 준비하는 모습입니다.,84.0%,39.5%,15220.0
2026-05-21,신중히 매수,삼아알미늄,006110,거래가 조용해지며 다음 변동성을 준비하는 구간입니다.,66.7%,9.1%,83100.0
2026-05-21,신중히 매수,INTC,INTC,"거래가 조용해지며 다음 변동성을 준비하는 구간입니다., 과매도 반등 신호",75.7%,15.2%,118.5
2026-05-21,신중히 매수,AMD,AMD,"거래가 조용해져 다음 움직임을 준비하는 모습입니다., 최근 급등 뒤 숨고르기 구간에 진입했습니다.",91.3%,17.2%,449.5899963378906
2026-05-21,신중히 매수,대덕전자,353200,최근 급등 뒤 숨고르기 구간에 진입했습니다.,83.3%,22.4%,146400.0
2026-05-21,신중히 매수,LS,006260,"거래가 조용해져 다음 움직임을 준비하는 모습입니다., 과매도 반등 신호",88.9%,25.7%,521000.0
2026-05-21,신중히 매수,SK스퀘어,402340,"거래가 조용해져 다음 움직임을 준비하는 모습입니다., 최근 급등 뒤 숨고르기 구간에 진입했습니다.",58.8%,18.1%,1179000.0
2026-05-21,신중히 매수,SK하이닉스,000660,최근 급등 뒤 숨고르기 구간에 진입했습니다.,90.5%,34.1%,1940000.0
2026-05-21,신중히 매수,DB하이텍,000990,최근 급등 뒤 숨고르기 구간에 진입했습니다.,92.9%,39.4%,181000.0
2026-05-21,신중히 매수,산일전기,062040,과매도 반등 신호,83.3%,32.3%,276000.0
2026-05-21,신중히 매수,LS ELECTRIC,010120,"거래가 조용해져 다음 움직임을 준비하는 모습입니다., 과매도 반등 신호",91.7%,32.4%,271500.0
2026-05-21,신중히 매수,HD현대에너지솔루션,322000,거래가 조용해지며 다음 변동성을 준비하는 구간입니다.,65.4%,15.5%,186400.0
2026-05-21,신중히 매수,삼성E&amp;A,028050,과매도 반등 신호,70.4%,14.9%,51300.0
2026-05-21,신중히 매수,SK,034730,거래가 조용해져 다음 움직임을 준비하는 모습입니다.,93.3%,42.0%,576000.0
2026-05-21,신중히 매수,삼성전자,005930,"거래가 조용해져 다음 움직임을 준비하는 모습입니다., 최근 급등 뒤 숨고르기 구간에 진입했습니다.",86.7%,23.9%,299500.0
2026-05-21,신중히 매수,SK우,03473K,거래가 조용해져 다음 움직임을 준비하는 모습입니다.,94.1%,29.4%,394000.0
2026-05-21,신중히 매수,CAT,CAT,"거래가 조용해져 다음 움직임을 준비하는 모습입니다., 거래가 조용해지며 다음 변동성을 준비하는 구간입니다.",58.5%,4.6%,865.9500122070312
2026-05-21,신중히 매수,효성,004800,"거래가 조용해져 다음 움직임을 준비하는 모습입니다., 과매도 반등 신호",85.0%,24.1%,219000.0
2026-05-21,신중히 매수,넥스틸,092790,"거래가 조용해져 다음 움직임을 준비하는 모습입니다., 거래가 조용해지며 다음 변동성을 준비하는 구간입니다.",80.0%,17.1%,17450.0
2026-05-21,신중히 매수,효성중공업,298040,"거래가 조용해져 다음 움직임을 준비하는 모습입니다., 과매도 반등 신호",88.9%,29.5%,3929000.0
2026-05-21,신중히 매수,진흥기업,002780,"거래가 조용해져 다음 움직임을 준비하는 모습입니다., 과매도 반등 신호",88.5%,26.5%,1085.0
2026-05-21,신중히 매수,삼성SDI,006400,"거래가 조용해지며 다음 변동성을 준비하는 구간입니다., 과매도 반등 신호",72.7%,19.5%,616000.0
2026-05-21,신중히 매수,롯데에너지머티리얼즈,020150,과매도 반등 신호,75.0%,22.5%,57700.0
2026-05-21,신중히 매수,AAPL,AAPL,거래가 조용해져 다음 움직임을 준비하는 모습입니다.,72.4%,5.5%,304.989990234375
2026-05-21,신중히 매수,두산,000150,"거래가 조용해지며 다음 변동성을 준비하는 구간입니다., 과매도 반등 신호",93.3%,43.4%,1600000.0
2026-05-21,신중히 매수,한화엔진,082740,거래가 조용해져 다음 움직임을 준비하는 모습입니다.,58.8%,12.0%,72600.0
2026-05-21,신중히 매수,수산세보틱스,017550,과매도 반등 신호,57.1%,5.4%,2750.0
2026-05-21,신중히 매수,069500,069500,최근 급등 뒤 숨고르기 구간에 진입했습니다.,95.7%,24.0%,123060.0
2026-05-21,신중히 매수,포스코스틸리온,058430,"거래가 조용해져 다음 움직임을 준비하는 모습입니다., 과매도 반등 신호",82.1%,16.5%,6460.0
2026-05-21,신중히 매수,SKC,011790,과매도 반등 신호,66.7%,15.5%,136600.0
2026-05-21,신중히 매수,OCI,456040,거래가 조용해져 다음 움직임을 준비하는 모습입니다.,65.4%,16.3%,116700.0
2026-05-21,신중히 매수,달바글로벌,483650,거래가 조용해지며 다음 변동성을 준비하는 구간입니다.,83.3%,18.2%,212500.0
2026-05-21,신중히 매수,GS글로벌,001250,"거래가 조용해져 다음 움직임을 준비하는 모습입니다., 거래가 조용해지며 다음 변동성을 준비하는 구간입니다.",81.8%,16.3%,3560.0
2026-05-21,신중히 매수,삼성전자우,005935,거래가 조용해져 다음 움직임을 준비하는 모습입니다.,71.4%,14.3%,187800.0
2026-05-21,신중히 매수,STX엔진,077970,과매도 반등 신호,53.6%,11.9%,45300.0
2026-05-21,신중히 매수,퍼스텍,010820,"거래가 조용해져 다음 움직임을 준비하는 모습입니다., 과매도 반등 신호",66.7%,15.2%,11060.0
2026-05-21,신중히 매수,삼성SDI우,006405,과매도 반등 신호,84.4%,24.4%,307500.0
2026-05-21,신중히 매수,동국제강,460860,거래가 조용해져 다음 움직임을 준비하는 모습입니다.,80.0%,21.9%,11780.0
2026-05-21,신중히 매수,SK텔레콤,017670,최근 급등 뒤 숨고르기 구간에 진입했습니다.,71.4%,13.2%,102800.0
2026-05-21,신중히 매수,코리아써우,007815,바닥권 반등 신호(BB 하단),66.7%,6.8%,19990.0
2026-05-21,신중히 매수,삼성증권,016360,거래가 조용해져 다음 움직임을 준비하는 모습입니다.,96.3%,28.5%,122400.0
2026-05-21,신중히 매수,POSCO홀딩스,005490,과매도 반등 신호,100.0%,29.6%,443500.0
2026-05-21,신중히 매수,LX하우시스,108670,"거래가 조용해져 다음 움직임을 준비하는 모습입니다., 과매도 반등 신호",72.2%,7.9%,35800.0
2026-05-21,신중히 매수,대덕1우,00806K,"최근 급등 뒤 숨고르기 구간에 진입했습니다., 거래가 조용해지며 다음 변동성을 준비하는 구간입니다.",69.6%,9.0%,12920.0
2026-05-21,신중히 매수,두산우,000155,"바닥권 반등 신호(BB 하단), 과매도 반등 신호",86.7%,24.3%,627000.0
2026-05-21,신중히 매수,휴스틸,005010,거래가 조용해져 다음 움직임을 준비하는 모습입니다.,75.0%,14.7%,5500.0
2026-05-21,신중히 매수,HD건설기계,267270,과매도 반등 신호,60.7%,14.6%,159300.0
2026-05-21,신중히 매수,HD현대일렉트릭,267260,과매도 반등 신호,88.2%,26.9%,1136000.0
2026-05-21,신중히 매수,NC,036570,거래가 조용해지며 다음 변동성을 준비하는 구간입니다.,57.7%,2.2%,263000.0
2026-05-21,신중히 매수,두산로보틱스,454910,최근 급등 뒤 숨고르기 구간에 진입했습니다.,64.7%,10.1%,107600.0
2026-05-21,신중히 매수,SK증권우,001515,거래가 조용해져 다음 움직임을 준비하는 모습입니다.,79.2%,26.9%,7290.0
2026-05-21,신중히 매수,서원,021050,거래가 조용해져 다음 움직임을 준비하는 모습입니다.,88.0%,19.7%,1495.0
2026-05-21,신중히 매수,명신산업,009900,과매도 반등 신호,78.6%,21.7%,10660.0
2026-05-21,신중히 매수,WISCOM,024070,"거래가 조용해져 다음 움직임을 준비하는 모습입니다., 과매도 반등 신호",89.5%,15.1%,2100.0
2026-05-21,신중히 매수,305720,305720,"바닥권 반등 신호(BB 하단), 과매도 반등 신호",90.0%,20.8%,18915.0
2026-05-21,신중히 매수,혜인,003010,과매도 반등 신호,71.0%,9.2%,5870.0
2026-05-21,신중히 매수,이수페타시스,007660,과매도 반등 신호,57.1%,7.8%,127800.0
2026-05-21,신중히 매수,LG화학,051910,과매도 반등 신호,75.0%,13.3%,348000.0
2026-05-21,신중히 매수,포스코퓨처엠,003670,과매도 반등 신호,81.5%,16.0%,232000.0
2026-05-21,신중히 매수,두산2우B,000157,과매도 반등 신호,78.9%,19.8%,507000.0
2026-05-21,신중히 매수,LG화학우,051915,과매도 반등 신호,62.5%,5.2%,167500.0
2026-05-21,신중히 매수,SK증권,001510,과매도 반등 신호,89.7%,29.3%,3925.0
2026-05-21,신중히 매수,인지컨트롤스,023800,과매도 반등 신호,54.5%,3.5%,7120.0
2026-05-21,신중히 매수,문배철강,008420,거래가 조용해져 다음 움직임을 준비하는 모습입니다.,81.2%,14.6%,2270.0
2026-05-21,신중히 매수,자화전자,033240,거래가 조용해지며 다음 변동성을 준비하는 구간입니다.,64.7%,12.8%,47000.0
2026-05-21,신중히 매수,파미셀,005690,과매도 반등 신호,53.3%,0.4%,15780.0
2026-05-21,신중히 매수,동국씨엠,460850,거래가 조용해져 다음 움직임을 준비하는 모습입니다.,78.9%,11.0%,5910.0
2026-05-21,신중히 매수,두산에너빌리티,034020,과매도 반등 신호,75.0%,17.8%,108400.0
2026-05-21,신중히 매수,KSS해운,044450,거래가 조용해져 다음 움직임을 준비하는 모습입니다.,50.0%,1.0%,10780.0
2026-05-21,신중히 매수,교보증권,030610,과매도 반등 신호,54.5%,2.8%,12550.0
2026-05-21,신중히 매수,신세계푸드,031440,바닥권 반등 신호(BB 하단),68.2%,4.9%,48050.0
2026-05-21,신중히 매수,에코프로머티,450080,과매도 반등 신호,57.7%,2.9%,64600.0
2026-05-21,신중히 매수,한화리츠,451800,거래가 조용해져 다음 움직임을 준비하는 모습입니다.,88.0%,15.1%,4840.0
2026-05-21,신중히 매수,남해화학,025860,"거래가 조용해져 다음 움직임을 준비하는 모습입니다., 과매도 반등 신호",81.0%,20.6%,7820.0
2026-05-21,신중히 매수,삼성FN리츠,448730,거래가 조용해져 다음 움직임을 준비하는 모습입니다.,72.7%,11.5%,5030.0
2026-05-21,신중히 매수,한화투자증권,003530,과매도 반등 신호,65.5%,8.1%,6730.0
2026-05-21,신중히 매수,상상인증권,001290,거래가 조용해져 다음 움직임을 준비하는 모습입니다.,58.3%,5.8%,1137.0
2026-05-21,신중히 매수,KEC,092220,거래가 조용해지며 다음 변동성을 준비하는 구간입니다.,53.1%,-0.1%,5830.0
2026-05-21,추가 확인 후 매수,애경케미칼,161000,거래가 조용해져 다음 움직임을 준비하는 모습입니다.,42.1%,-2.0%,14690.0
2026-05-21,추가 확인 후 매수,GS,078930,거래가 조용해지며 다음 변동성을 준비하는 구간입니다.,44.0%,-4.8%,75400.0
2026-05-21,추가 확인 후 매수,TCC스틸,002710,과매도 반등 신호,50.0%,2.4%,15810.0
2026-05-21,추가 확인 후 매수,LIG디펜스앤에어로스페이스,079550,"RSI 반전 신호(상승 가능성), 거래가 조용해져 다음 움직임을 준비하는 모습입니다.",46.9%,0.7%,862000.0
2026-05-21,추가 확인 후 매수,두산밥캣,241560,과매도 반등 신호,48.1%,-1.0%,67000.0
2026-05-21,추가 확인 후 매수,SK이노베이션,096770,과매도 반등 신호,47.4%,0.2%,118800.0
2026-05-21,추가 확인 후 매수,코스모신소재,005070,과매도 반등 신호,45.2%,-0.5%,50300.0
2026-05-21,추가 확인 후 매수,대한유화,006650,과매도 반등 신호,59.3%,8.4%,133900.0
2026-05-26,신중히 매수,가온전선,000500,과매도 반등 신호,100.0%,42.6%,423500.0
2026-05-26,신중히 매수,대원전선우,006345,"거래가 조용해져 다음 움직임을 준비하는 모습입니다., 최근 급등 뒤 숨고르기 구간에 진입했습니다., 과매도 반등 신호",100.0%,51.4%,16400.0
2026-05-26,신중히 매수,INTC,INTC,"거래가 조용해져 다음 움직임을 준비하는 모습입니다., 거래가 조용해지며 다음 변동성을 준비하는 구간입니다.",71.8%,13.6%,123.5199966430664
2026-05-26,신중히 매수,삼아알미늄,006110,거래가 조용해지며 다음 변동성을 준비하는 구간입니다.,55.6%,5.0%,91000.0
2026-05-26,신중히 매수,대우건설,047040,"거래가 조용해져 다음 움직임을 준비하는 모습입니다., 과매도 반등 신호",50.0%,12.0%,29450.0
2026-05-26,신중히 매수,한솔테크닉스,004710,거래가 조용해져 다음 움직임을 준비하는 모습입니다.,75.0%,23.7%,15210.0
2026-05-26,신중히 매수,대덕전자1우,35320K,최근 급등 뒤 숨고르기 구간에 진입했습니다.,91.3%,25.6%,43100.0
2026-05-26,신중히 매수,대원전선,006340,거래가 조용해져 다음 움직임을 준비하는 모습입니다.,76.9%,37.1%,14140.0
2026-05-26,신중히 매수,SK하이닉스,000660,"거래가 조용해져 다음 움직임을 준비하는 모습입니다., 과매도 반등 신호",86.4%,31.6%,2052000.0
2026-05-26,신중히 매수,두산퓨얼셀,336260,"거래가 조용해져 다음 움직임을 준비하는 모습입니다., 과매도 반등 신호",76.2%,29.7%,99800.0
2026-05-26,신중히 매수,SK스퀘어,402340,거래가 조용해져 다음 움직임을 준비하는 모습입니다.,50.0%,13.8%,1181000.0
2026-05-26,신중히 매수,SK네트웍스,001740,거래량 급증,97.1%,19.5%,10920.0
2026-05-26,신중히 매수,LS ELECTRIC,010120,거래가 조용해져 다음 움직임을 준비하는 모습입니다.,84.6%,28.3%,285000.0
2026-05-26,신중히 매수,해성디에스,195870,과매도 반등 신호,54.5%,15.7%,102400.0
2026-05-26,신중히 매수,CSCO,CSCO,최근 급등 뒤 숨고르기 구간에 진입했습니다.,100.0%,9.1%,118.33000183105469
2026-05-26,신중히 매수,대한전선,001440,거래가 조용해져 다음 움직임을 준비하는 모습입니다.,100.0%,44.5%,53300.0
2026-05-26,신중히 매수,삼영,003720,거래량 급증,92.9%,40.7%,13250.0
2026-05-26,신중히 매수,DN오토모티브,007340,거래가 조용해져 다음 움직임을 준비하는 모습입니다.,81.0%,19.0%,46800.0
2026-05-26,신중히 매수,CAT,CAT,"거래가 조용해져 다음 움직임을 준비하는 모습입니다., 거래가 조용해지며 다음 변동성을 준비하는 구간입니다.",55.8%,4.0%,908.5499877929688
2026-05-26,신중히 매수,케이씨텍,281820,과매도 반등 신호,90.5%,32.4%,72600.0
2026-05-26,신중히 매수,롯데쇼핑,023530,최근 급등 뒤 숨고르기 구간에 진입했습니다.,100.0%,34.2%,158500.0
2026-05-26,신중히 매수,SKC,011790,거래가 조용해져 다음 움직임을 준비하는 모습입니다.,57.1%,10.4%,152400.0
2026-05-26,신중히 매수,삼성SDI,006400,거래가 조용해지며 다음 변동성을 준비하는 구간입니다.,65.6%,15.8%,642000.0
2026-05-26,신중히 매수,코리아써키트2우B,00781K,최근 급등 뒤 숨고르기 구간에 진입했습니다.,77.4%,14.7%,19400.0
2026-05-26,신중히 매수,삼성전자,005930,거래가 조용해져 다음 움직임을 준비하는 모습입니다.,82.8%,22.3%,299000.0
2026-05-26,신중히 매수,AAPL,AAPL,거래가 조용해져 다음 움직임을 준비하는 모습입니다.,67.7%,4.9%,308.3299865722656
2026-05-26,신중히 매수,효성,004800,"거래가 조용해져 다음 움직임을 준비하는 모습입니다., 최근 급등 뒤 숨고르기 구간에 진입했습니다.",77.8%,24.5%,218000.0
2026-05-26,신중히 매수,두산,000150,거래가 조용해지며 다음 변동성을 준비하는 구간입니다.,86.7%,39.1%,1781000.0
2026-05-26,신중히 매수,069500,069500,"거래가 조용해져 다음 움직임을 준비하는 모습입니다., 과매도 반등 신호",90.9%,22.5%,126755.0
2026-05-26,신중히 매수,HD현대에너지솔루션,322000,거래가 조용해지며 다음 변동성을 준비하는 구간입니다.,60.7%,7.9%,199100.0
2026-05-26,신중히 매수,효성중공업,298040,거래가 조용해져 다음 움직임을 준비하는 모습입니다.,82.4%,27.3%,3834000.0
2026-05-26,신중히 매수,삼성물산,028260,거래가 조용해져 다음 움직임을 준비하는 모습입니다.,96.3%,34.5%,411000.0
2026-05-26,신중히 매수,진흥기업,002780,거래가 조용해져 다음 움직임을 준비하는 모습입니다.,84.6%,23.8%,1068.0
2026-05-26,신중히 매수,넥스틸,092790,"거래가 조용해져 다음 움직임을 준비하는 모습입니다., 거래가 조용해지며 다음 변동성을 준비하는 구간입니다.",57.1%,2.5%,17750.0
2026-05-26,신중히 매수,달바글로벌,483650,거래가 조용해지며 다음 변동성을 준비하는 구간입니다.,71.4%,9.4%,213000.0
2026-05-26,신중히 매수,GS글로벌,001250,거래가 조용해져 다음 움직임을 준비하는 모습입니다.,75.0%,13.3%,3610.0
2026-05-26,신중히 매수,포스코스틸리온,058430,거래가 조용해져 다음 움직임을 준비하는 모습입니다.,76.7%,14.1%,6550.0
2026-05-26,신중히 매수,삼성전자우,005935,"거래가 조용해져 다음 움직임을 준비하는 모습입니다., 최근 급등 뒤 숨고르기 구간에 진입했습니다.",53.8%,8.8%,187200.0
2026-05-26,신중히 매수,두산퓨얼셀1우,33626K,거래가 조용해져 다음 움직임을 준비하는 모습입니다.,90.9%,27.5%,11750.0
2026-05-26,신중히 매수,SK텔레콤,017670,최근 급등 뒤 숨고르기 구간에 진입했습니다.,68.6%,12.9%,102100.0
2026-05-26,신중히 매수,삼성증권,016360,거래가 조용해져 다음 움직임을 준비하는 모습입니다.,89.7%,25.2%,126800.0
2026-05-26,신중히 매수,동국제강,460860,거래가 조용해져 다음 움직임을 준비하는 모습입니다.,72.7%,18.1%,11970.0
2026-05-26,신중히 매수,유니퀘스트,077500,과매도 반등 신호,60.0%,8.1%,7990.0
2026-05-26,신중히 매수,경인전자,009140,최근 급등 뒤 숨고르기 구간에 진입했습니다.,96.7%,15.4%,27500.0
2026-05-26,신중히 매수,대덕1우,00806K,거래가 조용해지며 다음 변동성을 준비하는 구간입니다.,65.2%,7.6%,13720.0
2026-05-26,신중히 매수,LX하우시스,108670,거래가 조용해져 다음 움직임을 준비하는 모습입니다.,65.0%,5.1%,36700.0
2026-05-26,신중히 매수,삼성물산우B,02826K,최근 급등 뒤 숨고르기 구간에 진입했습니다.,100.0%,28.3%,226500.0
2026-05-26,신중히 매수,솔루스첨단소재,336370,거래가 조용해져 다음 움직임을 준비하는 모습입니다.,63.0%,15.1%,10920.0
2026-05-26,신중히 매수,솔루엠,248070,과매도 반등 신호,57.1%,8.0%,21500.0
2026-05-26,신중히 매수,두산우,000155,거래가 조용해지며 다음 변동성을 준비하는 구간입니다.,83.3%,21.1%,634000.0
2026-05-26,신중히 매수,SK증권우,001515,거래가 조용해져 다음 움직임을 준비하는 모습입니다.,76.0%,21.2%,7460.0
2026-05-26,신중히 매수,KG스틸,016380,거래가 조용해지며 다음 변동성을 준비하는 구간입니다.,66.7%,7.6%,6850.0
2026-05-26,신중히 매수,한일철강,002220,"거래가 조용해져 다음 움직임을 준비하는 모습입니다., 과매도 반등 신호",78.3%,24.0%,4700.0
2026-05-26,신중히 매수,두산2우B,000157,거래가 조용해지며 다음 변동성을 준비하는 구간입니다.,73.7%,11.6%,555000.0
2026-05-26,신중히 매수,코오롱,002020,"최근 급등 뒤 숨고르기 구간에 진입했습니다., 과매도 반등 신호",69.2%,8.7%,67000.0
2026-05-26,신중히 매수,휴스틸,005010,거래가 조용해져 다음 움직임을 준비하는 모습입니다.,64.3%,7.8%,5700.0
2026-05-26,신중히 매수,자화전자,033240,거래가 조용해지며 다음 변동성을 준비하는 구간입니다.,61.1%,3.8%,48150.0
2026-05-26,신중히 매수,한화갤러리아,452260,최근 급등 뒤 숨고르기 구간에 진입했습니다.,91.4%,22.7%,3150.0
2026-05-26,신중히 매수,대한해운,005880,거래가 조용해지며 다음 변동성을 준비하는 구간입니다.,52.9%,-1.2%,2510.0
2026-05-26,신중히 매수,유안타증권,003470,거래가 조용해져 다음 움직임을 준비하는 모습입니다.,95.7%,30.9%,5630.0
2026-05-26,신중히 매수,한국금융지주,071050,과매도 반등 신호,56.7%,1.7%,252500.0
2026-05-26,신중히 매수,현대제철,004020,과매도 반등 신호,66.7%,6.1%,42100.0
2026-05-26,신중히 매수,SK증권,001510,거래가 조용해져 다음 움직임을 준비하는 모습입니다.,86.2%,26.5%,3990.0
2026-05-26,신중히 매수,WISCOM,024070,거래가 조용해져 다음 움직임을 준비하는 모습입니다.,81.0%,11.7%,2075.0
2026-05-26,신중히 매수,한화리츠,451800,거래가 조용해져 다음 움직임을 준비하는 모습입니다.,80.8%,12.4%,5420.0
2026-05-26,신중히 매수,문배철강,008420,거래가 조용해져 다음 움직임을 준비하는 모습입니다.,72.2%,9.2%,2310.0
2026-05-26,신중히 매수,현대로템,064350,거래가 조용해져 다음 움직임을 준비하는 모습입니다.,50.0%,-3.4%,214000.0
2026-05-26,신중히 매수,한미반도체,042700,과매도 반등 신호,83.3%,22.4%,329000.0
2026-05-26,신중히 매수,삼성FN리츠,448730,"거래가 조용해져 다음 움직임을 준비하는 모습입니다., 과매도 반등 신호",66.7%,8.9%,5540.0
2026-05-26,신중히 매수,동국씨엠,460850,거래가 조용해져 다음 움직임을 준비하는 모습입니다.,71.4%,8.1%,5960.0
2026-05-26,신중히 매수,고려제강,002240,거래가 조용해져 다음 움직임을 준비하는 모습입니다.,64.9%,3.1%,21450.0
2026-05-26,신중히 매수,화신,010690,"최근 급등 뒤 숨고르기 구간에 진입했습니다., 과매도 반등 신호",72.0%,6.3%,12460.0
2026-05-26,신중히 매수,아이티센씨티에스,031820,최근 급등 뒤 숨고르기 구간에 진입했습니다.,86.1%,15.3%,7600.0
2026-05-26,신중히 매수,신세계푸드,031440,과매도 반등 신호,61.9%,3.5%,46800.0
2026-05-26,신중히 매수,상상인증권,001290,거래가 조용해져 다음 움직임을 준비하는 모습입니다.,54.1%,3.9%,1119.0
2026-05-26,신중히 매수,남해화학,025860,거래가 조용해져 다음 움직임을 준비하는 모습입니다.,73.9%,17.0%,7760.0
2026-05-26,신중히 매수,한화갤러리아우,45226K,최근 급등 뒤 숨고르기 구간에 진입했습니다.,56.8%,3.7%,6840.0
2026-05-26,추가 확인 후 매수,OCI홀딩스,010060,과매도 반등 신호,41.2%,0.6%,360000.0
2026-05-26,추가 확인 후 매수,LG씨엔에스,064400,최근 급등 뒤 숨고르기 구간에 진입했습니다.,46.7%,1.3%,82900.0
2026-05-26,추가 확인 후 매수,LIG디펜스앤에어로스페이스,079550,거래가 조용해져 다음 움직임을 준비하는 모습입니다.,45.5%,5.6%,913000.0
2026-05-26,추가 확인 후 매수,GS,078930,거래가 조용해지며 다음 변동성을 준비하는 구간입니다.,44.0%,-6.0%,77000.0
2026-05-26,추가 확인 후 매수,이구산업,025820,과매도 반등 신호,40.0%,-8.3%,5990.0
2026-05-26,추가 확인 후 매수,LG우,003555,최근 급등 뒤 숨고르기 구간에 진입했습니다.,47.6%,-1.8%,75800.0
2026-05-26,추가 확인 후 매수,현대글로비스,086280,과매도 반등 신호,45.2%,-5.7%,236000.0
2026-05-26,추가 확인 후 매수,KSS해운,044450,거래가 조용해져 다음 움직임을 준비하는 모습입니다.,48.1%,-2.8%,10670.0
2026-05-26,추가 확인 후 매수,KG케미칼,001390,거래가 조용해져 다음 움직임을 준비하는 모습입니다.,44.0%,-2.7%,5160.0
2026-05-27,신중히 매수,가온전선,000500,"거래가 조용해져 다음 움직임을 준비하는 모습입니다., 최근 급등 뒤 숨고르기 구간에 진입했습니다.",100.0%,42.9%,385500.0
2026-05-27,신중히 매수,대원전선우,006345,"거래가 조용해져 다음 움직임을 준비하는 모습입니다., 최근 급등 뒤 숨고르기 구간에 진입했습니다.",94.4%,47.5%,14930.0
2026-05-27,신중히 매수,INTC,INTC,"거래가 조용해져 다음 움직임을 준비하는 모습입니다., 거래가 조용해지며 다음 변동성을 준비하는 구간입니다.",71.8%,13.3%,121.7699966430664
2026-05-27,신중히 매수,한솔테크닉스,004710,거래가 조용해져 다음 움직임을 준비하는 모습입니다.,75.0%,23.7%,14440.0
2026-05-27,신중히 매수,대덕전자1우,35320K,"최근 급등 뒤 숨고르기 구간에 진입했습니다., 과매도 반등 신호",87.5%,23.7%,39900.0
2026-05-27,신중히 매수,삼아알미늄,006110,거래가 조용해지며 다음 변동성을 준비하는 구간입니다.,52.6%,3.7%,81900.0
2026-05-27,신중히 매수,두산퓨얼셀,336260,거래가 조용해져 다음 움직임을 준비하는 모습입니다.,76.2%,29.7%,101500.0
2026-05-27,신중히 매수,대원전선,006340,거래가 조용해져 다음 움직임을 준비하는 모습입니다.,73.1%,35.2%,13060.0
2026-05-27,신중히 매수,대우건설,047040,거래가 조용해져 다음 움직임을 준비하는 모습입니다.,50.0%,12.0%,26750.0
2026-05-27,신중히 매수,CAT,CAT,"거래가 조용해져 다음 움직임을 준비하는 모습입니다., 거래가 조용해지며 다음 변동성을 준비하는 구간입니다.",54.5%,3.8%,909.9299926757812
2026-05-27,신중히 매수,대한전선,001440,거래가 조용해져 다음 움직임을 준비하는 모습입니다.,94.4%,41.7%,49550.0
2026-05-27,신중히 매수,AAPL,AAPL,거래가 조용해져 다음 움직임을 준비하는 모습입니다.,67.7%,4.9%,310.8500061035156
2026-05-27,신중히 매수,DN오토모티브,007340,과매도 반등 신호,77.3%,17.2%,45450.0
2026-05-27,신중히 매수,코리아써키트2우B,00781K,과매도 반등 신호,76.7%,14.6%,19580.0
2026-05-27,신중히 매수,삼성에스디에스,018260,거래량 급증,86.7%,23.1%,261500.0
2026-05-27,신중히 매수,삼성SDI,006400,거래가 조용해지며 다음 변동성을 준비하는 구간입니다.,62.5%,14.2%,630000.0
2026-05-27,신중히 매수,두산,000150,거래가 조용해지며 다음 변동성을 준비하는 구간입니다.,81.2%,35.4%,1715000.0
2026-05-27,신중히 매수,SKC,011790,거래가 조용해져 다음 움직임을 준비하는 모습입니다.,57.1%,10.4%,144500.0
2026-05-27,신중히 매수,HD현대에너지솔루션,322000,"거래가 조용해지며 다음 변동성을 준비하는 구간입니다., 과매도 반등 신호",58.6%,7.0%,187700.0
2026-05-27,신중히 매수,효성,004800,거래가 조용해져 다음 움직임을 준비하는 모습입니다.,72.2%,22.9%,202500.0
2026-05-27,신중히 매수,삼성물산,028260,"거래가 조용해져 다음 움직임을 준비하는 모습입니다., 과매도 반등 신호",96.3%,34.5%,410500.0
2026-05-27,신중히 매수,GS리테일,007070,최근 급등 뒤 숨고르기 구간에 진입했습니다.,91.9%,20.8%,27000.0
2026-05-27,신중히 매수,수산세보틱스,017550,거래가 조용해져 다음 움직임을 준비하는 모습입니다.,54.5%,4.3%,2700.0
2026-05-27,신중히 매수,두산퓨얼셀1우,33626K,거래가 조용해져 다음 움직임을 준비하는 모습입니다.,86.4%,26.1%,11750.0
2026-05-27,신중히 매수,GS글로벌,001250,거래가 조용해져 다음 움직임을 준비하는 모습입니다.,72.0%,11.9%,3465.0
2026-05-27,신중히 매수,진흥기업,002780,거래가 조용해져 다음 움직임을 준비하는 모습입니다.,81.5%,22.2%,1034.0
2026-05-27,신중히 매수,넥스틸,092790,거래가 조용해지며 다음 변동성을 준비하는 구간입니다.,50.0%,-0.3%,16060.0
2026-05-27,신중히 매수,포스코스틸리온,058430,거래가 조용해져 다음 움직임을 준비하는 모습입니다.,74.2%,13.0%,6260.0
2026-05-27,신중히 매수,삼성증권,016360,거래가 조용해져 다음 움직임을 준비하는 모습입니다.,86.7%,23.7%,124200.0
2026-05-27,신중히 매수,경인양행,012610,최근 급등 뒤 숨고르기 구간에 진입했습니다.,68.8%,13.5%,5370.0
2026-05-27,신중히 매수,STX엔진,077970,거래가 조용해져 다음 움직임을 준비하는 모습입니다.,55.6%,13.1%,44250.0
2026-05-27,신중히 매수,일진홀딩스,015860,과매도 반등 신호,91.3%,32.8%,9530.0
2026-05-27,신중히 매수,삼성물산우B,02826K,"거래가 조용해져 다음 움직임을 준비하는 모습입니다., 최근 급등 뒤 숨고르기 구간에 진입했습니다., 과매도 반등 신호",95.7%,27.2%,225000.0
2026-05-27,신중히 매수,동국제강,460860,거래가 조용해져 다음 움직임을 준비하는 모습입니다.,69.6%,16.4%,11460.0
2026-05-27,신중히 매수,HD건설기계,267270,거래가 조용해져 다음 움직임을 준비하는 모습입니다.,58.6%,13.3%,160900.0
2026-05-27,신중히 매수,경인전자,009140,"거래가 조용해져 다음 움직임을 준비하는 모습입니다., 최근 급등 뒤 숨고르기 구간에 진입했습니다.",93.3%,14.3%,26250.0
2026-05-27,신중히 매수,쏘카,403550,"최근 급등 뒤 숨고르기 구간에 진입했습니다., 과매도 반등 신호",66.7%,5.7%,13480.0
2026-05-27,신중히 매수,LX하우시스,108670,거래가 조용해져 다음 움직임을 준비하는 모습입니다.,61.9%,3.9%,34550.0
2026-05-27,신중히 매수,두산우,000155,거래가 조용해지며 다음 변동성을 준비하는 구간입니다.,82.8%,21.3%,606000.0
2026-05-27,신중히 매수,코오롱,002020,거래가 조용해져 다음 움직임을 준비하는 모습입니다.,71.1%,9.5%,64300.0
2026-05-27,신중히 매수,롯데케미칼,011170,거래가 조용해져 다음 움직임을 준비하는 모습입니다.,82.8%,20.7%,81200.0
2026-05-27,신중히 매수,KG스틸,016380,거래가 조용해지며 다음 변동성을 준비하는 구간입니다.,66.7%,7.6%,6450.0
2026-05-27,신중히 매수,자화전자,033240,거래가 조용해지며 다음 변동성을 준비하는 구간입니다.,59.5%,3.2%,45200.0
2026-05-27,신중히 매수,솔루스첨단소재,336370,거래가 조용해져 다음 움직임을 준비하는 모습입니다.,63.0%,15.1%,9500.0
2026-05-27,신중히 매수,한화갤러리아,452260,최근 급등 뒤 숨고르기 구간에 진입했습니다.,91.2%,22.5%,3000.0
2026-05-27,신중히 매수,SK증권우,001515,거래가 조용해져 다음 움직임을 준비하는 모습입니다.,73.1%,19.6%,6770.0
2026-05-27,신중히 매수,두산2우B,000157,거래가 조용해지며 다음 변동성을 준비하는 구간입니다.,72.2%,11.4%,515000.0
2026-05-27,신중히 매수,유안타증권,003470,거래가 조용해져 다음 움직임을 준비하는 모습입니다.,91.7%,28.8%,5450.0
2026-05-27,신중히 매수,대한해운,005880,"거래가 조용해져 다음 움직임을 준비하는 모습입니다., 거래가 조용해지며 다음 변동성을 준비하는 구간입니다.",51.4%,-1.7%,2400.0
2026-05-27,신중히 매수,한화리츠,451800,거래가 조용해져 다음 움직임을 준비하는 모습입니다.,77.8%,11.2%,5470.0
2026-05-27,신중히 매수,휴스틸,005010,거래가 조용해져 다음 움직임을 준비하는 모습입니다.,60.0%,6.0%,5350.0
2026-05-27,신중히 매수,LG우,003555,최근 급등 뒤 숨고르기 구간에 진입했습니다.,52.4%,-0.9%,73500.0
2026-05-27,신중히 매수,SIMPAC,009160,과매도 반등 신호,52.4%,0.8%,5280.0
2026-05-27,신중히 매수,혜인,003010,거래가 조용해져 다음 움직임을 준비하는 모습입니다.,68.8%,8.3%,5640.0
2026-05-27,신중히 매수,삼성FN리츠,448730,거래가 조용해져 다음 움직임을 준비하는 모습입니다.,64.0%,7.7%,5590.0
2026-05-27,신중히 매수,SK증권,001510,거래가 조용해져 다음 움직임을 준비하는 모습입니다.,86.2%,26.5%,3650.0
2026-05-27,신중히 매수,동국씨엠,460850,거래가 조용해져 다음 움직임을 준비하는 모습입니다.,68.2%,6.8%,5850.0
2026-05-27,신중히 매수,롯데정밀화학,004000,거래가 조용해져 다음 움직임을 준비하는 모습입니다.,73.7%,16.7%,52500.0
2026-05-27,신중히 매수,고려제강,002240,거래가 조용해져 다음 움직임을 준비하는 모습입니다.,64.9%,3.1%,20800.0
2026-05-27,신중히 매수,미원화학,134380,과매도 반등 신호,56.8%,3.5%,10450.0
2026-05-27,신중히 매수,한화투자증권,003530,거래가 조용해져 다음 움직임을 준비하는 모습입니다.,57.1%,3.5%,6340.0
2026-05-27,신중히 매수,상상인증권,001290,거래가 조용해져 다음 움직임을 준비하는 모습입니다.,51.4%,2.4%,1086.0
2026-05-27,신중히 매수,남해화학,025860,거래가 조용해져 다음 움직임을 준비하는 모습입니다.,70.8%,15.5%,7390.0
2026-05-27,추가 확인 후 매수,삼성전자우,005935,"거래가 조용해져 다음 움직임을 준비하는 모습입니다., 거래가 조용해지며 다음 변동성을 준비하는 구간입니다.",46.2%,5.3%,192000.0
2026-05-27,추가 확인 후 매수,TCC스틸,002710,거래가 조용해져 다음 움직임을 준비하는 모습입니다.,50.0%,0.1%,16230.0
2026-05-27,추가 확인 후 매수,GS,078930,거래가 조용해지며 다음 변동성을 준비하는 구간입니다.,44.0%,-5.9%,74800.0
2026-05-27,추가 확인 후 매수,현대코퍼레이션,011760,거래가 조용해져 다음 움직임을 준비하는 모습입니다.,45.5%,-2.1%,27950.0
2026-05-27,추가 확인 후 매수,현대로템,064350,거래가 조용해져 다음 움직임을 준비하는 모습입니다.,43.8%,-5.7%,207000.0
2026-05-27,추가 확인 후 매수,동원수산,030720,거래가 조용해져 다음 움직임을 준비하는 모습입니다.,71.4%,4.3%,6070.0
2026-05-27,추가 확인 후 매수,SK이노베이션,096770,거래가 조용해져 다음 움직임을 준비하는 모습입니다.,45.0%,-0.8%,115400.0
2026-05-27,추가 확인 후 매수,대한유화,006650,거래가 조용해져 다음 움직임을 준비하는 모습입니다.,64.0%,9.9%,130100.0
2026-05-27,추가 확인 후 매수,문배철강,008420,거래가 조용해져 다음 움직임을 준비하는 모습입니다.,68.4%,7.6%,2210.0
2026-05-27,추가 확인 후 매수,WISCOM,024070,거래가 조용해져 다음 움직임을 준비하는 모습입니다.,77.3%,10.3%,1945.0
2026-05-27,추가 확인 후 매수,KSS해운,044450,거래가 조용해져 다음 움직임을 준비하는 모습입니다.,46.4%,-3.4%,10360.0
2026-05-27,추가 확인 후 매수,HD현대마린엔진,071970,거래가 조용해져 다음 움직임을 준비하는 모습입니다.,40.0%,2.5%,76800.0
2026-05-27,추가 확인 후 매수,KG케미칼,001390,거래가 조용해져 다음 움직임을 준비하는 모습입니다.,45.8%,-2.0%,4940.0
2026-05-27,추가 확인 후 매수,솔루스첨단소재1우,33637K,거래가 조용해져 다음 움직임을 준비하는 모습입니다.,88.9%,17.8%,1864.0
2026-05-28,신중히 매수,대원전선우,006345,거래가 조용해져 다음 움직임을 준비하는 모습입니다.,89.5%,43.9%,14960.0
2026-05-28,신중히 매수,가온전선,000500,거래가 조용해져 다음 움직임을 준비하는 모습입니다.,95.7%,40.6%,341000.0
2026-05-28,신중히 매수,삼화콘덴서,001820,거래량 급증,93.9%,34.5%,156200.0
2026-05-28,신중히 매수,INTC,INTC,"거래가 조용해져 다음 움직임을 준비하는 모습입니다., 최근 급등 뒤 숨고르기 구간에 진입했습니다., 거래가 조용해지며 다음 변동성을 준비하는 구간입니다.",71.8%,13.2%,120.88999938964844
2026-05-28,신중히 매수,AMD,AMD,거래가 조용해지며 다음 변동성을 준비하는 구간입니다.,80.8%,13.6%,518.0900268554688
2026-05-28,신중히 매수,한솔테크닉스,004710,거래가 조용해져 다음 움직임을 준비하는 모습입니다.,69.2%,20.4%,12550.0
2026-05-28,신중히 매수,두산퓨얼셀,336260,거래가 조용해져 다음 움직임을 준비하는 모습입니다.,71.4%,28.0%,98500.0
2026-05-28,신중히 매수,계양전기우,012205,최근 급등 뒤 숨고르기 구간에 진입했습니다.,82.5%,46.7%,12590.0
2026-05-28,신중히 매수,대덕전자1우,35320K,거래가 조용해져 다음 움직임을 준비하는 모습입니다.,83.3%,21.6%,36900.0
2026-05-28,신중히 매수,대원전선,006340,거래가 조용해져 다음 움직임을 준비하는 모습입니다.,69.2%,33.3%,12360.0
2026-05-28,신중히 매수,CSCO,CSCO,거래가 조용해져 다음 움직임을 준비하는 모습입니다.,92.6%,7.8%,118.63999938964844
2026-05-28,신중히 매수,비에이치,090460,최근 급등 뒤 숨고르기 구간에 진입했습니다.,62.5%,12.9%,32150.0
2026-05-28,신중히 매수,CAT,CAT,거래가 조용해지며 다음 변동성을 준비하는 구간입니다.,53.3%,3.5%,887.6699829101562
2026-05-28,신중히 매수,AAPL,AAPL,거래가 조용해져 다음 움직임을 준비하는 모습입니다.,65.6%,4.6%,312.510009765625
2026-05-28,신중히 매수,효성,004800,거래가 조용해져 다음 움직임을 준비하는 모습입니다.,72.2%,22.9%,202000.0
2026-05-28,신중히 매수,두산,000150,거래가 조용해지며 다음 변동성을 준비하는 구간입니다.,76.5%,32.1%,1660000.0
2026-05-28,신중히 매수,HD현대에너지솔루션,322000,"최근 급등 뒤 숨고르기 구간에 진입했습니다., 거래가 조용해지며 다음 변동성을 준비하는 구간입니다.",56.7%,6.1%,179500.0
2026-05-28,신중히 매수,SKC,011790,거래가 조용해져 다음 움직임을 준비하는 모습입니다.,50.0%,6.6%,137200.0
2026-05-28,신중히 매수,롯데쇼핑,023530,최근 급등 뒤 숨고르기 구간에 진입했습니다.,96.9%,32.5%,151300.0
2026-05-28,신중히 매수,케이씨텍,281820,"최근 급등 뒤 숨고르기 구간에 진입했습니다., 거래가 조용해지며 다음 변동성을 준비하는 구간입니다.",81.0%,28.0%,66200.0
2026-05-28,신중히 매수,삼성물산,028260,거래가 조용해져 다음 움직임을 준비하는 모습입니다.,92.9%,32.6%,399500.0
2026-05-28,신중히 매수,두산퓨얼셀1우,33626K,거래가 조용해져 다음 움직임을 준비하는 모습입니다.,81.8%,24.5%,11250.0
2026-05-28,신중히 매수,수산세보틱스,017550,거래가 조용해져 다음 움직임을 준비하는 모습입니다.,54.5%,4.3%,2575.0
2026-05-28,신중히 매수,GS글로벌,001250,거래가 조용해져 다음 움직임을 준비하는 모습입니다.,69.2%,10.7%,3440.0
2026-05-28,신중히 매수,포스코스틸리온,058430,거래가 조용해져 다음 움직임을 준비하는 모습입니다.,71.9%,11.9%,6040.0
2026-05-28,신중히 매수,진흥기업,002780,거래가 조용해져 다음 움직임을 준비하는 모습입니다.,78.6%,20.7%,1016.0
2026-05-28,신중히 매수,SK텔레콤,017670,최근 급등 뒤 숨고르기 구간에 진입했습니다.,63.9%,10.9%,96900.0
2026-05-28,신중히 매수,동국제강,460860,거래가 조용해져 다음 움직임을 준비하는 모습입니다.,66.7%,14.9%,11440.0
2026-05-28,신중히 매수,한일철강,002220,거래가 조용해져 다음 움직임을 준비하는 모습입니다.,75.0%,22.2%,5090.0
2026-05-28,신중히 매수,삼성물산우B,02826K,거래가 조용해져 다음 움직임을 준비하는 모습입니다.,91.7%,25.3%,221000.0
2026-05-28,신중히 매수,대덕1우,00806K,거래가 조용해지며 다음 변동성을 준비하는 구간입니다.,58.3%,5.1%,13520.0
2026-05-28,신중히 매수,삼성증권,016360,거래가 조용해져 다음 움직임을 준비하는 모습입니다.,83.9%,22.3%,120800.0
2026-05-28,신중히 매수,HD건설기계,267270,거래가 조용해져 다음 움직임을 준비하는 모습입니다.,58.6%,13.3%,155200.0
2026-05-28,신중히 매수,STX엔진,077970,거래가 조용해져 다음 움직임을 준비하는 모습입니다.,55.6%,13.1%,41200.0
2026-05-28,신중히 매수,에이피알,278470,과매도 반등 신호,52.4%,2.1%,400500.0
2026-05-28,신중히 매수,LX하우시스,108670,거래가 조용해져 다음 움직임을 준비하는 모습입니다.,59.1%,2.8%,34550.0
2026-05-28,신중히 매수,경인전자,009140,거래가 조용해져 다음 움직임을 준비하는 모습입니다.,90.0%,13.1%,26200.0
2026-05-28,신중히 매수,롯데케미칼,011170,거래가 조용해져 다음 움직임을 준비하는 모습입니다.,82.1%,20.8%,81500.0
2026-05-28,신중히 매수,한화갤러리아,452260,과매도 반등 신호,88.2%,21.4%,3070.0
2026-05-28,신중히 매수,두산우,000155,거래가 조용해지며 다음 변동성을 준비하는 구간입니다.,79.3%,20.0%,584000.0
2026-05-28,신중히 매수,솔루엠,248070,거래가 조용해지며 다음 변동성을 준비하는 구간입니다.,54.5%,6.8%,20350.0
2026-05-28,신중히 매수,솔루스첨단소재,336370,거래가 조용해져 다음 움직임을 준비하는 모습입니다.,60.7%,13.8%,9300.0
2026-05-28,신중히 매수,에이블씨엔씨,078520,과매도 반등 신호,66.7%,4.7%,12920.0
2026-05-28,신중히 매수,신세계인터내셔날,031430,최근 급등 뒤 숨고르기 구간에 진입했습니다.,75.8%,15.1%,13850.0
2026-05-28,신중히 매수,휴스틸,005010,거래가 조용해져 다음 움직임을 준비하는 모습입니다.,56.2%,4.3%,5260.0
2026-05-28,신중히 매수,KG스틸,016380,거래가 조용해지며 다음 변동성을 준비하는 구간입니다.,60.0%,4.8%,6110.0
2026-05-28,신중히 매수,코오롱,002020,거래가 조용해져 다음 움직임을 준비하는 모습입니다.,71.1%,9.5%,60300.0
2026-05-28,신중히 매수,유안타증권,003470,거래가 조용해져 다음 움직임을 준비하는 모습입니다.,88.0%,26.8%,5350.0
2026-05-28,신중히 매수,에코프로머티,450080,거래가 조용해져 다음 움직임을 준비하는 모습입니다.,52.0%,-0.7%,64500.0
2026-05-28,신중히 매수,LG우,003555,"최근 급등 뒤 숨고르기 구간에 진입했습니다., 과매도 반등 신호",54.5%,-1.0%,72300.0
2026-05-28,신중히 매수,이노션,214320,최근 급등 뒤 숨고르기 구간에 진입했습니다.,58.3%,0.8%,20300.0
2026-05-28,신중히 매수,한화리츠,451800,거래가 조용해져 다음 움직임을 준비하는 모습입니다.,75.0%,10.0%,5220.0
2026-05-28,신중히 매수,동국씨엠,460850,거래가 조용해져 다음 움직임을 준비하는 모습입니다.,65.2%,5.6%,5830.0
2026-05-28,신중히 매수,롯데정밀화학,004000,거래가 조용해져 다음 움직임을 준비하는 모습입니다.,73.7%,16.7%,52600.0
2026-05-28,신중히 매수,삼성FN리츠,448730,거래가 조용해져 다음 움직임을 준비하는 모습입니다.,61.5%,6.7%,5570.0
2026-05-28,신중히 매수,고려제강,002240,거래가 조용해져 다음 움직임을 준비하는 모습입니다.,63.2%,2.8%,20350.0
2026-05-28,신중히 매수,대한해운,005880,거래가 조용해지며 다음 변동성을 준비하는 구간입니다.,50.0%,-2.2%,2325.0
2026-05-28,신중히 매수,상상인증권,001290,거래가 조용해져 다음 움직임을 준비하는 모습입니다.,50.0%,1.9%,1046.0
2026-05-28,신중히 매수,한화투자증권,003530,거래가 조용해져 다음 움직임을 준비하는 모습입니다.,57.1%,3.5%,6200.0
2026-05-28,추가 확인 후 매수,삼아알미늄,006110,거래가 조용해지며 다음 변동성을 준비하는 구간입니다.,47.4%,1.9%,86900.0
2026-05-28,추가 확인 후 매수,SPY,SPY,거래가 조용해지며 다음 변동성을 준비하는 구간입니다.,43.5%,0.5%,754.5999755859375
2026-05-28,추가 확인 후 매수,삼성전자우,005935,"거래가 조용해져 다음 움직임을 준비하는 모습입니다., 거래가 조용해지며 다음 변동성을 준비하는 구간입니다.",42.9%,3.5%,190900.0
2026-05-28,추가 확인 후 매수,넥스틸,092790,거래가 조용해지며 다음 변동성을 준비하는 구간입니다.,44.4%,-2.5%,16000.0
2026-05-28,추가 확인 후 매수,한국콜마,161890,과매도 반등 신호,40.0%,-1.9%,86600.0
2026-05-28,추가 확인 후 매수,이수페타시스,007660,거래가 조용해지며 다음 변동성을 준비하는 구간입니다.,46.2%,2.4%,127500.0
2026-05-28,추가 확인 후 매수,TCC스틸,002710,거래가 조용해져 다음 움직임을 준비하는 모습입니다.,50.0%,0.1%,15970.0
2026-05-28,추가 확인 후 매수,현대코퍼레이션,011760,거래가 조용해져 다음 움직임을 준비하는 모습입니다.,45.5%,-2.1%,28250.0
2026-05-28,추가 확인 후 매수,이구산업,025820,최근 급등 뒤 숨고르기 구간에 진입했습니다.,40.0%,-9.4%,5490.0
2026-05-28,추가 확인 후 매수,SK증권우,001515,거래가 조용해져 다음 움직임을 준비하는 모습입니다.,73.1%,19.6%,6230.0
2026-05-28,추가 확인 후 매수,동원수산,030720,거래가 조용해져 다음 움직임을 준비하는 모습입니다.,71.4%,4.3%,6130.0
2026-05-28,추가 확인 후 매수,혜인,003010,거래가 조용해져 다음 움직임을 준비하는 모습입니다.,68.8%,8.3%,5510.0
2026-05-28,추가 확인 후 매수,대한유화,006650,거래가 조용해져 다음 움직임을 준비하는 모습입니다.,64.0%,9.9%,128300.0
2026-05-28,추가 확인 후 매수,문배철강,008420,거래가 조용해져 다음 움직임을 준비하는 모습입니다.,65.0%,6.2%,2195.0
2026-05-28,추가 확인 후 매수,WISCOM,024070,거래가 조용해져 다음 움직임을 준비하는 모습입니다.,73.9%,9.0%,1865.0
2026-05-28,추가 확인 후 매수,KSS해운,044450,거래가 조용해져 다음 움직임을 준비하는 모습입니다.,44.8%,-4.0%,10150.0
2026-05-28,추가 확인 후 매수,KG케미칼,001390,거래가 조용해져 다음 움직임을 준비하는 모습입니다.,47.8%,-1.2%,4845.0
2026-05-28,추가 확인 후 매수,HD현대마린엔진,071970,거래가 조용해져 다음 움직임을 준비하는 모습입니다.,40.0%,2.5%,73200.0
2026-05-28,추가 확인 후 매수,남해화학,025860,거래가 조용해져 다음 움직임을 준비하는 모습입니다.,68.0%,14.1%,7210.0
2026-05-31,신중히 매수,LG이노텍,011070,거래량 급증,92.3%,36.7%,1458000.0
2026-05-31,신중히 매수,대원전선우,006345,거래가 조용해져 다음 움직임을 준비하는 모습입니다.,80.0%,39.9%,13900.0
2026-05-31,신중히 매수,가온전선,000500,거래가 조용해져 다음 움직임을 준비하는 모습입니다.,90.9%,39.2%,322000.0
2026-05-31,신중히 매수,AMD,AMD,거래가 조용해지며 다음 변동성을 준비하는 구간입니다.,84.0%,13.6%,516.0999755859375
2026-05-31,신중히 매수,INTC,INTC,"거래가 조용해져 다음 움직임을 준비하는 모습입니다., 거래가 조용해지며 다음 변동성을 준비하는 구간입니다.",73.7%,13.1%,114.68000030517578
2026-05-31,신중히 매수,한솔테크닉스,004710,거래가 조용해져 다음 움직임을 준비하는 모습입니다.,69.2%,24.8%,12480.0
2026-05-31,신중히 매수,계양전기우,012205,거래가 조용해져 다음 움직임을 준비하는 모습입니다.,83.8%,46.7%,13710.0
2026-05-31,신중히 매수,대덕전자1우,35320K,"거래가 조용해져 다음 움직임을 준비하는 모습입니다., 최근 급등 뒤 숨고르기 구간에 진입했습니다.",77.3%,18.0%,39200.0
2026-05-31,신중히 매수,두산퓨얼셀,336260,거래가 조용해져 다음 움직임을 준비하는 모습입니다.,70.0%,27.9%,91400.0
2026-05-31,신중히 매수,대원전선,006340,거래가 조용해져 다음 움직임을 준비하는 모습입니다.,66.7%,31.7%,11940.0
2026-05-31,신중히 매수,삼아알미늄,006110,"거래가 조용해져 다음 움직임을 준비하는 모습입니다., 거래가 조용해지며 다음 변동성을 준비하는 구간입니다.",52.9%,5.0%,72800.0
2026-05-31,신중히 매수,CSCO,CSCO,"거래가 조용해져 다음 움직임을 준비하는 모습입니다., 최근 급등 뒤 숨고르기 구간에 진입했습니다.",92.6%,7.7%,120.41999816894531
2026-05-31,신중히 매수,성문전자,014910,"거래가 조용해져 다음 움직임을 준비하는 모습입니다., 최근 급등 뒤 숨고르기 구간에 진입했습니다.",89.3%,34.2%,3140.0
2026-05-31,신중히 매수,산일전기,062040,"거래가 조용해져 다음 움직임을 준비하는 모습입니다., 거래가 조용해지며 다음 변동성을 준비하는 구간입니다.",76.9%,28.3%,247000.0
2026-05-31,신중히 매수,LS,006260,거래가 조용해지며 다음 변동성을 준비하는 구간입니다.,73.7%,31.7%,446000.0
2026-05-31,신중히 매수,대덕,008060,최근 급등 뒤 숨고르기 구간에 진입했습니다.,80.0%,18.5%,21550.0
2026-05-31,신중히 매수,CAT,CAT,거래가 조용해지며 다음 변동성을 준비하는 구간입니다.,52.2%,3.2%,875.8699951171875
2026-05-31,신중히 매수,LG,003550,거래량 급증,100.0%,27.8%,146600.0
2026-05-31,신중히 매수,LS에코에너지,229640,거래가 조용해져 다음 움직임을 준비하는 모습입니다.,77.8%,25.1%,69100.0
2026-05-31,신중히 매수,삼성물산,028260,거래가 조용해져 다음 움직임을 준비하는 모습입니다.,89.7%,30.4%,432500.0
2026-05-31,신중히 매수,수산세보틱스,017550,거래가 조용해져 다음 움직임을 준비하는 모습입니다.,54.2%,4.3%,2830.0
2026-05-31,신중히 매수,효성,004800,거래가 조용해져 다음 움직임을 준비하는 모습입니다.,65.0%,18.7%,198300.0
2026-05-31,신중히 매수,솔루스첨단소재,336370,거래량 급증,58.6%,12.9%,11690.0
2026-05-31,신중히 매수,케이씨텍,281820,거래가 조용해지며 다음 변동성을 준비하는 구간입니다.,76.5%,26.4%,62600.0
2026-05-31,신중히 매수,포스코스틸리온,058430,거래가 조용해져 다음 움직임을 준비하는 모습입니다.,66.7%,8.5%,5940.0
2026-05-31,신중히 매수,두산우,000155,거래가 조용해지며 다음 변동성을 준비하는 구간입니다.,77.8%,19.7%,659000.0
2026-05-31,신중히 매수,GS글로벌,001250,거래가 조용해져 다음 움직임을 준비하는 모습입니다.,66.7%,10.3%,3245.0
2026-05-31,신중히 매수,삼성물산우B,02826K,거래가 조용해져 다음 움직임을 준비하는 모습입니다.,88.5%,23.2%,229000.0
2026-05-31,신중히 매수,두산퓨얼셀1우,33626K,거래가 조용해져 다음 움직임을 준비하는 모습입니다.,76.2%,22.9%,10240.0
2026-05-31,신중히 매수,한일철강,002220,거래가 조용해져 다음 움직임을 준비하는 모습입니다.,75.0%,21.0%,4975.0
2026-05-31,신중히 매수,대덕1우,00806K,거래가 조용해지며 다음 변동성을 준비하는 구간입니다.,54.5%,4.3%,13400.0
2026-05-31,신중히 매수,삼성증권,016360,거래가 조용해져 다음 움직임을 준비하는 모습입니다.,81.2%,20.6%,119800.0
2026-05-31,신중히 매수,진흥기업,002780,거래가 조용해져 다음 움직임을 준비하는 모습입니다.,74.1%,19.5%,973.0
2026-05-31,신중히 매수,두산로보틱스,454910,"최근 급등 뒤 숨고르기 구간에 진입했습니다., 과매도 반등 신호",74.1%,14.7%,106500.0
2026-05-31,신중히 매수,세우글로벌,013000,거래가 조용해져 다음 움직임을 준비하는 모습입니다.,55.0%,-0.1%,1344.0
2026-05-31,신중히 매수,LG화학,051910,RSI 반전 신호(상승 가능성),64.3%,10.3%,367000.0
2026-05-31,신중히 매수,동국제강,460860,거래가 조용해져 다음 움직임을 준비하는 모습입니다.,64.0%,14.2%,10950.0
2026-05-31,신중히 매수,경인전자,009140,"거래가 조용해져 다음 움직임을 준비하는 모습입니다., 최근 급등 뒤 숨고르기 구간에 진입했습니다.",86.2%,11.9%,26450.0
2026-05-31,신중히 매수,STX엔진,077970,거래가 조용해져 다음 움직임을 준비하는 모습입니다.,57.7%,14.5%,40400.0
2026-05-31,신중히 매수,LX하우시스,108670,거래가 조용해져 다음 움직임을 준비하는 모습입니다.,54.5%,1.7%,33400.0
2026-05-31,신중히 매수,롯데케미칼,011170,거래가 조용해져 다음 움직임을 준비하는 모습입니다.,79.3%,19.7%,80700.0
2026-05-31,신중히 매수,한화갤러리아,452260,"거래가 조용해져 다음 움직임을 준비하는 모습입니다., 최근 급등 뒤 숨고르기 구간에 진입했습니다.",85.7%,20.0%,3010.0
2026-05-31,신중히 매수,솔루엠,248070,거래가 조용해지며 다음 변동성을 준비하는 구간입니다.,52.2%,5.3%,20000.0
2026-05-31,신중히 매수,성문전자우,014915,거래가 조용해져 다음 움직임을 준비하는 모습입니다.,75.0%,13.2%,4860.0
2026-05-31,신중히 매수,신세계인터내셔날,031430,RSI 반전 신호(상승 가능성),75.8%,15.0%,14000.0
2026-05-31,신중히 매수,계양전기,012200,거래가 조용해져 다음 움직임을 준비하는 모습입니다.,71.1%,32.8%,7550.0
2026-05-31,신중히 매수,혜인,003010,거래가 조용해져 다음 움직임을 준비하는 모습입니다.,64.5%,6.6%,5570.0
2026-05-31,신중히 매수,유안타증권,003470,거래가 조용해져 다음 움직임을 준비하는 모습입니다.,84.6%,24.4%,5180.0
2026-05-31,신중히 매수,롯데정밀화학,004000,거래가 조용해져 다음 움직임을 준비하는 모습입니다.,73.7%,15.0%,52700.0
2026-05-31,신중히 매수,동국씨엠,460850,거래가 조용해져 다음 움직임을 준비하는 모습입니다.,58.3%,3.0%,5650.0
2026-05-31,신중히 매수,한화리츠,451800,거래가 조용해져 다음 움직임을 준비하는 모습입니다.,72.4%,9.6%,5050.0
2026-05-31,신중히 매수,삼성FN리츠,448730,"거래가 조용해져 다음 움직임을 준비하는 모습입니다., 거래가 조용해지며 다음 변동성을 준비하는 구간입니다.",63.0%,7.3%,5340.0
2026-05-31,신중히 매수,고려제강,002240,거래가 조용해져 다음 움직임을 준비하는 모습입니다.,51.4%,-1.0%,20350.0
2026-05-31,신중히 매수,한화투자증권,003530,거래가 조용해져 다음 움직임을 준비하는 모습입니다.,57.1%,2.8%,6120.0
2026-05-31,신중히 매수,한화갤러리아우,45226K,거래가 조용해져 다음 움직임을 준비하는 모습입니다.,63.6%,5.8%,6200.0
2026-05-31,추가 확인 후 매수,SK스퀘어,402340,거래가 조용해지며 다음 변동성을 준비하는 구간입니다.,43.8%,11.5%,1233000.0
2026-05-31,추가 확인 후 매수,SKC,011790,거래가 조용해져 다음 움직임을 준비하는 모습입니다.,44.4%,3.7%,139300.0
2026-05-31,추가 확인 후 매수,삼성전자우,005935,거래가 조용해지며 다음 변동성을 준비하는 구간입니다.,40.0%,2.1%,202500.0
2026-05-31,추가 확인 후 매수,SPY,SPY,거래가 조용해지며 다음 변동성을 준비하는 구간입니다.,41.7%,0.3%,756.47998046875
2026-05-31,추가 확인 후 매수,NHN,181710,거래량 급증,40.0%,0.2%,50900.0
2026-05-31,추가 확인 후 매수,쏘카,403550,거래가 조용해져 다음 움직임을 준비하는 모습입니다.,40.0%,-4.5%,13230.0
2026-05-31,추가 확인 후 매수,이수페타시스,007660,거래가 조용해지며 다음 변동성을 준비하는 구간입니다.,41.7%,-0.4%,129200.0
2026-05-31,추가 확인 후 매수,TCC스틸,002710,거래가 조용해져 다음 움직임을 준비하는 모습입니다.,50.0%,0.2%,15240.0
2026-05-31,추가 확인 후 매수,SK이노베이션,096770,RSI 반전 신호(상승 가능성),42.9%,-1.2%,119200.0
2026-05-31,추가 확인 후 매수,SK증권우,001515,거래가 조용해져 다음 움직임을 준비하는 모습입니다.,70.4%,18.8%,5950.0
2026-05-31,추가 확인 후 매수,동원수산,030720,거래가 조용해져 다음 움직임을 준비하는 모습입니다.,71.4%,4.2%,6000.0
2026-05-31,추가 확인 후 매수,에코프로머티,450080,거래가 조용해져 다음 움직임을 준비하는 모습입니다.,45.5%,-4.9%,62200.0
2026-05-31,추가 확인 후 매수,대한유화,006650,거래가 조용해져 다음 움직임을 준비하는 모습입니다.,66.7%,11.1%,128300.0
2026-05-31,추가 확인 후 매수,KSS해운,044450,거래가 조용해져 다음 움직임을 준비하는 모습입니다.,43.3%,-4.5%,9910.0
2026-05-31,추가 확인 후 매수,문배철강,008420,거래가 조용해져 다음 움직임을 준비하는 모습입니다.,61.9%,4.7%,2085.0
2026-05-31,추가 확인 후 매수,WISCOM,024070,거래가 조용해져 다음 움직임을 준비하는 모습입니다.,68.0%,7.1%,1817.0
2026-05-31,추가 확인 후 매수,KG케미칼,001390,거래가 조용해져 다음 움직임을 준비하는 모습입니다.,50.0%,-0.0%,4770.0
2026-05-31,추가 확인 후 매수,HD현대마린엔진,071970,거래가 조용해져 다음 움직임을 준비하는 모습입니다.,44.4%,4.7%,71100.0
2026-05-31,추가 확인 후 매수,남해화학,025860,거래가 조용해져 다음 움직임을 준비하는 모습입니다.,65.4%,12.8%,7000.0
2026-06-01,신중히 매수,가온전선,000500,거래가 조용해져 다음 움직임을 준비하는 모습입니다.,87.0%,36.6%,368000.0
2026-06-01,신중히 매수,대원전선우,006345,거래가 조용해져 다음 움직임을 준비하는 모습입니다.,76.2%,37.0%,12210.0
2026-06-01,신중히 매수,AMD,AMD,거래가 조용해지며 다음 변동성을 준비하는 구간입니다.,80.8%,12.5%,510.1300048828125
2026-06-01,신중히 매수,INTC,INTC,"거래가 조용해져 다음 움직임을 준비하는 모습입니다., 거래가 조용해지며 다음 변동성을 준비하는 구간입니다.",71.8%,12.3%,109.33000183105469
2026-06-01,신중히 매수,한솔테크닉스,004710,거래가 조용해져 다음 움직임을 준비하는 모습입니다.,64.3%,21.6%,11530.0
2026-06-01,신중히 매수,LG전자우,066575,거래량 급증,88.2%,26.9%,124400.0
2026-06-01,신중히 매수,삼아알미늄,006110,거래가 조용해지며 다음 변동성을 준비하는 구간입니다.,50.0%,3.6%,75500.0
2026-06-01,신중히 매수,대덕전자1우,35320K,거래가 조용해져 다음 움직임을 준비하는 모습입니다.,73.9%,16.4%,38900.0
2026-06-01,신중히 매수,계양전기우,012205,거래가 조용해져 다음 움직임을 준비하는 모습입니다.,81.6%,44.9%,11800.0
2026-06-01,신중히 매수,DB하이텍,000990,최근 급등 뒤 숨고르기 구간에 진입했습니다.,93.1%,38.1%,181400.0
2026-06-01,신중히 매수,CSCO,CSCO,"거래가 조용해져 다음 움직임을 준비하는 모습입니다., 최근 급등 뒤 숨고르기 구간에 진입했습니다.",89.3%,7.2%,121.33000183105469
2026-06-01,신중히 매수,OCI홀딩스,010060,거래가 조용해지며 다음 변동성을 준비하는 구간입니다.,60.0%,6.1%,351000.0
2026-06-01,신중히 매수,성문전자,014910,거래가 조용해져 다음 움직임을 준비하는 모습입니다.,89.3%,34.2%,3050.0
2026-06-01,신중히 매수,대원전선,006340,거래가 조용해져 다음 움직임을 준비하는 모습입니다.,64.3%,29.9%,11610.0
2026-06-01,신중히 매수,LS,006260,거래가 조용해지며 다음 변동성을 준비하는 구간입니다.,73.7%,31.7%,466000.0
2026-06-01,신중히 매수,CAT,CAT,거래가 조용해지며 다음 변동성을 준비하는 구간입니다.,51.1%,2.9%,865.3599853515625
2026-06-01,신중히 매수,SK우,03473K,최근 급등 뒤 숨고르기 구간에 진입했습니다.,81.0%,22.1%,413500.0
2026-06-01,신중히 매수,삼성SDI,006400,"최근 급등 뒤 숨고르기 구간에 진입했습니다., 거래가 조용해지며 다음 변동성을 준비하는 구간입니다.",53.3%,9.6%,652000.0
2026-06-01,신중히 매수,산일전기,062040,"거래가 조용해져 다음 움직임을 준비하는 모습입니다., 거래가 조용해지며 다음 변동성을 준비하는 구간입니다.",76.9%,28.3%,247500.0
2026-06-01,신중히 매수,LS에코에너지,229640,거래가 조용해져 다음 움직임을 준비하는 모습입니다.,77.8%,25.1%,70700.0
2026-06-01,신중히 매수,대한전선,001440,거래가 조용해져 다음 움직임을 준비하는 모습입니다.,85.0%,33.9%,47600.0
2026-06-01,신중히 매수,코리아써키트2우B,00781K,거래가 조용해져 다음 움직임을 준비하는 모습입니다.,78.6%,15.3%,19250.0
2026-06-01,신중히 매수,삼성E&amp;A,028050,거래가 조용해져 다음 움직임을 준비하는 모습입니다.,64.0%,13.8%,50300.0
2026-06-01,신중히 매수,신세계,004170,거래가 조용해져 다음 움직임을 준비하는 모습입니다.,96.3%,38.0%,516000.0
2026-06-01,신중히 매수,솔루스첨단소재,336370,RSI 반전 신호(상승 가능성),56.7%,11.8%,11960.0
2026-06-01,신중히 매수,롯데쇼핑,023530,거래가 조용해져 다음 움직임을 준비하는 모습입니다.,93.8%,32.8%,147500.0
2026-06-01,신중히 매수,효성중공업,298040,거래가 조용해져 다음 움직임을 준비하는 모습입니다.,73.7%,22.4%,3811000.0
2026-06-01,신중히 매수,수산세보틱스,017550,거래가 조용해져 다음 움직임을 준비하는 모습입니다.,52.0%,3.3%,2550.0
2026-06-01,신중히 매수,효성,004800,거래가 조용해져 다음 움직임을 준비하는 모습입니다.,61.9%,16.8%,197500.0
2026-06-01,신중히 매수,달바글로벌,483650,"거래가 조용해져 다음 움직임을 준비하는 모습입니다., 과매도 반등 신호",55.6%,2.8%,202500.0
2026-06-01,신중히 매수,포스코스틸리온,058430,거래가 조용해져 다음 움직임을 준비하는 모습입니다.,64.7%,7.7%,5780.0
2026-06-01,신중히 매수,삼성물산우B,02826K,거래가 조용해져 다음 움직임을 준비하는 모습입니다.,85.2%,21.6%,242000.0
2026-06-01,신중히 매수,삼성SDI우,006405,거래가 조용해져 다음 움직임을 준비하는 모습입니다.,76.0%,22.8%,286500.0
2026-06-01,신중히 매수,GS리테일,007070,거래가 조용해져 다음 움직임을 준비하는 모습입니다.,91.9%,21.8%,24750.0
2026-06-01,신중히 매수,케이씨텍,281820,"거래가 조용해져 다음 움직임을 준비하는 모습입니다., 거래가 조용해지며 다음 변동성을 준비하는 구간입니다.",72.2%,23.8%,63200.0
2026-06-01,신중히 매수,삼성증권,016360,거래가 조용해져 다음 움직임을 준비하는 모습입니다.,78.8%,19.4%,124500.0
2026-06-01,신중히 매수,GS글로벌,001250,거래가 조용해져 다음 움직임을 준비하는 모습입니다.,64.3%,9.3%,3115.0
2026-06-01,신중히 매수,코스맥스비티아이,044820,거래가 조용해져 다음 움직임을 준비하는 모습입니다.,57.1%,6.3%,18000.0
2026-06-01,신중히 매수,경인전자,009140,거래가 조용해져 다음 움직임을 준비하는 모습입니다.,83.3%,10.9%,26200.0
2026-06-01,신중히 매수,대덕1우,00806K,"최근 급등 뒤 숨고르기 구간에 진입했습니다., 거래가 조용해지며 다음 변동성을 준비하는 구간입니다.",52.2%,3.3%,13130.0
2026-06-01,신중히 매수,포스코퓨처엠,003670,거래가 조용해져 다음 움직임을 준비하는 모습입니다.,82.6%,23.7%,231000.0
2026-06-01,신중히 매수,HD건설기계,267270,거래가 조용해져 다음 움직임을 준비하는 모습입니다.,54.8%,10.9%,145000.0
2026-06-01,신중히 매수,진흥기업,002780,거래가 조용해져 다음 움직임을 준비하는 모습입니다.,71.4%,18.0%,911.0
2026-06-01,신중히 매수,유니퀘스트,077500,거래가 조용해져 다음 움직임을 준비하는 모습입니다.,55.6%,7.6%,7240.0
2026-06-01,신중히 매수,HD현대일렉트릭,267260,RSI 반전 신호(상승 가능성),77.8%,23.0%,1066000.0
2026-06-01,신중히 매수,성문전자우,014915,거래가 조용해져 다음 움직임을 준비하는 모습입니다.,75.0%,13.2%,4770.0
2026-06-01,신중히 매수,한화갤러리아,452260,거래가 조용해져 다음 움직임을 준비하는 모습입니다.,83.3%,18.9%,2895.0
2026-06-01,신중히 매수,솔루엠,248070,"거래가 조용해져 다음 움직임을 준비하는 모습입니다., 거래가 조용해지며 다음 변동성을 준비하는 구간입니다.",50.0%,4.2%,19210.0
2026-06-01,신중히 매수,계양전기,012200,거래가 조용해져 다음 움직임을 준비하는 모습입니다.,71.1%,32.8%,7130.0
2026-06-01,신중히 매수,두산에너빌리티,034020,거래가 조용해져 다음 움직임을 준비하는 모습입니다.,70.0%,12.6%,106900.0
2026-06-01,신중히 매수,유안타증권,003470,거래가 조용해져 다음 움직임을 준비하는 모습입니다.,81.5%,22.7%,5110.0
2026-06-01,신중히 매수,이수스페셜티케미컬,457190,거래가 조용해져 다음 움직임을 준비하는 모습입니다.,65.6%,10.6%,93600.0
2026-06-01,신중히 매수,코오롱,002020,거래가 조용해져 다음 움직임을 준비하는 모습입니다.,73.0%,9.5%,54900.0
2026-06-01,신중히 매수,롯데케미칼,011170,거래가 조용해져 다음 움직임을 준비하는 모습입니다.,76.7%,18.4%,78400.0
2026-06-01,신중히 매수,삼성FN리츠,448730,"거래가 조용해져 다음 움직임을 준비하는 모습입니다., 거래가 조용해지며 다음 변동성을 준비하는 구간입니다.",60.7%,6.3%,5160.0
2026-06-01,신중히 매수,롯데정밀화학,004000,거래가 조용해져 다음 움직임을 준비하는 모습입니다.,70.0%,13.3%,49800.0
2026-06-01,신중히 매수,아이티센씨티에스,031820,거래가 조용해져 다음 움직임을 준비하는 모습입니다.,78.9%,10.1%,6560.0
2026-06-01,신중히 매수,SK증권,001510,거래가 조용해져 다음 움직임을 준비하는 모습입니다.,80.0%,21.8%,3350.0
2026-06-01,신중히 매수,화신,010690,거래가 조용해져 다음 움직임을 준비하는 모습입니다.,68.0%,4.7%,10430.0
2026-06-01,신중히 매수,한화갤러리아우,45226K,거래가 조용해져 다음 움직임을 준비하는 모습입니다.,63.6%,5.8%,5980.0
2026-06-01,신중히 매수,와이투솔루션,011690,거래가 조용해져 다음 움직임을 준비하는 모습입니다.,67.9%,22.5%,4890.0
2026-06-01,추가 확인 후 매수,SK스퀘어,402340,거래가 조용해지며 다음 변동성을 준비하는 구간입니다.,43.8%,11.5%,1256000.0
2026-06-01,추가 확인 후 매수,ASML,ASML,최근 급등 뒤 숨고르기 구간에 진입했습니다.,41.9%,-0.9%,1628.5699462890625
2026-06-01,추가 확인 후 매수,SPY,SPY,거래가 조용해지며 다음 변동성을 준비하는 구간입니다.,44.0%,0.4%,758.5399780273438
2026-06-01,추가 확인 후 매수,에이피알,278470,"거래가 조용해져 다음 움직임을 준비하는 모습입니다., 거래가 조용해지며 다음 변동성을 준비하는 구간입니다.",42.1%,-0.6%,426500.0
2026-06-01,추가 확인 후 매수,쏘카,403550,거래가 조용해져 다음 움직임을 준비하는 모습입니다.,40.0%,-4.5%,12390.0
2026-06-01,추가 확인 후 매수,SK이노베이션,096770,거래가 조용해져 다음 움직임을 준비하는 모습입니다.,42.9%,-1.2%,116200.0
2026-06-01,추가 확인 후 매수,동원수산,030720,거래가 조용해져 다음 움직임을 준비하는 모습입니다.,71.4%,4.2%,5790.0
2026-06-01,추가 확인 후 매수,현대글로비스,086280,거래가 조용해져 다음 움직임을 준비하는 모습입니다.,42.9%,-6.3%,232500.0
2026-06-01,추가 확인 후 매수,SK증권우,001515,거래가 조용해져 다음 움직임을 준비하는 모습입니다.,70.4%,18.8%,5940.0
2026-06-01,추가 확인 후 매수,동국씨엠,460850,거래가 조용해져 다음 움직임을 준비하는 모습입니다.,56.0%,2.1%,5550.0
2026-06-01,추가 확인 후 매수,혜인,003010,거래가 조용해져 다음 움직임을 준비하는 모습입니다.,64.5%,6.6%,5150.0
2026-06-01,추가 확인 후 매수,WISCOM,024070,거래가 조용해져 다음 움직임을 준비하는 모습입니다.,68.0%,7.1%,1862.0
2026-06-01,추가 확인 후 매수,에코프로머티,450080,거래가 조용해져 다음 움직임을 준비하는 모습입니다.,43.5%,-5.6%,60100.0
2026-06-01,추가 확인 후 매수,휴스틸,005010,거래가 조용해져 다음 움직임을 준비하는 모습입니다.,47.1%,1.1%,4845.0
2026-06-01,추가 확인 후 매수,KSS해운,044450,거래가 조용해져 다음 움직임을 준비하는 모습입니다.,41.9%,-5.0%,9720.0
2026-06-01,추가 확인 후 매수,문배철강,008420,거래가 조용해져 다음 움직임을 준비하는 모습입니다.,61.9%,4.7%,2035.0
2026-06-01,추가 확인 후 매수,HS효성첨단소재,298050,거래가 조용해져 다음 움직임을 준비하는 모습입니다.,57.1%,3.2%,204500.0
2026-06-01,추가 확인 후 매수,파미셀,005690,거래가 조용해져 다음 움직임을 준비하는 모습입니다.,48.4%,-3.0%,14950.0
2026-06-01,추가 확인 후 매수,고려제강,002240,거래가 조용해져 다음 움직임을 준비하는 모습입니다.,50.0%,-1.5%,19410.0
2026-06-01,추가 확인 후 매수,대한유화,006650,거래가 조용해져 다음 움직임을 준비하는 모습입니다.,66.7%,11.1%,125500.0
2026-06-01,추가 확인 후 매수,미래에셋증권,006800,거래가 조용해져 다음 움직임을 준비하는 모습입니다.,43.3%,-4.7%,60900.0
2026-06-01,추가 확인 후 매수,KG케미칼,001390,거래가 조용해져 다음 움직임을 준비하는 모습입니다.,50.0%,-0.0%,4590.0
2026-06-01,추가 확인 후 매수,HD현대마린엔진,071970,거래가 조용해져 다음 움직임을 준비하는 모습입니다.,44.4%,4.7%,69800.0
2026-06-01,추가 확인 후 매수,남해화학,025860,거래가 조용해져 다음 움직임을 준비하는 모습입니다.,65.4%,12.8%,6850.0
2026-06-01,추가 확인 후 매수,한화투자증권,003530,거래가 조용해져 다음 움직임을 준비하는 모습입니다.,55.2%,2.0%,6040.0
2026-06-01,추가 확인 후 매수,상상인증권,001290,거래가 조용해져 다음 움직임을 준비하는 모습입니다.,47.5%,0.2%,995.0
2026-06-03,신중히 매수,가온전선,000500,거래가 조용해져 다음 움직임을 준비하는 모습입니다.,83.3%,34.3%,386000.0
2026-06-03,신중히 매수,AMD,AMD,거래가 조용해지며 다음 변동성을 준비하는 구간입니다.,77.8%,11.3%,542.52001953125
2026-06-03,신중히 매수,INTC,INTC,거래가 조용해지며 다음 변동성을 준비하는 구간입니다.,70.0%,11.2%,112.70999908447266
2026-06-03,신중히 매수,대원전선우,006345,거래가 조용해져 다음 움직임을 준비하는 모습입니다.,72.7%,34.4%,10390.0
2026-06-03,신중히 매수,한솔테크닉스,004710,"거래가 조용해져 다음 움직임을 준비하는 모습입니다., 거래가 조용해지며 다음 변동성을 준비하는 구간입니다.",60.0%,18.9%,11370.0
2026-06-03,신중히 매수,삼아알미늄,006110,거래가 조용해지며 다음 변동성을 준비하는 구간입니다.,50.0%,3.6%,79200.0
2026-06-03,신중히 매수,CSCO,CSCO,거래가 조용해져 다음 움직임을 준비하는 모습입니다.,83.3%,6.2%,126.5
2026-06-03,신중히 매수,SK,034730,최근 급등 뒤 숨고르기 구간에 진입했습니다.,82.4%,33.2%,668000.0
2026-06-03,신중히 매수,대덕전자1우,35320K,거래가 조용해져 다음 움직임을 준비하는 모습입니다.,73.9%,16.4%,35850.0
2026-06-03,신중히 매수,두산로보틱스,454910,거래량 급증,74.1%,14.7%,166700.0
2026-06-03,신중히 매수,계양전기우,012205,거래가 조용해져 다음 움직임을 준비하는 모습입니다.,78.9%,44.2%,10000.0
2026-06-03,신중히 매수,코리아써키트,007810,최근 급등 뒤 숨고르기 구간에 진입했습니다.,65.5%,11.6%,109000.0
2026-06-03,신중히 매수,CAT,CAT,최근 급등 뒤 숨고르기 구간에 진입했습니다.,49.0%,2.5%,926.1799926757812
2026-06-03,신중히 매수,신세계,004170,"거래가 조용해져 다음 움직임을 준비하는 모습입니다., 과매도 반등 신호",96.3%,38.0%,569000.0
2026-06-03,신중히 매수,SK우,03473K,최근 급등 뒤 숨고르기 구간에 진입했습니다.,81.0%,22.1%,416000.0
2026-06-03,신중히 매수,성문전자,014910,거래가 조용해져 다음 움직임을 준비하는 모습입니다.,85.7%,31.6%,2715.0
2026-06-03,신중히 매수,OCI홀딩스,010060,거래가 조용해지며 다음 변동성을 준비하는 구간입니다.,60.0%,6.1%,316500.0
2026-06-03,신중히 매수,NC,036570,거래량 급증,66.7%,11.1%,338000.0
2026-06-03,신중히 매수,삼성E&amp;A,028050,거래가 조용해져 다음 움직임을 준비하는 모습입니다.,64.0%,13.8%,49300.0
2026-06-03,신중히 매수,삼성SDI,006400,거래가 조용해지며 다음 변동성을 준비하는 구간입니다.,53.3%,9.6%,602000.0
2026-06-03,신중히 매수,산일전기,062040,거래가 조용해지며 다음 변동성을 준비하는 구간입니다.,71.4%,24.9%,225000.0
2026-06-03,신중히 매수,LS,006260,거래가 조용해지며 다음 변동성을 준비하는 구간입니다.,70.0%,29.1%,425500.0
2026-06-03,신중히 매수,롯데쇼핑,023530,거래가 조용해져 다음 움직임을 준비하는 모습입니다.,93.5%,32.9%,154100.0
2026-06-03,신중히 매수,코리아써키트2우B,00781K,거래가 조용해져 다음 움직임을 준비하는 모습입니다.,81.5%,16.3%,18230.0
2026-06-03,신중히 매수,솔루스첨단소재,336370,거래가 조용해지며 다음 변동성을 준비하는 구간입니다.,56.7%,11.8%,11370.0
2026-06-03,신중히 매수,수산세보틱스,017550,거래가 조용해져 다음 움직임을 준비하는 모습입니다.,50.0%,2.4%,2595.0
2026-06-03,신중히 매수,LS ELECTRIC,010120,거래가 조용해져 다음 움직임을 준비하는 모습입니다.,73.3%,22.3%,241500.0
2026-06-03,신중히 매수,삼성물산우B,02826K,거래가 조용해져 다음 움직임을 준비하는 모습입니다.,82.1%,20.1%,251500.0
2026-06-03,신중히 매수,효성중공업,298040,거래가 조용해져 다음 움직임을 준비하는 모습입니다.,73.7%,22.4%,3544000.0
2026-06-03,신중히 매수,효성,004800,거래가 조용해져 다음 움직임을 준비하는 모습입니다.,59.1%,15.2%,189300.0
2026-06-03,신중히 매수,COST,COST,과매도 반등 신호,66.7%,2.2%,961.8300170898438
2026-06-03,신중히 매수,포스코스틸리온,058430,거래가 조용해져 다음 움직임을 준비하는 모습입니다.,62.9%,6.9%,5640.0
2026-06-03,신중히 매수,GS리테일,007070,거래가 조용해져 다음 움직임을 준비하는 모습입니다.,91.7%,21.7%,25250.0
2026-06-03,신중히 매수,OCI,456040,거래가 조용해져 다음 움직임을 준비하는 모습입니다.,53.6%,10.0%,120100.0
2026-06-03,신중히 매수,삼성증권,016360,거래가 조용해져 다음 움직임을 준비하는 모습입니다.,76.5%,18.2%,120600.0
2026-06-03,신중히 매수,GS글로벌,001250,"거래가 조용해져 다음 움직임을 준비하는 모습입니다., 거래가 조용해지며 다음 변동성을 준비하는 구간입니다.",60.7%,7.9%,3065.0
2026-06-03,신중히 매수,삼성SDI우,006405,거래가 조용해져 다음 움직임을 준비하는 모습입니다.,75.0%,23.5%,269000.0
2026-06-03,신중히 매수,코스맥스비티아이,044820,거래가 조용해져 다음 움직임을 준비하는 모습입니다.,57.1%,6.3%,18130.0
2026-06-03,신중히 매수,경인전자,009140,거래가 조용해져 다음 움직임을 준비하는 모습입니다.,80.6%,9.9%,26650.0
2026-06-03,신중히 매수,유니퀘스트,077500,거래가 조용해져 다음 움직임을 준비하는 모습입니다.,55.6%,7.6%,7530.0
2026-06-03,신중히 매수,LG화학,051910,거래가 조용해져 다음 움직임을 준비하는 모습입니다.,60.0%,8.3%,355000.0
2026-06-03,신중히 매수,신세계인터내셔날,031430,"RSI 반전 신호(상승 가능성), 과매도 반등 신호",70.6%,12.6%,14180.0
2026-06-03,신중히 매수,세우글로벌,013000,과매도 반등 신호,52.4%,-1.1%,1310.0
2026-06-03,신중히 매수,305720,305720,거래가 조용해져 다음 움직임을 준비하는 모습입니다.,80.0%,19.3%,18850.0
2026-06-03,신중히 매수,현대해상,001450,거래가 조용해져 다음 움직임을 준비하는 모습입니다.,81.8%,11.1%,34800.0
2026-06-03,신중히 매수,대덕1우,00806K,거래가 조용해지며 다음 변동성을 준비하는 구간입니다.,50.0%,2.3%,12960.0
2026-06-03,신중히 매수,포스코퓨처엠,003670,거래가 조용해져 다음 움직임을 준비하는 모습입니다.,86.4%,25.7%,222500.0
2026-06-03,신중히 매수,HD건설기계,267270,거래가 조용해져 다음 움직임을 준비하는 모습입니다.,54.8%,10.9%,147800.0
2026-06-03,신중히 매수,한화갤러리아,452260,거래가 조용해져 다음 움직임을 준비하는 모습입니다.,81.1%,17.8%,2760.0
2026-06-03,신중히 매수,HD현대일렉트릭,267260,거래가 조용해져 다음 움직임을 준비하는 모습입니다.,77.8%,23.0%,995000.0
2026-06-03,신중히 매수,계양전기,012200,거래가 조용해져 다음 움직임을 준비하는 모습입니다.,68.4%,31.9%,6830.0
2026-06-03,신중히 매수,유안타증권,003470,거래가 조용해져 다음 움직임을 준비하는 모습입니다.,78.6%,21.2%,5050.0
2026-06-03,신중히 매수,이수스페셜티케미컬,457190,거래가 조용해져 다음 움직임을 준비하는 모습입니다.,64.5%,10.4%,89000.0
2026-06-03,신중히 매수,두산에너빌리티,034020,거래가 조용해져 다음 움직임을 준비하는 모습입니다.,70.0%,12.6%,100000.0
2026-06-03,신중히 매수,롯데케미칼,011170,거래가 조용해져 다음 움직임을 준비하는 모습입니다.,74.2%,17.1%,77400.0
2026-06-03,신중히 매수,삼성FN리츠,448730,거래가 조용해지며 다음 변동성을 준비하는 구간입니다.,58.6%,5.4%,5180.0
2026-06-03,신중히 매수,유진투자증권,001200,거래가 조용해져 다음 움직임을 준비하는 모습입니다.,80.0%,10.2%,4655.0
2026-06-03,신중히 매수,롯데정밀화학,004000,거래가 조용해져 다음 움직임을 준비하는 모습입니다.,66.7%,11.7%,48650.0
2026-06-03,신중히 매수,한미반도체,042700,거래가 조용해져 다음 움직임을 준비하는 모습입니다.,80.8%,20.0%,275500.0
2026-06-03,신중히 매수,동양고속,084670,거래가 조용해져 다음 움직임을 준비하는 모습입니다.,54.5%,13.3%,38900.0
2026-06-03,신중히 매수,진흥기업,002780,거래가 조용해져 다음 움직임을 준비하는 모습입니다.,67.9%,16.4%,866.0
2026-06-03,신중히 매수,한화갤러리아우,45226K,거래가 조용해져 다음 움직임을 준비하는 모습입니다.,63.6%,5.8%,5720.0
2026-06-03,신중히 매수,SK증권,001510,거래가 조용해져 다음 움직임을 준비하는 모습입니다.,80.0%,21.8%,3190.0
2026-06-03,추가 확인 후 매수,SK스퀘어,402340,거래가 조용해지며 다음 변동성을 준비하는 구간입니다.,41.2%,9.6%,1346000.0
2026-06-03,추가 확인 후 매수,SPY,SPY,거래가 조용해지며 다음 변동성을 준비하는 구간입니다.,40.7%,0.2%,754.239990234375
2026-06-03,추가 확인 후 매수,SK이노베이션,096770,"RSI 반전 신호(상승 가능성), 거래가 조용해져 다음 움직임을 준비하는 모습입니다.",40.9%,-2.0%,116300.0
2026-06-03,추가 확인 후 매수,LG화학우,051915,거래가 조용해져 다음 움직임을 준비하는 모습입니다.,45.5%,-4.1%,161600.0
2026-06-03,추가 확인 후 매수,성문전자우,014915,거래가 조용해져 다음 움직임을 준비하는 모습입니다.,66.7%,9.8%,4500.0
2026-06-03,추가 확인 후 매수,WISCOM,024070,거래가 조용해져 다음 움직임을 준비하는 모습입니다.,68.0%,7.1%,1888.0
2026-06-03,추가 확인 후 매수,현대글로비스,086280,거래가 조용해져 다음 움직임을 준비하는 모습입니다.,42.9%,-6.3%,221500.0
2026-06-03,추가 확인 후 매수,동원수산,030720,거래가 조용해져 다음 움직임을 준비하는 모습입니다.,66.7%,2.6%,5600.0
2026-06-03,추가 확인 후 매수,혜인,003010,거래가 조용해져 다음 움직임을 준비하는 모습입니다.,62.5%,5.8%,5000.0
2026-06-03,추가 확인 후 매수,미원화학,134380,"바닥권 반등 신호(BB 하단), 과매도 반등 신호",47.2%,1.1%,10150.0
2026-06-03,추가 확인 후 매수,제이에스코퍼레이션,194370,거래가 조용해져 다음 움직임을 준비하는 모습입니다.,50.0%,-0.9%,10830.0
2026-06-03,추가 확인 후 매수,대한유화,006650,거래가 조용해져 다음 움직임을 준비하는 모습입니다.,66.7%,11.1%,121900.0
2026-06-03,추가 확인 후 매수,고려제강,002240,거래가 조용해져 다음 움직임을 준비하는 모습입니다.,50.0%,-1.5%,18970.0
2026-06-03,추가 확인 후 매수,문배철강,008420,거래가 조용해져 다음 움직임을 준비하는 모습입니다.,61.9%,4.7%,2010.0
2026-06-03,추가 확인 후 매수,KG케미칼,001390,거래가 조용해져 다음 움직임을 준비하는 모습입니다.,52.6%,1.0%,4500.0
2026-06-03,추가 확인 후 매수,미래에셋증권,006800,거래가 조용해져 다음 움직임을 준비하는 모습입니다.,43.3%,-4.7%,57800.0
2026-06-03,추가 확인 후 매수,HD현대마린엔진,071970,거래가 조용해져 다음 움직임을 준비하는 모습입니다.,50.0%,7.8%,65200.0
2026-06-03,추가 확인 후 매수,SK증권우,001515,거래가 조용해져 다음 움직임을 준비하는 모습입니다.,70.4%,18.8%,5300.0
2026-06-03,추가 확인 후 매수,한화투자증권,003530,거래가 조용해져 다음 움직임을 준비하는 모습입니다.,53.3%,1.3%,5800.0
2026-06-03,추가 확인 후 매수,남해화학,025860,거래가 조용해져 다음 움직임을 준비하는 모습입니다.,65.4%,12.8%,6600.0
2026-06-03,추가 확인 후 매수,와이투솔루션,011690,거래가 조용해져 다음 움직임을 준비하는 모습입니다.,67.9%,22.5%,4795.0
2026-06-03,추가 확인 후 매수,상상인증권,001290,거래가 조용해져 다음 움직임을 준비하는 모습입니다.,47.5%,0.2%,958.0
2026-06-04,신중히 매수,가온전선,000500,"거래가 조용해져 다음 움직임을 준비하는 모습입니다., 거래가 조용해지며 다음 변동성을 준비하는 구간입니다.",80.0%,32.1%,338500.0
2026-06-04,신중히 매수,AMD,AMD,"최근 급등 뒤 숨고르기 구간에 진입했습니다., 거래가 조용해지며 다음 변동성을 준비하는 구간입니다.",75.0%,10.4%,523.2000122070312
2026-06-04,신중히 매수,INTC,INTC,거래가 조용해지며 다음 변동성을 준비하는 구간입니다.,70.0%,11.0%,111.77999877929688
2026-06-04,신중히 매수,대원전선우,006345,거래가 조용해져 다음 움직임을 준비하는 모습입니다.,69.6%,32.1%,10760.0
2026-06-04,신중히 매수,삼아알미늄,006110,"최근 급등 뒤 숨고르기 구간에 진입했습니다., 거래가 조용해지며 다음 변동성을 준비하는 구간입니다., 과매도 반등 신호",50.0%,3.6%,81600.0
2026-06-04,신중히 매수,한솔테크닉스,004710,"거래가 조용해져 다음 움직임을 준비하는 모습입니다., 거래가 조용해지며 다음 변동성을 준비하는 구간입니다.",56.2%,16.4%,12460.0
2026-06-04,신중히 매수,두산퓨얼셀,336260,거래가 조용해지며 다음 변동성을 준비하는 구간입니다.,65.0%,25.2%,84600.0
2026-06-04,신중히 매수,DB하이텍,000990,거래가 조용해지며 다음 변동성을 준비하는 구간입니다.,89.7%,36.2%,176400.0
2026-06-04,신중히 매수,CSCO,CSCO,거래가 조용해져 다음 움직임을 준비하는 모습입니다.,80.6%,5.7%,130.0
2026-06-04,신중히 매수,대덕전자1우,35320K,거래가 조용해져 다음 움직임을 준비하는 모습입니다.,69.6%,14.4%,36450.0
2026-06-04,신중히 매수,SK,034730,최근 급등 뒤 숨고르기 구간에 진입했습니다.,82.4%,33.2%,668000.0
2026-06-04,신중히 매수,계양전기우,012205,거래가 조용해져 다음 움직임을 준비하는 모습입니다.,78.9%,44.2%,10050.0
2026-06-04,신중히 매수,성문전자,014910,"거래가 조용해져 다음 움직임을 준비하는 모습입니다., 최근 급등 뒤 숨고르기 구간에 진입했습니다.",85.7%,31.6%,2845.0
2026-06-04,신중히 매수,OCI홀딩스,010060,거래가 조용해지며 다음 변동성을 준비하는 구간입니다.,53.3%,3.5%,311500.0
2026-06-04,신중히 매수,삼성SDI,006400,거래가 조용해지며 다음 변동성을 준비하는 구간입니다.,51.6%,8.6%,607000.0
2026-06-04,신중히 매수,롯데쇼핑,023530,과매도 반등 신호,90.3%,31.3%,172000.0
2026-06-04,신중히 매수,코리아써키트2우B,00781K,"거래가 조용해져 다음 움직임을 준비하는 모습입니다., 최근 급등 뒤 숨고르기 구간에 진입했습니다., 거래가 조용해지며 다음 변동성을 준비하는 구간입니다.",81.5%,16.1%,19190.0
2026-06-04,신중히 매수,대덕,008060,거래가 조용해지며 다음 변동성을 준비하는 구간입니다.,75.0%,16.1%,20350.0
2026-06-04,신중히 매수,삼성E&amp;A,028050,거래가 조용해져 다음 움직임을 준비하는 모습입니다.,61.5%,12.5%,49500.0
2026-06-04,신중히 매수,케이씨텍,281820,"바닥권 반등 신호(BB 하단), 거래가 조용해지며 다음 변동성을 준비하는 구간입니다.",61.1%,18.2%,67700.0
2026-06-04,신중히 매수,LS ELECTRIC,010120,거래가 조용해져 다음 움직임을 준비하는 모습입니다.,73.3%,22.3%,239500.0
2026-06-04,신중히 매수,솔루스첨단소재,336370,거래가 조용해지며 다음 변동성을 준비하는 구간입니다.,56.7%,11.8%,11180.0
2026-06-04,신중히 매수,효성,004800,거래가 조용해져 다음 움직임을 준비하는 모습입니다.,56.5%,13.6%,191700.0
2026-06-04,신중히 매수,효성중공업,298040,거래가 조용해져 다음 움직임을 준비하는 모습입니다.,70.0%,20.3%,3488000.0
2026-06-04,신중히 매수,달바글로벌,483650,과매도 반등 신호,50.0%,0.6%,198100.0
2026-06-04,신중히 매수,삼성증권,016360,거래가 조용해져 다음 움직임을 준비하는 모습입니다.,74.3%,17.1%,127000.0
2026-06-04,신중히 매수,OCI,456040,"거래가 조용해져 다음 움직임을 준비하는 모습입니다., 거래가 조용해지며 다음 변동성을 준비하는 구간입니다.",53.6%,10.0%,120100.0
2026-06-04,신중히 매수,경인전자,009140,"거래가 조용해져 다음 움직임을 준비하는 모습입니다., 과매도 반등 신호",78.1%,8.9%,28000.0
2026-06-04,신중히 매수,포스코스틸리온,058430,거래가 조용해져 다음 움직임을 준비하는 모습입니다.,61.1%,6.1%,5560.0
2026-06-04,신중히 매수,유니퀘스트,077500,"거래가 조용해져 다음 움직임을 준비하는 모습입니다., 거래가 조용해지며 다음 변동성을 준비하는 구간입니다.",50.0%,4.9%,7750.0
2026-06-04,신중히 매수,한일철강,002220,거래가 조용해지며 다음 변동성을 준비하는 구간입니다.,69.2%,17.8%,4675.0
2026-06-04,신중히 매수,POSCO홀딩스,005490,거래가 조용해져 다음 움직임을 준비하는 모습입니다.,94.4%,27.2%,402000.0
2026-06-04,신중히 매수,신세계인터내셔날,031430,"RSI 반전 신호(상승 가능성), 거래가 조용해져 다음 움직임을 준비하는 모습입니다.",69.7%,12.3%,14370.0
2026-06-04,신중히 매수,305720,305720,거래가 조용해져 다음 움직임을 준비하는 모습입니다.,80.0%,19.3%,18830.0
2026-06-04,신중히 매수,GS리테일,007070,거래가 조용해져 다음 움직임을 준비하는 모습입니다.,89.2%,20.6%,23400.0
2026-06-04,신중히 매수,코스맥스비티아이,044820,거래가 조용해져 다음 움직임을 준비하는 모습입니다.,53.3%,4.6%,18130.0
2026-06-04,신중히 매수,LG화학,051910,거래가 조용해져 다음 움직임을 준비하는 모습입니다.,60.0%,8.3%,352000.0
2026-06-04,신중히 매수,현대해상,001450,거래가 조용해져 다음 움직임을 준비하는 모습입니다.,83.7%,11.9%,35100.0
2026-06-04,신중히 매수,HD건설기계,267270,"RSI 반전 신호(상승 가능성), 거래가 조용해져 다음 움직임을 준비하는 모습입니다.",51.6%,9.1%,148700.0
2026-06-04,신중히 매수,포스코퓨처엠,003670,거래가 조용해져 다음 움직임을 준비하는 모습입니다.,86.4%,25.7%,221500.0
2026-06-04,신중히 매수,GS글로벌,001250,"거래가 조용해져 다음 움직임을 준비하는 모습입니다., 거래가 조용해지며 다음 변동성을 준비하는 구간입니다.",57.1%,6.5%,3000.0
2026-06-04,신중히 매수,한국금융지주,071050,거래가 조용해져 다음 움직임을 준비하는 모습입니다.,50.0%,-0.5%,250500.0
2026-06-04,신중히 매수,한화갤러리아,452260,거래가 조용해져 다음 움직임을 준비하는 모습입니다.,78.9%,16.8%,2785.0
2026-06-04,신중히 매수,HD현대일렉트릭,267260,"RSI 반전 신호(상승 가능성), 거래가 조용해져 다음 움직임을 준비하는 모습입니다.",73.7%,20.7%,999000.0
2026-06-04,신중히 매수,일진전기,103590,거래가 조용해져 다음 움직임을 준비하는 모습입니다.,90.0%,34.7%,85900.0
2026-06-04,신중히 매수,동국제강,460860,거래가 조용해져 다음 움직임을 준비하는 모습입니다.,59.3%,11.7%,10010.0
2026-06-04,신중히 매수,계양전기,012200,거래가 조용해져 다음 움직임을 준비하는 모습입니다.,68.4%,31.9%,6820.0
2026-06-04,신중히 매수,유안타증권,003470,거래가 조용해져 다음 움직임을 준비하는 모습입니다.,75.9%,19.8%,5140.0
2026-06-04,신중히 매수,한미반도체,042700,거래가 조용해져 다음 움직임을 준비하는 모습입니다.,80.0%,19.6%,304000.0
2026-06-04,신중히 매수,이수스페셜티케미컬,457190,거래가 조용해져 다음 움직임을 준비하는 모습입니다.,64.5%,10.4%,89300.0
2026-06-04,신중히 매수,롯데케미칼,011170,"거래가 조용해져 다음 움직임을 준비하는 모습입니다., 과매도 반등 신호",71.9%,16.0%,81000.0
2026-06-04,신중히 매수,롯데정밀화학,004000,거래가 조용해져 다음 움직임을 준비하는 모습입니다.,63.6%,10.3%,49950.0
2026-06-04,신중히 매수,동양고속,084670,거래가 조용해져 다음 움직임을 준비하는 모습입니다.,56.2%,14.3%,41450.0
2026-06-04,신중히 매수,두산에너빌리티,034020,거래가 조용해져 다음 움직임을 준비하는 모습입니다.,66.7%,11.1%,99200.0
2026-06-04,신중히 매수,유진투자증권,001200,거래가 조용해져 다음 움직임을 준비하는 모습입니다.,80.0%,10.2%,4710.0
2026-06-04,신중히 매수,진흥기업,002780,"거래가 조용해져 다음 움직임을 준비하는 모습입니다., 과매도 반등 신호",64.3%,14.8%,933.0
2026-06-04,신중히 매수,한화갤러리아우,45226K,거래가 조용해져 다음 움직임을 준비하는 모습입니다.,63.6%,5.8%,5460.0
2026-06-04,신중히 매수,SK증권,001510,거래가 조용해져 다음 움직임을 준비하는 모습입니다.,77.4%,20.5%,3200.0
2026-06-04,추가 확인 후 매수,SKC,011790,거래가 조용해지며 다음 변동성을 준비하는 구간입니다.,40.0%,1.1%,155900.0
2026-06-04,추가 확인 후 매수,수산세보틱스,017550,"RSI 반전 신호(상승 가능성), 거래가 조용해져 다음 움직임을 준비하는 모습입니다.",48.1%,1.6%,2600.0
2026-06-04,추가 확인 후 매수,LIG디펜스앤에어로스페이스,079550,RSI 반전 신호(상승 가능성),41.2%,3.5%,733000.0
2026-06-04,추가 확인 후 매수,대덕1우,00806K,거래가 조용해지며 다음 변동성을 준비하는 구간입니다.,48.0%,1.4%,12940.0
2026-06-04,추가 확인 후 매수,성문전자우,014915,거래가 조용해져 다음 움직임을 준비하는 모습입니다.,58.3%,6.1%,4520.0
2026-06-04,추가 확인 후 매수,LG화학우,051915,거래가 조용해져 다음 움직임을 준비하는 모습입니다.,45.5%,-4.1%,162400.0
2026-06-04,추가 확인 후 매수,동원수산,030720,거래가 조용해져 다음 움직임을 준비하는 모습입니다.,60.0%,0.4%,5690.0
2026-06-04,추가 확인 후 매수,에코프로머티,450080,거래가 조용해져 다음 움직임을 준비하는 모습입니다.,40.9%,-6.3%,58900.0
2026-06-04,추가 확인 후 매수,WISCOM,024070,거래가 조용해져 다음 움직임을 준비하는 모습입니다.,68.0%,7.1%,1837.0
2026-06-04,추가 확인 후 매수,대한유화,006650,거래가 조용해져 다음 움직임을 준비하는 모습입니다.,66.7%,11.1%,126000.0
2026-06-04,추가 확인 후 매수,현대글로비스,086280,거래가 조용해져 다음 움직임을 준비하는 모습입니다.,41.4%,-6.8%,211500.0
2026-06-04,추가 확인 후 매수,혜인,003010,거래가 조용해져 다음 움직임을 준비하는 모습입니다.,64.5%,6.4%,5000.0
2026-06-04,추가 확인 후 매수,삼성FN리츠,448730,거래가 조용해지며 다음 변동성을 준비하는 구간입니다.,56.7%,4.6%,4860.0
2026-06-04,추가 확인 후 매수,솔루스첨단소재1우,33637K,"RSI 반전 신호(상승 가능성), 과매도 반등 신호",88.5%,17.0%,1813.0
2026-06-04,추가 확인 후 매수,제이에스코퍼레이션,194370,거래가 조용해져 다음 움직임을 준비하는 모습입니다.,52.2%,-0.0%,10610.0
2026-06-04,추가 확인 후 매수,미래에셋증권,006800,거래가 조용해져 다음 움직임을 준비하는 모습입니다.,41.9%,-5.2%,58300.0
2026-06-04,추가 확인 후 매수,고려제강,002240,거래가 조용해져 다음 움직임을 준비하는 모습입니다.,51.4%,-1.0%,18910.0
2026-06-04,추가 확인 후 매수,문배철강,008420,거래가 조용해져 다음 움직임을 준비하는 모습입니다.,61.9%,4.7%,1976.0
2026-06-04,추가 확인 후 매수,HD현대마린엔진,071970,거래가 조용해져 다음 움직임을 준비하는 모습입니다.,57.1%,11.7%,67300.0
2026-06-04,추가 확인 후 매수,KG케미칼,001390,거래가 조용해져 다음 움직임을 준비하는 모습입니다.,55.6%,2.2%,4470.0
2026-06-04,추가 확인 후 매수,화신,010690,거래가 조용해져 다음 움직임을 준비하는 모습입니다.,65.4%,3.8%,9820.0
2026-06-04,추가 확인 후 매수,남해화학,025860,거래가 조용해져 다음 움직임을 준비하는 모습입니다.,65.4%,12.8%,6590.0
2026-06-04,추가 확인 후 매수,한화투자증권,003530,거래가 조용해져 다음 움직임을 준비하는 모습입니다.,53.3%,1.3%,6000.0
2026-06-04,추가 확인 후 매수,우진플라임,049800,과매도 반등 신호,60.7%,1.0%,1910.0
2026-06-04,추가 확인 후 매수,와이투솔루션,011690,거래가 조용해져 다음 움직임을 준비하는 모습입니다.,65.5%,21.0%,4720.0
2026-06-04,추가 확인 후 매수,상상인증권,001290,거래가 조용해져 다음 움직임을 준비하는 모습입니다.,46.3%,-0.3%,983.0
2026-06-04,추가 확인 후 매수,SK증권우,001515,거래가 조용해져 다음 움직임을 준비하는 모습입니다.,70.4%,18.8%,5150.0
2026-06-07,신중히 매수,삼성전기우,009155,최근 급등 뒤 숨고르기 구간에 진입했습니다.,100.0%,44.6%,597000.0
2026-06-07,신중히 매수,가온전선,000500,"거래가 조용해져 다음 움직임을 준비하는 모습입니다., 거래가 조용해지며 다음 변동성을 준비하는 구간입니다.",76.9%,30.1%,306500.0
2026-06-07,신중히 매수,대원전선우,006345,거래가 조용해져 다음 움직임을 준비하는 모습입니다.,66.7%,29.9%,10390.0
2026-06-07,신중히 매수,한솔테크닉스,004710,"거래가 조용해져 다음 움직임을 준비하는 모습입니다., 최근 급등 뒤 숨고르기 구간에 진입했습니다., 거래가 조용해지며 다음 변동성을 준비하는 구간입니다.",56.2%,16.4%,12320.0
2026-06-07,신중히 매수,AMD,AMD,거래가 조용해지며 다음 변동성을 준비하는 구간입니다.,72.4%,9.6%,466.3800048828125
2026-06-07,신중히 매수,SK하이닉스,000660,거래가 조용해지며 다음 변동성을 준비하는 구간입니다.,77.3%,28.5%,2070000.0
2026-06-07,신중히 매수,두산퓨얼셀,336260,거래가 조용해지며 다음 변동성을 준비하는 구간입니다.,65.0%,25.2%,83600.0
2026-06-07,신중히 매수,DB하이텍,000990,거래가 조용해지며 다음 변동성을 준비하는 구간입니다.,88.9%,35.9%,173800.0
2026-06-07,신중히 매수,계양전기우,012205,거래가 조용해져 다음 움직임을 준비하는 모습입니다.,81.1%,45.9%,10100.0
2026-06-07,신중히 매수,CSCO,CSCO,거래가 조용해져 다음 움직임을 준비하는 모습입니다.,78.1%,5.3%,121.63999938964844
2026-06-07,신중히 매수,대덕전자1우,35320K,거래가 조용해져 다음 움직임을 준비하는 모습입니다.,68.2%,13.8%,34100.0
2026-06-07,신중히 매수,현대모비스,012330,최근 급등 뒤 숨고르기 구간에 진입했습니다.,100.0%,34.3%,697000.0
2026-06-07,신중히 매수,삼성에스디에스,018260,최근 급등 뒤 숨고르기 구간에 진입했습니다.,100.0%,34.5%,252500.0
2026-06-07,신중히 매수,GS,GS,최근 급등 뒤 숨고르기 구간에 진입했습니다.,100.0%,10.9%,1038.6800537109375
2026-06-07,신중히 매수,AAPL,AAPL,거래가 조용해지며 다음 변동성을 준비하는 구간입니다.,71.0%,5.1%,307.3399963378906
2026-06-07,신중히 매수,069500,069500,"최근 급등 뒤 숨고르기 구간에 진입했습니다., 거래가 조용해지며 다음 변동성을 준비하는 구간입니다.",86.4%,20.6%,131030.0
2026-06-07,신중히 매수,성문전자,014910,거래가 조용해져 다음 움직임을 준비하는 모습입니다.,81.5%,27.3%,2595.0
2026-06-07,신중히 매수,AMAT,AMAT,최근 급등 뒤 숨고르기 구간에 진입했습니다.,81.1%,11.2%,453.010009765625
2026-06-07,신중히 매수,OCI홀딩스,010060,거래가 조용해지며 다음 변동성을 준비하는 구간입니다.,50.0%,2.3%,298500.0
2026-06-07,신중히 매수,ASML,ASML,최근 급등 뒤 숨고르기 구간에 진입했습니다.,77.8%,7.8%,1641.739990234375
2026-06-07,신중히 매수,삼성SDI,006400,거래가 조용해지며 다음 변동성을 준비하는 구간입니다.,50.0%,7.8%,568000.0
2026-06-07,신중히 매수,코리아써키트2우B,00781K,"거래가 조용해져 다음 움직임을 준비하는 모습입니다., 최근 급등 뒤 숨고르기 구간에 진입했습니다., 거래가 조용해지며 다음 변동성을 준비하는 구간입니다.",80.8%,15.8%,18930.0
2026-06-07,신중히 매수,KO,KO,"바닥권 반등 신호(BB 하단), 과매도 반등 신호",50.0%,1.0%,79.4800033569336
2026-06-07,신중히 매수,케이씨텍,281820,과매도 반등 신호,62.5%,19.8%,65300.0
2026-06-07,신중히 매수,코리아써우,007815,거래가 조용해져 다음 움직임을 준비하는 모습입니다.,60.7%,2.0%,22900.0
2026-06-07,신중히 매수,대덕,008060,거래가 조용해지며 다음 변동성을 준비하는 구간입니다.,75.0%,16.1%,19710.0
2026-06-07,신중히 매수,삼성E&amp;A,028050,거래가 조용해져 다음 움직임을 준비하는 모습입니다.,59.3%,11.3%,48350.0
2026-06-07,신중히 매수,CVX,CVX,거래가 조용해져 다음 움직임을 준비하는 모습입니다.,51.7%,0.6%,187.30999755859375
2026-06-07,신중히 매수,효성,004800,거래가 조용해져 다음 움직임을 준비하는 모습입니다.,56.5%,13.6%,179000.0
2026-06-07,신중히 매수,NC,036570,최근 급등 뒤 숨고르기 구간에 진입했습니다.,76.9%,13.1%,281500.0
2026-06-07,신중히 매수,삼성증권,016360,"거래가 조용해져 다음 움직임을 준비하는 모습입니다., 거래가 조용해지며 다음 변동성을 준비하는 구간입니다.",71.4%,15.6%,123400.0
2026-06-07,신중히 매수,효성중공업,298040,거래가 조용해져 다음 움직임을 준비하는 모습입니다.,66.7%,18.3%,3380000.0
2026-06-07,신중히 매수,한일철강,002220,거래가 조용해지며 다음 변동성을 준비하는 구간입니다.,68.0%,17.6%,4805.0
2026-06-07,신중히 매수,솔루스첨단소재,336370,거래가 조용해지며 다음 변동성을 준비하는 구간입니다.,51.7%,9.6%,11010.0
2026-06-07,신중히 매수,포스코스틸리온,058430,거래가 조용해져 다음 움직임을 준비하는 모습입니다.,59.5%,5.4%,5430.0
2026-06-07,신중히 매수,경인전자,009140,거래가 조용해져 다음 움직임을 준비하는 모습입니다.,75.8%,8.0%,27000.0
2026-06-07,신중히 매수,LG화학,051910,거래가 조용해져 다음 움직임을 준비하는 모습입니다.,56.2%,6.5%,349000.0
2026-06-07,신중히 매수,현대해상,001450,거래가 조용해져 다음 움직임을 준비하는 모습입니다.,83.7%,11.9%,35800.0
2026-06-07,신중히 매수,POSCO홀딩스,005490,거래가 조용해져 다음 움직임을 준비하는 모습입니다.,94.4%,27.2%,390000.0
2026-06-07,신중히 매수,GS리테일,007070,거래가 조용해져 다음 움직임을 준비하는 모습입니다.,86.1%,19.1%,24000.0
2026-06-07,신중히 매수,HD현대에너지솔루션,322000,"거래가 조용해져 다음 움직임을 준비하는 모습입니다., 과매도 반등 신호",60.7%,5.7%,160500.0
2026-06-07,신중히 매수,OCI,456040,"거래가 조용해져 다음 움직임을 준비하는 모습입니다., 거래가 조용해지며 다음 변동성을 준비하는 구간입니다.",51.7%,9.0%,113500.0
2026-06-07,신중히 매수,두산2우B,000157,거래가 조용해지며 다음 변동성을 준비하는 구간입니다.,75.0%,13.2%,490500.0
2026-06-07,신중히 매수,한국금융지주,071050,거래가 조용해져 다음 움직임을 준비하는 모습입니다.,50.0%,-0.5%,246500.0
2026-06-07,신중히 매수,퍼스텍,010820,과매도 반등 신호,61.3%,16.1%,8250.0
2026-06-07,신중히 매수,신세계인터내셔날,031430,거래가 조용해져 다음 움직임을 준비하는 모습입니다.,66.7%,11.0%,13960.0
2026-06-07,신중히 매수,305720,305720,거래가 조용해져 다음 움직임을 준비하는 모습입니다.,76.9%,17.8%,17925.0
2026-06-07,신중히 매수,GS글로벌,001250,"거래가 조용해져 다음 움직임을 준비하는 모습입니다., 거래가 조용해지며 다음 변동성을 준비하는 구간입니다.",51.9%,4.7%,2945.0
2026-06-07,신중히 매수,포스코퓨처엠,003670,거래가 조용해져 다음 움직임을 준비하는 모습입니다.,82.6%,23.7%,209000.0
2026-06-07,신중히 매수,코스맥스비티아이,044820,거래가 조용해져 다음 움직임을 준비하는 모습입니다.,50.0%,3.1%,17300.0
2026-06-07,신중히 매수,한화갤러리아,452260,거래가 조용해져 다음 움직임을 준비하는 모습입니다.,76.9%,15.9%,2600.0
2026-06-07,신중히 매수,현대제철,004020,거래가 조용해져 다음 움직임을 준비하는 모습입니다.,64.0%,5.0%,35900.0
2026-06-07,신중히 매수,계양전기,012200,거래가 조용해져 다음 움직임을 준비하는 모습입니다.,70.3%,33.3%,6740.0
2026-06-07,신중히 매수,유안타증권,003470,"거래가 조용해져 다음 움직임을 준비하는 모습입니다., 과매도 반등 신호",73.3%,18.4%,5120.0
2026-06-07,신중히 매수,동양고속,084670,거래가 조용해져 다음 움직임을 준비하는 모습입니다.,58.1%,15.4%,40500.0
2026-06-07,신중히 매수,롯데케미칼,011170,거래가 조용해져 다음 움직임을 준비하는 모습입니다.,69.7%,14.9%,77500.0
2026-06-07,신중히 매수,한미반도체,042700,"거래가 조용해져 다음 움직임을 준비하는 모습입니다., 과매도 반등 신호",76.9%,18.1%,283000.0
2026-06-07,신중히 매수,두산에너빌리티,034020,거래가 조용해져 다음 움직임을 준비하는 모습입니다.,63.6%,9.7%,95600.0
2026-06-07,신중히 매수,유진투자증권,001200,거래가 조용해져 다음 움직임을 준비하는 모습입니다.,76.9%,9.0%,4680.0
2026-06-07,신중히 매수,진흥기업,002780,거래가 조용해져 다음 움직임을 준비하는 모습입니다.,59.3%,12.7%,916.0
2026-06-07,신중히 매수,SK증권,001510,"RSI 반전 신호(상승 가능성), 거래가 조용해져 다음 움직임을 준비하는 모습입니다.",75.0%,19.2%,3205.0
2026-06-07,추가 확인 후 매수,삼아알미늄,006110,거래가 조용해지며 다음 변동성을 준비하는 구간입니다.,47.1%,3.1%,71900.0
2026-06-07,추가 확인 후 매수,후성,093370,과매도 반등 신호,40.0%,1.8%,11630.0
2026-06-07,추가 확인 후 매수,수산세보틱스,017550,"거래가 조용해져 다음 움직임을 준비하는 모습입니다., 최근 급등 뒤 숨고르기 구간에 진입했습니다.",44.4%,-0.0%,2530.0
2026-06-07,추가 확인 후 매수,유니퀘스트,077500,"거래가 조용해져 다음 움직임을 준비하는 모습입니다., 거래가 조용해지며 다음 변동성을 준비하는 구간입니다.",44.4%,2.5%,7270.0
2026-06-07,추가 확인 후 매수,HD건설기계,267270,거래가 조용해져 다음 움직임을 준비하는 모습입니다.,46.7%,6.6%,147700.0
2026-06-07,추가 확인 후 매수,성문전자우,014915,거래가 조용해져 다음 움직임을 준비하는 모습입니다.,54.5%,4.7%,4450.0
2026-06-07,추가 확인 후 매수,대덕1우,00806K,거래가 조용해지며 다음 변동성을 준비하는 구간입니다.,46.2%,0.6%,12490.0
2026-06-07,추가 확인 후 매수,LG화학우,051915,거래가 조용해져 다음 움직임을 준비하는 모습입니다.,45.5%,-4.1%,156800.0
2026-06-07,추가 확인 후 매수,전진건설로봇,079900,거래가 조용해져 다음 움직임을 준비하는 모습입니다.,40.5%,-2.2%,54000.0
2026-06-07,추가 확인 후 매수,WISCOM,024070,과매도 반등 신호,68.0%,7.1%,1885.0
2026-06-07,추가 확인 후 매수,동원수산,030720,거래가 조용해져 다음 움직임을 준비하는 모습입니다.,60.0%,0.4%,5680.0
2026-06-07,추가 확인 후 매수,현대글로비스,086280,거래가 조용해져 다음 움직임을 준비하는 모습입니다.,40.0%,-7.2%,209500.0
2026-06-07,추가 확인 후 매수,KSS해운,044450,과매도 반등 신호,41.9%,-5.0%,9650.0
2026-06-07,추가 확인 후 매수,롯데정밀화학,004000,거래가 조용해져 다음 움직임을 준비하는 모습입니다.,60.9%,8.9%,48050.0
2026-06-07,추가 확인 후 매수,혜인,003010,거래가 조용해져 다음 움직임을 준비하는 모습입니다.,62.1%,5.5%,4960.0
2026-06-07,추가 확인 후 매수,삼성FN리츠,448730,거래가 조용해지며 다음 변동성을 준비하는 구간입니다.,53.3%,3.4%,4960.0
2026-06-07,추가 확인 후 매수,미래에셋증권,006800,거래가 조용해져 다음 움직임을 준비하는 모습입니다.,41.9%,-5.2%,56400.0
2026-06-07,추가 확인 후 매수,HS효성첨단소재,298050,과매도 반등 신호,66.7%,7.0%,198500.0
2026-06-07,추가 확인 후 매수,대한유화,006650,"거래가 조용해져 다음 움직임을 준비하는 모습입니다., 과매도 반등 신호",66.7%,11.1%,122100.0
2026-06-07,추가 확인 후 매수,에코프로머티,450080,거래가 조용해져 다음 움직임을 준비하는 모습입니다.,45.0%,-4.9%,55100.0
2026-06-07,추가 확인 후 매수,HD현대마린엔진,071970,거래가 조용해져 다음 움직임을 준비하는 모습입니다.,80.0%,24.4%,65800.0
2026-06-07,추가 확인 후 매수,제이에스코퍼레이션,194370,거래가 조용해져 다음 움직임을 준비하는 모습입니다.,57.1%,1.9%,10400.0
2026-06-07,추가 확인 후 매수,문배철강,008420,"거래가 조용해져 다음 움직임을 준비하는 모습입니다., 과매도 반등 신호",61.9%,4.7%,2005.0
2026-06-07,추가 확인 후 매수,한화투자증권,003530,거래가 조용해져 다음 움직임을 준비하는 모습입니다.,53.3%,1.3%,5970.0
2026-06-07,추가 확인 후 매수,남해화학,025860,거래가 조용해져 다음 움직임을 준비하는 모습입니다.,65.4%,12.8%,6570.0
2026-06-07,추가 확인 후 매수,한화갤러리아우,45226K,거래가 조용해져 다음 움직임을 준비하는 모습입니다.,65.6%,6.7%,5130.0
2026-06-07,추가 확인 후 매수,상상인증권,001290,과매도 반등 신호,45.2%,-0.8%,979.0
2026-06-07,추가 확인 후 매수,와이투솔루션,011690,거래가 조용해져 다음 움직임을 준비하는 모습입니다.,67.9%,22.5%,4530.0
2026-06-07,추가 확인 후 매수,KEC,092220,"RSI 반전 신호(상승 가능성), 과매도 반등 신호",43.8%,-3.6%,5350.0
2026-06-07,추가 확인 후 매수,SK증권우,001515,"거래가 조용해져 다음 움직임을 준비하는 모습입니다., 과매도 반등 신호",70.4%,18.8%,5470.0
2026-06-07,신중히 매수,삼성전기우,009155,최근 급등 뒤 숨고르기 구간에 진입했습니다.,100.0%,44.6%,597000.0
2026-06-07,신중히 매수,가온전선,000500,"거래가 조용해져 다음 움직임을 준비하는 모습입니다., 거래가 조용해지며 다음 변동성을 준비하는 구간입니다.",76.9%,30.1%,306500.0
2026-06-07,신중히 매수,대원전선우,006345,거래가 조용해져 다음 움직임을 준비하는 모습입니다.,66.7%,29.9%,10390.0
2026-06-07,신중히 매수,한솔테크닉스,004710,"거래가 조용해져 다음 움직임을 준비하는 모습입니다., 최근 급등 뒤 숨고르기 구간에 진입했습니다., 거래가 조용해지며 다음 변동성을 준비하는 구간입니다.",56.2%,16.4%,12320.0
2026-06-07,신중히 매수,AMD,AMD,거래가 조용해지며 다음 변동성을 준비하는 구간입니다.,72.4%,9.6%,466.3800048828125
2026-06-07,신중히 매수,SK하이닉스,000660,거래가 조용해지며 다음 변동성을 준비하는 구간입니다.,77.3%,28.5%,2070000.0
2026-06-07,신중히 매수,두산퓨얼셀,336260,거래가 조용해지며 다음 변동성을 준비하는 구간입니다.,65.0%,25.2%,83600.0
2026-06-07,신중히 매수,DB하이텍,000990,거래가 조용해지며 다음 변동성을 준비하는 구간입니다.,88.9%,35.9%,173800.0
2026-06-07,신중히 매수,계양전기우,012205,거래가 조용해져 다음 움직임을 준비하는 모습입니다.,81.1%,45.9%,10100.0
2026-06-07,신중히 매수,CSCO,CSCO,거래가 조용해져 다음 움직임을 준비하는 모습입니다.,78.1%,5.3%,121.63999938964844
2026-06-07,신중히 매수,대덕전자1우,35320K,거래가 조용해져 다음 움직임을 준비하는 모습입니다.,68.2%,13.8%,34100.0
2026-06-07,신중히 매수,현대모비스,012330,최근 급등 뒤 숨고르기 구간에 진입했습니다.,100.0%,34.3%,697000.0
2026-06-07,신중히 매수,삼성에스디에스,018260,최근 급등 뒤 숨고르기 구간에 진입했습니다.,100.0%,34.5%,252500.0
2026-06-07,신중히 매수,GS,GS,최근 급등 뒤 숨고르기 구간에 진입했습니다.,100.0%,10.9%,1038.6800537109375
2026-06-07,신중히 매수,AAPL,AAPL,거래가 조용해지며 다음 변동성을 준비하는 구간입니다.,71.0%,5.1%,307.3399963378906
2026-06-07,신중히 매수,069500,069500,"최근 급등 뒤 숨고르기 구간에 진입했습니다., 거래가 조용해지며 다음 변동성을 준비하는 구간입니다.",86.4%,20.6%,131030.0
2026-06-07,신중히 매수,성문전자,014910,거래가 조용해져 다음 움직임을 준비하는 모습입니다.,81.5%,27.3%,2595.0
2026-06-07,신중히 매수,AMAT,AMAT,최근 급등 뒤 숨고르기 구간에 진입했습니다.,81.1%,11.2%,453.010009765625
2026-06-07,신중히 매수,OCI홀딩스,010060,거래가 조용해지며 다음 변동성을 준비하는 구간입니다.,50.0%,2.3%,298500.0
2026-06-07,신중히 매수,ASML,ASML,최근 급등 뒤 숨고르기 구간에 진입했습니다.,77.8%,7.8%,1641.739990234375
2026-06-07,신중히 매수,삼성SDI,006400,거래가 조용해지며 다음 변동성을 준비하는 구간입니다.,50.0%,7.8%,568000.0
2026-06-07,신중히 매수,코리아써키트2우B,00781K,"거래가 조용해져 다음 움직임을 준비하는 모습입니다., 최근 급등 뒤 숨고르기 구간에 진입했습니다., 거래가 조용해지며 다음 변동성을 준비하는 구간입니다.",80.8%,15.8%,18930.0
2026-06-07,신중히 매수,KO,KO,"바닥권 반등 신호(BB 하단), 과매도 반등 신호",50.0%,1.0%,79.4800033569336
2026-06-07,신중히 매수,케이씨텍,281820,과매도 반등 신호,62.5%,19.8%,65300.0
2026-06-07,신중히 매수,코리아써우,007815,거래가 조용해져 다음 움직임을 준비하는 모습입니다.,60.7%,2.0%,22900.0
2026-06-07,신중히 매수,대덕,008060,거래가 조용해지며 다음 변동성을 준비하는 구간입니다.,75.0%,16.1%,19710.0
2026-06-07,신중히 매수,삼성E&amp;A,028050,거래가 조용해져 다음 움직임을 준비하는 모습입니다.,59.3%,11.3%,48350.0
2026-06-07,신중히 매수,CVX,CVX,거래가 조용해져 다음 움직임을 준비하는 모습입니다.,51.7%,0.6%,187.30999755859375
2026-06-07,신중히 매수,효성,004800,거래가 조용해져 다음 움직임을 준비하는 모습입니다.,56.5%,13.6%,179000.0
2026-06-07,신중히 매수,NC,036570,최근 급등 뒤 숨고르기 구간에 진입했습니다.,76.9%,13.1%,281500.0
2026-06-07,신중히 매수,삼성증권,016360,"거래가 조용해져 다음 움직임을 준비하는 모습입니다., 거래가 조용해지며 다음 변동성을 준비하는 구간입니다.",71.4%,15.6%,123400.0
2026-06-07,신중히 매수,효성중공업,298040,거래가 조용해져 다음 움직임을 준비하는 모습입니다.,66.7%,18.3%,3380000.0
2026-06-07,신중히 매수,한일철강,002220,거래가 조용해지며 다음 변동성을 준비하는 구간입니다.,68.0%,17.6%,4805.0
2026-06-07,신중히 매수,솔루스첨단소재,336370,거래가 조용해지며 다음 변동성을 준비하는 구간입니다.,51.7%,9.6%,11010.0
2026-06-07,신중히 매수,포스코스틸리온,058430,거래가 조용해져 다음 움직임을 준비하는 모습입니다.,59.5%,5.4%,5430.0
2026-06-07,신중히 매수,경인전자,009140,거래가 조용해져 다음 움직임을 준비하는 모습입니다.,75.8%,8.0%,27000.0
2026-06-07,신중히 매수,LG화학,051910,거래가 조용해져 다음 움직임을 준비하는 모습입니다.,56.2%,6.5%,349000.0
2026-06-07,신중히 매수,현대해상,001450,거래가 조용해져 다음 움직임을 준비하는 모습입니다.,83.7%,11.9%,35800.0
2026-06-07,신중히 매수,POSCO홀딩스,005490,거래가 조용해져 다음 움직임을 준비하는 모습입니다.,94.4%,27.2%,390000.0
2026-06-07,신중히 매수,GS리테일,007070,거래가 조용해져 다음 움직임을 준비하는 모습입니다.,86.1%,19.1%,24000.0
2026-06-07,신중히 매수,HD현대에너지솔루션,322000,"거래가 조용해져 다음 움직임을 준비하는 모습입니다., 과매도 반등 신호",60.7%,5.7%,160500.0
2026-06-07,신중히 매수,OCI,456040,"거래가 조용해져 다음 움직임을 준비하는 모습입니다., 거래가 조용해지며 다음 변동성을 준비하는 구간입니다.",51.7%,9.0%,113500.0
2026-06-07,신중히 매수,두산2우B,000157,거래가 조용해지며 다음 변동성을 준비하는 구간입니다.,75.0%,13.2%,490500.0
2026-06-07,신중히 매수,한국금융지주,071050,거래가 조용해져 다음 움직임을 준비하는 모습입니다.,50.0%,-0.5%,246500.0
2026-06-07,신중히 매수,퍼스텍,010820,과매도 반등 신호,61.3%,16.1%,8250.0
2026-06-07,신중히 매수,신세계인터내셔날,031430,거래가 조용해져 다음 움직임을 준비하는 모습입니다.,66.7%,11.0%,13960.0
2026-06-07,신중히 매수,305720,305720,거래가 조용해져 다음 움직임을 준비하는 모습입니다.,76.9%,17.8%,17925.0
2026-06-07,신중히 매수,GS글로벌,001250,"거래가 조용해져 다음 움직임을 준비하는 모습입니다., 거래가 조용해지며 다음 변동성을 준비하는 구간입니다.",51.9%,4.7%,2945.0
2026-06-07,신중히 매수,포스코퓨처엠,003670,거래가 조용해져 다음 움직임을 준비하는 모습입니다.,82.6%,23.7%,209000.0
2026-06-07,신중히 매수,코스맥스비티아이,044820,거래가 조용해져 다음 움직임을 준비하는 모습입니다.,50.0%,3.1%,17300.0
2026-06-07,신중히 매수,한화갤러리아,452260,거래가 조용해져 다음 움직임을 준비하는 모습입니다.,76.9%,15.9%,2600.0
2026-06-07,신중히 매수,현대제철,004020,거래가 조용해져 다음 움직임을 준비하는 모습입니다.,64.0%,5.0%,35900.0
2026-06-07,신중히 매수,계양전기,012200,거래가 조용해져 다음 움직임을 준비하는 모습입니다.,70.3%,33.3%,6740.0
2026-06-07,신중히 매수,유안타증권,003470,"거래가 조용해져 다음 움직임을 준비하는 모습입니다., 과매도 반등 신호",73.3%,18.4%,5120.0
2026-06-07,신중히 매수,동양고속,084670,거래가 조용해져 다음 움직임을 준비하는 모습입니다.,58.1%,15.4%,40500.0
2026-06-07,신중히 매수,롯데케미칼,011170,거래가 조용해져 다음 움직임을 준비하는 모습입니다.,69.7%,14.9%,77500.0
2026-06-07,신중히 매수,한미반도체,042700,"거래가 조용해져 다음 움직임을 준비하는 모습입니다., 과매도 반등 신호",76.9%,18.1%,283000.0
2026-06-07,신중히 매수,두산에너빌리티,034020,거래가 조용해져 다음 움직임을 준비하는 모습입니다.,63.6%,9.7%,95600.0
2026-06-07,신중히 매수,유진투자증권,001200,거래가 조용해져 다음 움직임을 준비하는 모습입니다.,76.9%,9.0%,4680.0
2026-06-07,신중히 매수,진흥기업,002780,거래가 조용해져 다음 움직임을 준비하는 모습입니다.,59.3%,12.7%,916.0
2026-06-07,신중히 매수,SK증권,001510,"RSI 반전 신호(상승 가능성), 거래가 조용해져 다음 움직임을 준비하는 모습입니다.",75.0%,19.2%,3205.0
2026-06-07,추가 확인 후 매수,삼아알미늄,006110,거래가 조용해지며 다음 변동성을 준비하는 구간입니다.,47.1%,3.1%,71900.0
2026-06-07,추가 확인 후 매수,후성,093370,과매도 반등 신호,40.0%,1.8%,11630.0
2026-06-07,추가 확인 후 매수,수산세보틱스,017550,"거래가 조용해져 다음 움직임을 준비하는 모습입니다., 최근 급등 뒤 숨고르기 구간에 진입했습니다.",44.4%,-0.0%,2530.0
2026-06-07,추가 확인 후 매수,유니퀘스트,077500,"거래가 조용해져 다음 움직임을 준비하는 모습입니다., 거래가 조용해지며 다음 변동성을 준비하는 구간입니다.",44.4%,2.5%,7270.0
2026-06-07,추가 확인 후 매수,HD건설기계,267270,거래가 조용해져 다음 움직임을 준비하는 모습입니다.,46.7%,6.6%,147700.0
2026-06-07,추가 확인 후 매수,성문전자우,014915,거래가 조용해져 다음 움직임을 준비하는 모습입니다.,54.5%,4.7%,4450.0
2026-06-07,추가 확인 후 매수,대덕1우,00806K,거래가 조용해지며 다음 변동성을 준비하는 구간입니다.,46.2%,0.6%,12490.0
2026-06-07,추가 확인 후 매수,LG화학우,051915,거래가 조용해져 다음 움직임을 준비하는 모습입니다.,45.5%,-4.1%,156800.0
2026-06-07,추가 확인 후 매수,전진건설로봇,079900,거래가 조용해져 다음 움직임을 준비하는 모습입니다.,40.5%,-2.2%,54000.0
2026-06-07,추가 확인 후 매수,WISCOM,024070,과매도 반등 신호,68.0%,7.1%,1885.0
2026-06-07,추가 확인 후 매수,동원수산,030720,거래가 조용해져 다음 움직임을 준비하는 모습입니다.,60.0%,0.4%,5680.0
2026-06-07,추가 확인 후 매수,현대글로비스,086280,거래가 조용해져 다음 움직임을 준비하는 모습입니다.,40.0%,-7.2%,209500.0
2026-06-07,추가 확인 후 매수,KSS해운,044450,과매도 반등 신호,41.9%,-5.0%,9650.0
2026-06-07,추가 확인 후 매수,롯데정밀화학,004000,거래가 조용해져 다음 움직임을 준비하는 모습입니다.,60.9%,8.9%,48050.0
2026-06-07,추가 확인 후 매수,혜인,003010,거래가 조용해져 다음 움직임을 준비하는 모습입니다.,62.1%,5.5%,4960.0
2026-06-07,추가 확인 후 매수,삼성FN리츠,448730,거래가 조용해지며 다음 변동성을 준비하는 구간입니다.,53.3%,3.4%,4960.0
2026-06-07,추가 확인 후 매수,미래에셋증권,006800,거래가 조용해져 다음 움직임을 준비하는 모습입니다.,41.9%,-5.2%,56400.0
2026-06-07,추가 확인 후 매수,HS효성첨단소재,298050,과매도 반등 신호,66.7%,7.0%,198500.0
2026-06-07,추가 확인 후 매수,대한유화,006650,"거래가 조용해져 다음 움직임을 준비하는 모습입니다., 과매도 반등 신호",66.7%,11.1%,122100.0
2026-06-07,추가 확인 후 매수,에코프로머티,450080,거래가 조용해져 다음 움직임을 준비하는 모습입니다.,45.0%,-4.9%,55100.0
2026-06-07,추가 확인 후 매수,HD현대마린엔진,071970,거래가 조용해져 다음 움직임을 준비하는 모습입니다.,80.0%,24.4%,65800.0
2026-06-07,추가 확인 후 매수,제이에스코퍼레이션,194370,거래가 조용해져 다음 움직임을 준비하는 모습입니다.,57.1%,1.9%,10400.0
2026-06-07,추가 확인 후 매수,문배철강,008420,"거래가 조용해져 다음 움직임을 준비하는 모습입니다., 과매도 반등 신호",61.9%,4.7%,2005.0
2026-06-07,추가 확인 후 매수,한화투자증권,003530,거래가 조용해져 다음 움직임을 준비하는 모습입니다.,53.3%,1.3%,5970.0
2026-06-07,추가 확인 후 매수,남해화학,025860,거래가 조용해져 다음 움직임을 준비하는 모습입니다.,65.4%,12.8%,6570.0
2026-06-07,추가 확인 후 매수,한화갤러리아우,45226K,거래가 조용해져 다음 움직임을 준비하는 모습입니다.,65.6%,6.7%,5130.0
2026-06-07,추가 확인 후 매수,상상인증권,001290,과매도 반등 신호,45.2%,-0.8%,979.0
2026-06-07,추가 확인 후 매수,와이투솔루션,011690,거래가 조용해져 다음 움직임을 준비하는 모습입니다.,67.9%,22.5%,4530.0
2026-06-07,추가 확인 후 매수,KEC,092220,"RSI 반전 신호(상승 가능성), 과매도 반등 신호",43.8%,-3.6%,5350.0
2026-06-07,추가 확인 후 매수,SK증권우,001515,"거래가 조용해져 다음 움직임을 준비하는 모습입니다., 과매도 반등 신호",70.4%,18.8%,5470.0
2026-06-09,신중히 매수,삼성전기,009150,최근 급등 뒤 숨고르기 구간에 진입했습니다.,100.0%,42.4%,1970000.0
2026-06-09,신중히 매수,가온전선,000500,거래가 조용해져 다음 움직임을 준비하는 모습입니다.,71.4%,26.5%,322000.0
2026-06-09,신중히 매수,INTC,INTC,"최근 급등 뒤 숨고르기 구간에 진입했습니다., 거래가 조용해지며 다음 변동성을 준비하는 구간입니다.",66.7%,10.0%,107.91999816894531
2026-06-09,신중히 매수,광전자,017900,"바닥권 반등 신호(BB 하단), 과매도 반등 신호",63.2%,5.5%,9190.0
2026-06-09,신중히 매수,대원전선우,006345,"거래가 조용해져 다음 움직임을 준비하는 모습입니다., 과매도 반등 신호",61.5%,26.1%,10210.0
2026-06-09,신중히 매수,AMD,AMD,거래가 조용해지며 다음 변동성을 준비하는 구간입니다.,67.7%,8.0%,475.5050048828125
2026-06-09,신중히 매수,한솔테크닉스,004710,거래가 조용해지며 다음 변동성을 준비하는 구간입니다.,50.0%,12.4%,10620.0
2026-06-09,신중히 매수,SK하이닉스,000660,거래가 조용해지며 다음 변동성을 준비하는 구간입니다.,73.9%,26.4%,2215000.0
2026-06-09,신중히 매수,DB하이텍,000990,거래가 조용해지며 다음 변동성을 준비하는 구간입니다.,82.8%,32.1%,170300.0
2026-06-09,신중히 매수,계양전기우,012205,거래가 조용해져 다음 움직임을 준비하는 모습입니다.,76.9%,42.5%,10480.0
2026-06-09,신중히 매수,CSCO,CSCO,거래가 조용해져 다음 움직임을 준비하는 모습입니다.,73.5%,4.4%,120.36000061035156
2026-06-09,신중히 매수,대원전선,006340,과매도 반등 신호,60.0%,26.6%,10240.0
2026-06-09,신중히 매수,AMAT,AMAT,최근 급등 뒤 숨고르기 구간에 진입했습니다.,78.9%,10.5%,499.2099914550781
2026-06-09,신중히 매수,롯데쇼핑,023530,거래가 조용해지며 다음 변동성을 준비하는 구간입니다.,84.4%,28.1%,181900.0
2026-06-09,신중히 매수,CAT,CAT,최근 급등 뒤 숨고르기 구간에 진입했습니다.,50.0%,2.7%,914.7000122070312
2026-06-09,신중히 매수,069500,069500,거래가 조용해지며 다음 변동성을 준비하는 구간입니다.,82.6%,18.8%,130130.0
2026-06-09,신중히 매수,코리아써키트,007810,최근 급등 뒤 숨고르기 구간에 진입했습니다.,81.5%,15.7%,120300.0
2026-06-09,신중히 매수,대원강업,000430,거래량 급증,86.5%,18.6%,6000.0
2026-06-09,신중히 매수,한일철강,002220,거래가 조용해지며 다음 변동성을 준비하는 구간입니다.,63.0%,14.8%,5680.0
2026-06-09,신중히 매수,AAPL,AAPL,거래가 조용해지며 다음 변동성을 준비하는 구간입니다.,68.8%,4.8%,290.54998779296875
2026-06-09,신중히 매수,코리아써키트2우B,00781K,"최근 급등 뒤 숨고르기 구간에 진입했습니다., 거래가 조용해지며 다음 변동성을 준비하는 구간입니다.",75.0%,13.3%,19550.0
2026-06-09,신중히 매수,LS,006260,과매도 반등 신호,63.6%,24.6%,387500.0
2026-06-09,신중히 매수,산일전기,062040,과매도 반등 신호,62.5%,19.3%,225000.0
2026-06-09,신중히 매수,대덕,008060,"거래가 조용해지며 다음 변동성을 준비하는 구간입니다., 과매도 반등 신호",66.7%,12.1%,19410.0
2026-06-09,신중히 매수,LS에코에너지,229640,과매도 반등 신호,71.4%,21.9%,57300.0
2026-06-09,신중히 매수,삼성증권,016360,"거래가 조용해지며 다음 변동성을 준비하는 구간입니다., 과매도 반등 신호",67.6%,13.7%,117500.0
2026-06-09,신중히 매수,경인전자,009140,"거래가 조용해져 다음 움직임을 준비하는 모습입니다., 과매도 반등 신호",71.4%,6.4%,26950.0
2026-06-09,신중히 매수,효성중공업,298040,거래가 조용해지며 다음 변동성을 준비하는 구간입니다.,60.9%,15.0%,3467000.0
2026-06-09,신중히 매수,현대해상,001450,"거래가 조용해져 다음 움직임을 준비하는 모습입니다., 과매도 반등 신호",80.0%,10.4%,36900.0
2026-06-09,신중히 매수,신세계인터내셔날,031430,"RSI 반전 신호(상승 가능성), 거래가 조용해져 다음 움직임을 준비하는 모습입니다.",62.9%,9.3%,14080.0
2026-06-09,신중히 매수,GS리테일,007070,과매도 반등 신호,81.6%,17.0%,23400.0
2026-06-09,신중히 매수,LX하우시스,108670,과매도 반등 신호,50.0%,-0.7%,31550.0
2026-06-09,신중히 매수,솔루스첨단소재,336370,"RSI 반전 신호(상승 가능성), 거래가 조용해지며 다음 변동성을 준비하는 구간입니다.",51.6%,8.5%,10110.0
2026-06-09,신중히 매수,DN오토모티브,007340,과매도 반등 신호,70.8%,13.8%,39800.0
2026-06-09,신중히 매수,일진전기,103590,과매도 반등 신호,85.7%,32.1%,79000.0
2026-06-09,신중히 매수,경인양행,012610,과매도 반등 신호,84.0%,21.1%,4025.0
2026-06-09,신중히 매수,유안타증권,003470,거래가 조용해져 다음 움직임을 준비하는 모습입니다.,68.8%,16.0%,4965.0
2026-06-09,신중히 매수,계양전기,012200,거래가 조용해져 다음 움직임을 준비하는 모습입니다.,66.7%,30.6%,6260.0
2026-06-09,신중히 매수,HD현대일렉트릭,267260,RSI 반전 신호(상승 가능성),66.7%,16.9%,944000.0
2026-06-09,신중히 매수,자화전자,033240,과매도 반등 신호,63.6%,4.8%,35800.0
2026-06-09,신중히 매수,한화갤러리아,452260,거래가 조용해져 다음 움직임을 준비하는 모습입니다.,73.2%,14.1%,2480.0
2026-06-09,신중히 매수,한미반도체,042700,"RSI 반전 신호(상승 가능성), 거래가 조용해져 다음 움직임을 준비하는 모습입니다.",71.4%,15.3%,276500.0
2026-06-09,신중히 매수,유진투자증권,001200,"거래가 조용해져 다음 움직임을 준비하는 모습입니다., 과매도 반등 신호",71.4%,6.9%,4510.0
2026-06-09,신중히 매수,동양고속,084670,거래가 조용해져 다음 움직임을 준비하는 모습입니다.,54.5%,13.3%,37150.0
2026-06-09,신중히 매수,SK증권,001510,"RSI 반전 신호(상승 가능성), 과매도 반등 신호",70.6%,16.9%,2985.0
2026-06-09,추가 확인 후 매수,SK스퀘어,402340,"최근 급등 뒤 숨고르기 구간에 진입했습니다., 거래가 조용해지며 다음 변동성을 준비하는 구간입니다.",42.9%,6.2%,1269000.0
2026-06-09,추가 확인 후 매수,대우건설,047040,과매도 반등 신호,42.1%,10.0%,21050.0
2026-06-09,추가 확인 후 매수,수산세보틱스,017550,"RSI 반전 신호(상승 가능성), 과매도 반등 신호",41.4%,-1.4%,2485.0
2026-06-09,추가 확인 후 매수,GS글로벌,001250,"거래가 조용해지며 다음 변동성을 준비하는 구간입니다., 과매도 반등 신호",48.3%,3.0%,2895.0
2026-06-09,추가 확인 후 매수,성문전자우,014915,거래가 조용해져 다음 움직임을 준비하는 모습입니다.,54.5%,4.7%,4435.0
2026-06-09,추가 확인 후 매수,HD건설기계,267270,"RSI 반전 신호(상승 가능성), 과매도 반등 신호",43.8%,4.9%,143900.0
2026-06-09,추가 확인 후 매수,LG화학,051910,"RSI 반전 신호(상승 가능성), 거래가 조용해져 다음 움직임을 준비하는 모습입니다.",50.0%,3.6%,329000.0
2026-06-09,추가 확인 후 매수,솔루엠,248070,과매도 반등 신호,48.0%,3.2%,17990.0
2026-06-09,추가 확인 후 매수,동원수산,030720,RSI 반전 신호(상승 가능성),60.0%,0.4%,6020.0
2026-06-09,추가 확인 후 매수,롯데케미칼,011170,거래가 조용해져 다음 움직임을 준비하는 모습입니다.,65.7%,12.9%,76300.0
2026-06-09,추가 확인 후 매수,일진홀딩스,015860,과매도 반등 신호,91.3%,32.1%,6990.0
2026-06-09,추가 확인 후 매수,서원,021050,과매도 반등 신호,66.7%,13.6%,1153.0
2026-06-09,추가 확인 후 매수,롯데정밀화학,004000,"거래가 조용해지며 다음 변동성을 준비하는 구간입니다., 과매도 반등 신호",58.3%,7.7%,47000.0
2026-06-09,추가 확인 후 매수,알루코,001780,과매도 반등 신호,40.0%,-3.5%,1984.0
2026-06-09,추가 확인 후 매수,KG스틸,016380,과매도 반등 신호,54.5%,2.0%,5370.0
2026-06-09,추가 확인 후 매수,케이씨,029460,"RSI 반전 신호(상승 가능성), 최근 급등 뒤 숨고르기 구간에 진입했습니다., 과매도 반등 신호",40.9%,-5.7%,30800.0
2026-06-09,추가 확인 후 매수,제이에스코퍼레이션,194370,과매도 반등 신호,57.1%,1.9%,10800.0
2026-06-09,추가 확인 후 매수,혜인,003010,과매도 반등 신호,62.1%,5.5%,4885.0
2026-06-09,추가 확인 후 매수,대한유화,006650,"RSI 반전 신호(상승 가능성), 거래가 조용해져 다음 움직임을 준비하는 모습입니다.",66.7%,11.1%,118600.0
2026-06-09,추가 확인 후 매수,미원화학,134380,거래가 조용해져 다음 움직임을 준비하는 모습입니다.,45.9%,0.7%,10270.0
2026-06-09,추가 확인 후 매수,동국씨엠,460850,과매도 반등 신호,54.2%,1.3%,5150.0
2026-06-09,추가 확인 후 매수,HS효성첨단소재,298050,RSI 반전 신호(상승 가능성),66.7%,7.0%,191500.0
2026-06-09,추가 확인 후 매수,인지컨트롤스,023800,과매도 반등 신호,48.4%,1.3%,5790.0
2026-06-09,추가 확인 후 매수,코오롱,002020,"바닥권 반등 신호(BB 하단), 과매도 반등 신호",79.4%,12.0%,47600.0
2026-06-09,추가 확인 후 매수,고려제강,002240,과매도 반등 신호,52.8%,-0.5%,18590.0
2026-06-09,추가 확인 후 매수,KG케미칼,001390,과매도 반등 신호,56.2%,1.9%,4370.0
2026-06-09,추가 확인 후 매수,에이블씨엔씨,078520,과매도 반등 신호,56.2%,-1.2%,10730.0
2026-06-09,추가 확인 후 매수,아이티센씨티에스,031820,과매도 반등 신호,76.9%,9.3%,5930.0
2026-06-09,추가 확인 후 매수,HD현대마린엔진,071970,"RSI 반전 신호(상승 가능성), 과매도 반등 신호",80.0%,24.4%,62600.0
2026-06-09,추가 확인 후 매수,대한해운,005880,과매도 반등 신호,48.6%,-3.2%,1937.0
2026-06-09,추가 확인 후 매수,파미셀,005690,과매도 반등 신호,50.0%,-2.5%,13120.0
2026-06-09,추가 확인 후 매수,남해화학,025860,과매도 반등 신호,65.4%,12.8%,6240.0
2026-06-09,추가 확인 후 매수,한화투자증권,003530,"거래가 조용해져 다음 움직임을 준비하는 모습입니다., 과매도 반등 신호",53.3%,1.3%,5660.0
2026-06-09,추가 확인 후 매수,한화갤러리아우,45226K,"거래가 조용해져 다음 움직임을 준비하는 모습입니다., 과매도 반등 신호",63.6%,5.8%,4930.0
2026-06-09,추가 확인 후 매수,와이투솔루션,011690,과매도 반등 신호,67.9%,22.5%,4320.0
2026-06-09,추가 확인 후 매수,무림P&amp;P,009580,과매도 반등 신호,58.3%,4.0%,1777.0
2026-06-09,추가 확인 후 매수,KEC,092220,거래가 조용해져 다음 움직임을 준비하는 모습입니다.,42.4%,-4.0%,4330.0
2026-06-09,추가 확인 후 매수,SK증권우,001515,거래가 조용해져 다음 움직임을 준비하는 모습입니다.,70.4%,18.8%,5100.0
2026-06-11,신중히 매수,삼성전기,009150,최근 급등 뒤 숨고르기 구간에 진입했습니다.,92.9%,38.0%,1723000.0
2026-06-11,신중히 매수,가온전선,000500,"거래가 조용해져 다음 움직임을 준비하는 모습입니다., 거래가 조용해지며 다음 변동성을 준비하는 구간입니다., 과매도 반등 신호",66.7%,23.4%,315500.0
2026-06-11,신중히 매수,미래산업,025560,거래가 조용해져 다음 움직임을 준비하는 모습입니다.,96.3%,28.1%,37600.0
2026-06-11,신중히 매수,대원전선우,006345,거래가 조용해져 다음 움직임을 준비하는 모습입니다.,57.1%,22.8%,9470.0
2026-06-11,신중히 매수,AMD,AMD,거래가 조용해지며 다음 변동성을 준비하는 구간입니다.,63.3%,7.0%,452.3999938964844
2026-06-11,신중히 매수,SK하이닉스,000660,거래가 조용해지며 다음 변동성을 준비하는 구간입니다.,68.0%,22.6%,2022000.0
2026-06-11,신중히 매수,DB하이텍,000990,거래가 조용해져 다음 움직임을 준비하는 모습입니다.,77.4%,28.7%,155300.0
2026-06-11,신중히 매수,CSCO,CSCO,거래가 조용해져 다음 움직임을 준비하는 모습입니다.,71.4%,4.0%,118.80000305175781
2026-06-11,신중히 매수,대덕전자,353200,거래가 조용해지며 다음 변동성을 준비하는 구간입니다.,100.0%,42.8%,150600.0
2026-06-11,신중히 매수,대덕전자1우,35320K,거래가 조용해져 다음 움직임을 준비하는 모습입니다.,62.5%,11.0%,33500.0
2026-06-11,신중히 매수,AMAT,AMAT,최근 급등 뒤 숨고르기 구간에 진입했습니다.,78.9%,10.5%,497.010009765625
2026-06-11,신중히 매수,이수화학,005950,"거래가 조용해져 다음 움직임을 준비하는 모습입니다., 과매도 반등 신호",95.5%,31.7%,13230.0
2026-06-11,신중히 매수,계양전기우,012205,"거래가 조용해져 다음 움직임을 준비하는 모습입니다., 과매도 반등 신호",73.2%,39.5%,8770.0
2026-06-11,신중히 매수,ASML,ASML,최근 급등 뒤 숨고르기 구간에 진입했습니다.,80.8%,8.3%,1734.18994140625
2026-06-11,신중히 매수,케이씨텍,281820,RSI 반전 신호(상승 가능성),55.6%,15.4%,74100.0
2026-06-11,신중히 매수,069500,069500,거래가 조용해지며 다음 변동성을 준비하는 구간입니다.,76.0%,15.7%,123300.0
2026-06-11,신중히 매수,SK우,03473K,과매도 반등 신호,73.9%,18.4%,345000.0
2026-06-11,신중히 매수,산일전기,062040,거래가 조용해지며 다음 변동성을 준비하는 구간입니다.,58.8%,16.9%,202000.0
2026-06-11,신중히 매수,LS에코에너지,229640,거래가 조용해져 다음 움직임을 준비하는 모습입니다.,69.0%,20.4%,55100.0
2026-06-11,신중히 매수,코리아써우,007815,최근 급등 뒤 숨고르기 구간에 진입했습니다.,58.6%,1.3%,24400.0
2026-06-11,신중히 매수,신세계인터내셔날,031430,거래가 조용해져 다음 움직임을 준비하는 모습입니다.,59.5%,7.7%,14700.0
2026-06-11,신중히 매수,효성중공업,298040,거래가 조용해지며 다음 변동성을 준비하는 구간입니다.,58.3%,13.5%,3168000.0
2026-06-11,신중히 매수,CVX,CVX,거래가 조용해져 다음 움직임을 준비하는 모습입니다.,55.2%,0.5%,189.8000030517578
2026-06-11,신중히 매수,현대해상,001450,거래가 조용해져 다음 움직임을 준비하는 모습입니다.,76.6%,9.2%,37050.0
2026-06-11,신중히 매수,경인전자,009140,거래가 조용해져 다음 움직임을 준비하는 모습입니다.,67.6%,5.0%,26000.0
2026-06-11,신중히 매수,DB,012030,"최근 급등 뒤 숨고르기 구간에 진입했습니다., 과매도 반등 신호",80.6%,14.9%,1959.0
2026-06-11,신중히 매수,삼성증권,016360,거래가 조용해지며 다음 변동성을 준비하는 구간입니다.,64.1%,12.0%,109500.0
2026-06-11,신중히 매수,평화홀딩스,010770,"거래가 조용해져 다음 움직임을 준비하는 모습입니다., 과매도 반등 신호",71.4%,8.9%,4260.0
2026-06-11,신중히 매수,두산퓨얼셀1우,33626K,과매도 반등 신호,68.2%,19.2%,7880.0
2026-06-11,신중히 매수,문배철강,008420,거래가 조용해지며 다음 변동성을 준비하는 구간입니다.,61.9%,4.7%,2400.0
2026-06-11,신중히 매수,세우글로벌,013000,거래가 조용해져 다음 움직임을 준비하는 모습입니다.,50.0%,-1.9%,1325.0
2026-06-11,신중히 매수,한화갤러리아,452260,거래가 조용해져 다음 움직임을 준비하는 모습입니다.,71.4%,13.3%,2570.0
2026-06-11,신중히 매수,한미반도체,042700,거래가 조용해져 다음 움직임을 준비하는 모습입니다.,66.7%,13.0%,275000.0
2026-06-11,신중히 매수,일진전기,103590,거래가 조용해져 다음 움직임을 준비하는 모습입니다.,81.8%,29.7%,74300.0
2026-06-11,신중히 매수,계양전기,012200,"거래가 조용해져 다음 움직임을 준비하는 모습입니다., 과매도 반등 신호",63.4%,28.1%,5780.0
2026-06-11,신중히 매수,유안타증권,003470,거래가 조용해져 다음 움직임을 준비하는 모습입니다.,64.7%,13.9%,4725.0
2026-06-11,신중히 매수,삼성FN리츠,448730,"RSI 반전 신호(상승 가능성), 거래가 조용해지며 다음 변동성을 준비하는 구간입니다.",53.3%,3.4%,5230.0
2026-06-11,신중히 매수,화신,010690,거래가 조용해져 다음 움직임을 준비하는 모습입니다.,63.0%,2.9%,10530.0
2026-06-11,신중히 매수,진흥기업,002780,거래가 조용해지며 다음 변동성을 준비하는 구간입니다.,55.2%,10.4%,861.0
2026-06-11,신중히 매수,동양고속,084670,거래가 조용해져 다음 움직임을 준비하는 모습입니다.,51.4%,11.4%,35700.0
2026-06-11,신중히 매수,유진투자증권,001200,거래가 조용해져 다음 움직임을 준비하는 모습입니다.,66.7%,5.1%,4350.0
2026-06-11,추가 확인 후 매수,한솔테크닉스,004710,RSI 반전 신호(상승 가능성),45.0%,9.1%,11200.0
2026-06-11,추가 확인 후 매수,달바글로벌,483650,"RSI 반전 신호(상승 가능성), 거래가 조용해져 다음 움직임을 준비하는 모습입니다.",45.5%,-1.3%,203000.0
2026-06-11,추가 확인 후 매수,솔루스첨단소재,336370,거래가 조용해지며 다음 변동성을 준비하는 구간입니다.,48.5%,6.8%,10320.0
2026-06-11,추가 확인 후 매수,GS글로벌,001250,거래가 조용해지며 다음 변동성을 준비하는 구간입니다.,45.2%,1.5%,2830.0
2026-06-11,추가 확인 후 매수,LX하우시스,108670,거래가 조용해져 다음 움직임을 준비하는 모습입니다.,47.6%,-1.6%,31200.0
2026-06-11,추가 확인 후 매수,코스맥스비티아이,044820,거래가 조용해져 다음 움직임을 준비하는 모습입니다.,42.1%,-0.6%,17680.0
2026-06-11,추가 확인 후 매수,성문전자우,014915,거래가 조용해져 다음 움직임을 준비하는 모습입니다.,54.5%,4.7%,4400.0
2026-06-11,추가 확인 후 매수,동원수산,030720,"RSI 반전 신호(상승 가능성), 거래가 조용해지며 다음 변동성을 준비하는 구간입니다.",60.0%,0.4%,6120.0
2026-06-11,추가 확인 후 매수,대덕1우,00806K,과매도 반등 신호,41.4%,-1.5%,11950.0
2026-06-11,추가 확인 후 매수,일진홀딩스,015860,거래가 조용해져 다음 움직임을 준비하는 모습입니다.,91.3%,32.1%,6660.0
2026-06-11,추가 확인 후 매수,솔루스첨단소재1우,33637K,거래가 조용해지며 다음 변동성을 준비하는 구간입니다.,87.5%,16.5%,1798.0
2026-06-11,추가 확인 후 매수,알루코,001780,거래가 조용해져 다음 움직임을 준비하는 모습입니다.,40.0%,-3.5%,1911.0
2026-06-11,추가 확인 후 매수,WISCOM,024070,거래가 조용해지며 다음 변동성을 준비하는 구간입니다.,68.0%,7.1%,1818.0
2026-06-11,추가 확인 후 매수,롯데정밀화학,004000,거래가 조용해지며 다음 변동성을 준비하는 구간입니다.,58.3%,7.7%,45150.0
2026-06-11,추가 확인 후 매수,TCC스틸,002710,과매도 반등 신호,50.0%,0.2%,11580.0
2026-06-11,추가 확인 후 매수,삼화전기,009470,RSI 반전 신호(상승 가능성),56.5%,3.1%,30850.0
2026-06-11,추가 확인 후 매수,미원화학,134380,거래가 조용해져 다음 움직임을 준비하는 모습입니다.,44.7%,0.4%,10000.0
2026-06-11,추가 확인 후 매수,한화갤러리아우,45226K,거래가 조용해져 다음 움직임을 준비하는 모습입니다.,63.6%,5.8%,5260.0
2026-06-11,추가 확인 후 매수,남해화학,025860,거래가 조용해져 다음 움직임을 준비하는 모습입니다.,65.4%,12.8%,6100.0
2026-06-11,추가 확인 후 매수,우진플라임,049800,거래가 조용해져 다음 움직임을 준비하는 모습입니다.,60.7%,1.0%,1863.0
2026-06-11,추가 확인 후 매수,와이투솔루션,011690,거래가 조용해져 다음 움직임을 준비하는 모습입니다.,67.9%,22.5%,4165.0
2026-06-11,추가 확인 후 매수,KEC,092220,거래가 조용해져 다음 움직임을 준비하는 모습입니다.,42.4%,-4.0%,4070.0
2026-06-11,신중히 매수,삼성전기우,009155,최근 급등 뒤 숨고르기 구간에 진입했습니다.,93.8%,40.5%,570000.0
2026-06-11,신중히 매수,가온전선,000500,"거래가 조용해져 다음 움직임을 준비하는 모습입니다., 거래가 조용해지며 다음 변동성을 준비하는 구간입니다., 과매도 반등 신호",66.7%,23.4%,324000.0
2026-06-11,신중히 매수,미래산업,025560,거래가 조용해져 다음 움직임을 준비하는 모습입니다.,96.3%,28.1%,39200.0
2026-06-11,신중히 매수,INTC,INTC,거래가 조용해지며 다음 변동성을 준비하는 구간입니다.,61.5%,8.0%,116.95999908447266
2026-06-11,신중히 매수,대원전선우,006345,거래가 조용해져 다음 움직임을 준비하는 모습입니다.,57.1%,22.8%,10350.0
2026-06-11,신중히 매수,AMD,AMD,거래가 조용해지며 다음 변동성을 준비하는 구간입니다.,61.3%,6.2%,488.45001220703125
2026-06-11,신중히 매수,삼화콘덴서,001820,과매도 반등 신호,93.9%,35.6%,133300.0
2026-06-11,신중히 매수,SK하이닉스,000660,거래가 조용해지며 다음 변동성을 준비하는 구간입니다.,68.0%,22.6%,2101000.0
2026-06-11,신중히 매수,이수화학,005950,"거래가 조용해져 다음 움직임을 준비하는 모습입니다., 과매도 반등 신호",95.5%,31.7%,15220.0
2026-06-11,신중히 매수,CSCO,CSCO,거래가 조용해지며 다음 변동성을 준비하는 구간입니다.,69.4%,3.6%,121.83000183105469
2026-06-11,신중히 매수,DB하이텍,000990,거래가 조용해져 다음 움직임을 준비하는 모습입니다.,77.4%,28.7%,155200.0
2026-06-11,신중히 매수,대덕전자,353200,"최근 급등 뒤 숨고르기 구간에 진입했습니다., 거래가 조용해지며 다음 변동성을 준비하는 구간입니다., 과매도 반등 신호",100.0%,42.8%,156800.0
2026-06-11,신중히 매수,대덕전자1우,35320K,거래가 조용해져 다음 움직임을 준비하는 모습입니다.,62.5%,11.0%,33650.0
2026-06-11,신중히 매수,계양전기우,012205,"거래가 조용해져 다음 움직임을 준비하는 모습입니다., 과매도 반등 신호",73.2%,39.5%,8950.0
2026-06-11,신중히 매수,미래에셋생명,085620,거래량 급증,86.2%,31.2%,29350.0
2026-06-11,신중히 매수,CAT,CAT,바닥권 반등 신호(BB 하단),51.0%,2.9%,897.6300048828125
2026-06-11,신중히 매수,케이씨텍,281820,RSI 반전 신호(상승 가능성),55.6%,15.4%,76400.0
2026-06-11,신중히 매수,069500,069500,거래가 조용해지며 다음 변동성을 준비하는 구간입니다.,76.0%,15.7%,123850.0
2026-06-11,신중히 매수,SK우,03473K,과매도 반등 신호,73.9%,18.4%,380000.0
2026-06-11,신중히 매수,해성디에스,195870,최근 급등 뒤 숨고르기 구간에 진입했습니다.,68.0%,22.7%,80900.0
2026-06-11,신중히 매수,LS ELECTRIC,010120,거래가 조용해지며 다음 변동성을 준비하는 구간입니다.,64.7%,17.3%,229500.0
2026-06-11,신중히 매수,산일전기,062040,거래가 조용해지며 다음 변동성을 준비하는 구간입니다.,58.8%,16.9%,213000.0
2026-06-11,신중히 매수,DIA,DIA,바닥권 반등 신호(BB 하단),52.0%,0.9%,509.3599853515625
2026-06-11,신중히 매수,LS에코에너지,229640,거래가 조용해져 다음 움직임을 준비하는 모습입니다.,69.0%,20.4%,58000.0
2026-06-11,신중히 매수,CVX,CVX,거래가 조용해져 다음 움직임을 준비하는 모습입니다.,55.2%,0.6%,185.82000732421875
2026-06-11,신중히 매수,효성중공업,298040,거래가 조용해지며 다음 변동성을 준비하는 구간입니다.,58.3%,13.5%,3246000.0
2026-06-11,신중히 매수,COST,COST,거래가 조용해져 다음 움직임을 준비하는 모습입니다.,66.7%,2.2%,975.6900024414062
2026-06-11,신중히 매수,현대해상,001450,거래가 조용해져 다음 움직임을 준비하는 모습입니다.,76.6%,9.2%,37800.0
2026-06-11,신중히 매수,경인전자,009140,거래가 조용해져 다음 움직임을 준비하는 모습입니다.,67.6%,5.0%,26500.0
2026-06-11,신중히 매수,신세계인터내셔날,031430,거래가 조용해져 다음 움직임을 준비하는 모습입니다.,59.5%,7.7%,14490.0
2026-06-11,신중히 매수,삼성증권,016360,거래가 조용해지며 다음 변동성을 준비하는 구간입니다.,64.1%,12.0%,111800.0
2026-06-11,신중히 매수,DB,012030,과매도 반등 신호,80.6%,14.9%,1910.0
2026-06-11,신중히 매수,평화홀딩스,010770,"거래가 조용해져 다음 움직임을 준비하는 모습입니다., 과매도 반등 신호",71.4%,8.9%,4310.0
2026-06-11,신중히 매수,두산퓨얼셀1우,33626K,과매도 반등 신호,68.2%,19.2%,7840.0
2026-06-11,신중히 매수,삼영,003720,"RSI 반전 신호(상승 가능성), 과매도 반등 신호",89.3%,38.3%,8210.0
2026-06-11,신중히 매수,한미반도체,042700,거래가 조용해져 다음 움직임을 준비하는 모습입니다.,66.7%,13.0%,291000.0
2026-06-11,신중히 매수,세우글로벌,013000,거래가 조용해져 다음 움직임을 준비하는 모습입니다.,50.0%,-1.9%,1326.0
2026-06-11,신중히 매수,일진전기,103590,거래가 조용해져 다음 움직임을 준비하는 모습입니다.,81.8%,29.7%,77800.0
2026-06-11,신중히 매수,한화갤러리아,452260,거래가 조용해져 다음 움직임을 준비하는 모습입니다.,71.4%,13.3%,2540.0
2026-06-11,신중히 매수,문배철강,008420,거래가 조용해지며 다음 변동성을 준비하는 구간입니다.,61.9%,4.7%,2265.0
2026-06-11,신중히 매수,한화리츠,451800,바닥권 반등 신호(BB 하단),67.7%,7.7%,5020.0
2026-06-11,신중히 매수,삼성FN리츠,448730,"RSI 반전 신호(상승 가능성), 거래가 조용해지며 다음 변동성을 준비하는 구간입니다.",53.3%,3.4%,5430.0
2026-06-11,신중히 매수,계양전기,012200,"거래가 조용해져 다음 움직임을 준비하는 모습입니다., 과매도 반등 신호",63.4%,28.1%,5910.0
2026-06-11,신중히 매수,유안타증권,003470,거래가 조용해져 다음 움직임을 준비하는 모습입니다.,64.7%,13.9%,4795.0
2026-06-11,신중히 매수,롯데정밀화학,004000,거래가 조용해지며 다음 변동성을 준비하는 구간입니다.,58.3%,7.7%,48850.0
2026-06-11,신중히 매수,진흥기업,002780,거래가 조용해지며 다음 변동성을 준비하는 구간입니다.,55.2%,10.4%,874.0
2026-06-11,신중히 매수,동양고속,084670,거래가 조용해져 다음 움직임을 준비하는 모습입니다.,51.4%,11.4%,36150.0
2026-06-11,신중히 매수,화신,010690,거래가 조용해져 다음 움직임을 준비하는 모습입니다.,63.0%,2.9%,9970.0
2026-06-11,신중히 매수,유진투자증권,001200,거래가 조용해져 다음 움직임을 준비하는 모습입니다.,66.7%,5.1%,4395.0
2026-06-11,신중히 매수,한화갤러리아우,45226K,거래가 조용해져 다음 움직임을 준비하는 모습입니다.,63.6%,5.8%,5310.0
2026-06-11,추가 확인 후 매수,한솔테크닉스,004710,"RSI 반전 신호(상승 가능성), 거래가 조용해지며 다음 변동성을 준비하는 구간입니다.",45.0%,9.1%,11540.0
2026-06-11,추가 확인 후 매수,달바글로벌,483650,RSI 반전 신호(상승 가능성),45.5%,-1.3%,211000.0
2026-06-11,추가 확인 후 매수,솔루스첨단소재,336370,"최근 급등 뒤 숨고르기 구간에 진입했습니다., 거래가 조용해지며 다음 변동성을 준비하는 구간입니다.",48.5%,6.8%,11190.0
2026-06-11,추가 확인 후 매수,OCI,456040,바닥권 반등 신호(BB 하단),46.9%,6.3%,106100.0
2026-06-11,추가 확인 후 매수,LX하우시스,108670,거래가 조용해져 다음 움직임을 준비하는 모습입니다.,47.6%,-1.6%,32200.0
2026-06-11,추가 확인 후 매수,코스맥스비티아이,044820,거래가 조용해져 다음 움직임을 준비하는 모습입니다.,42.1%,-0.6%,17790.0
2026-06-11,추가 확인 후 매수,GS글로벌,001250,거래가 조용해지며 다음 변동성을 준비하는 구간입니다.,45.2%,1.5%,2835.0
2026-06-11,추가 확인 후 매수,성문전자우,014915,"거래가 조용해져 다음 움직임을 준비하는 모습입니다., 과매도 반등 신호",54.5%,4.7%,4470.0
2026-06-11,추가 확인 후 매수,대덕1우,00806K,과매도 반등 신호,41.4%,-1.5%,11950.0
2026-06-11,추가 확인 후 매수,동원수산,030720,거래가 조용해지며 다음 변동성을 준비하는 구간입니다.,60.0%,0.4%,5980.0
2026-06-11,추가 확인 후 매수,일진홀딩스,015860,거래가 조용해져 다음 움직임을 준비하는 모습입니다.,91.3%,32.1%,6720.0
2026-06-11,추가 확인 후 매수,롯데케미칼,011170,거래가 조용해지며 다음 변동성을 준비하는 구간입니다.,65.7%,12.9%,76000.0
2026-06-11,추가 확인 후 매수,SIMPAC,009160,과매도 반등 신호,47.1%,0.1%,4535.0
2026-06-11,추가 확인 후 매수,알루코,001780,거래가 조용해져 다음 움직임을 준비하는 모습입니다.,40.0%,-3.5%,1925.0
2026-06-11,추가 확인 후 매수,WISCOM,024070,거래가 조용해지며 다음 변동성을 준비하는 구간입니다.,68.0%,7.1%,1832.0
2026-06-11,추가 확인 후 매수,솔루스첨단소재1우,33637K,거래가 조용해지며 다음 변동성을 준비하는 구간입니다.,87.5%,16.5%,1791.0
2026-06-11,추가 확인 후 매수,TCC스틸,002710,과매도 반등 신호,50.0%,0.2%,11940.0
2026-06-11,추가 확인 후 매수,HS효성첨단소재,298050,"RSI 반전 신호(상승 가능성), 거래가 조용해지며 다음 변동성을 준비하는 구간입니다.",66.7%,7.0%,194400.0
2026-06-11,추가 확인 후 매수,삼화전기,009470,RSI 반전 신호(상승 가능성),56.5%,3.1%,31150.0
2026-06-11,추가 확인 후 매수,미원화학,134380,거래가 조용해져 다음 움직임을 준비하는 모습입니다.,44.7%,0.4%,10000.0
2026-06-11,추가 확인 후 매수,코스모신소재,005070,RSI 반전 신호(상승 가능성),42.3%,-3.6%,42850.0
2026-06-11,추가 확인 후 매수,남해화학,025860,거래가 조용해져 다음 움직임을 준비하는 모습입니다.,65.4%,12.8%,6230.0
2026-06-11,추가 확인 후 매수,와이투솔루션,011690,거래가 조용해져 다음 움직임을 준비하는 모습입니다.,67.9%,22.5%,4270.0
2026-06-11,추가 확인 후 매수,우진플라임,049800,거래가 조용해져 다음 움직임을 준비하는 모습입니다.,60.7%,1.0%,1860.0
2026-06-11,추가 확인 후 매수,KEC,092220,거래가 조용해져 다음 움직임을 준비하는 모습입니다.,42.4%,-4.0%,4010.0
2026-06-14,신중히 매수,삼성전기,009150,거래가 조용해져 다음 움직임을 준비하는 모습입니다.,86.7%,34.1%,1714000.0
2026-06-14,신중히 매수,광전자,017900,거래가 조용해져 다음 움직임을 준비하는 모습입니다.,60.0%,4.2%,9300.0
2026-06-14,신중히 매수,대원전선우,006345,거래가 조용해져 다음 움직임을 준비하는 모습입니다.,55.2%,21.3%,10750.0
2026-06-14,신중히 매수,AMD,AMD,거래가 조용해지며 다음 변동성을 준비하는 구간입니다.,55.2%,4.7%,511.57000732421875
2026-06-14,신중히 매수,SK하이닉스,000660,거래가 조용해지며 다음 변동성을 준비하는 구간입니다.,64.0%,20.3%,2150000.0
2026-06-14,신중히 매수,가온전선,000500,거래가 조용해지며 다음 변동성을 준비하는 구간입니다.,64.5%,22.0%,252000.0
2026-06-14,신중히 매수,DB하이텍,000990,"거래가 조용해져 다음 움직임을 준비하는 모습입니다., 과매도 반등 신호",75.9%,26.9%,174300.0
2026-06-14,신중히 매수,CRWD,CRWD,"최근 급등 뒤 숨고르기 구간에 진입했습니다., 과매도 반등 신호",100.0%,14.9%,682.7999877929688
2026-06-14,신중히 매수,대원전선,006340,거래가 조용해져 다음 움직임을 준비하는 모습입니다.,58.1%,25.1%,10470.0
2026-06-14,신중히 매수,두산퓨얼셀,336260,과매도 반등 신호,54.5%,17.6%,73100.0
2026-06-14,신중히 매수,대덕전자,353200,거래가 조용해지며 다음 변동성을 준비하는 구간입니다.,93.3%,39.2%,165200.0
2026-06-14,신중히 매수,CSCO,CSCO,"최근 급등 뒤 숨고르기 구간에 진입했습니다., 거래가 조용해지며 다음 변동성을 준비하는 구간입니다.",64.7%,3.0%,121.0999984741211
2026-06-14,신중히 매수,대덕전자1우,35320K,거래가 조용해져 다음 움직임을 준비하는 모습입니다.,56.5%,8.7%,34600.0
2026-06-14,신중히 매수,삼성전자,005930,최근 급등 뒤 숨고르기 구간에 진입했습니다.,89.7%,24.6%,322500.0
2026-06-14,신중히 매수,케이씨텍,281820,RSI 반전 신호(상승 가능성),52.9%,14.1%,87100.0
2026-06-14,신중히 매수,삼성전자우,005935,최근 급등 뒤 숨고르기 구간에 진입했습니다.,58.8%,8.8%,207000.0
2026-06-14,신중히 매수,계양전기우,012205,거래가 조용해져 다음 움직임을 준비하는 모습입니다.,70.7%,37.4%,9160.0
2026-06-14,신중히 매수,CAT,CAT,최근 급등 뒤 숨고르기 구간에 진입했습니다.,56.5%,3.9%,910.5700073242188
2026-06-14,신중히 매수,069500,069500,"최근 급등 뒤 숨고르기 구간에 진입했습니다., 거래가 조용해지며 다음 변동성을 준비하는 구간입니다.",72.0%,14.0%,129270.0
2026-06-14,신중히 매수,산일전기,062040,거래가 조용해지며 다음 변동성을 준비하는 구간입니다.,55.6%,14.9%,231500.0
2026-06-14,신중히 매수,AAPL,AAPL,과매도 반등 신호,66.7%,4.5%,291.1300048828125
2026-06-14,신중히 매수,AVGO,AVGO,최근 급등 뒤 숨고르기 구간에 진입했습니다.,61.3%,5.4%,382.07000732421875
2026-06-14,신중히 매수,LS에코에너지,229640,거래가 조용해져 다음 움직임을 준비하는 모습입니다.,65.5%,18.7%,61600.0
2026-06-14,신중히 매수,DIA,DIA,바닥권 반등 신호(BB 하단),52.0%,0.9%,513.0599975585938
2026-06-14,신중히 매수,LS ELECTRIC,010120,거래가 조용해지며 다음 변동성을 준비하는 구간입니다.,58.8%,15.0%,222500.0
2026-06-14,신중히 매수,삼성E&amp;A,028050,거래가 조용해지며 다음 변동성을 준비하는 구간입니다.,51.7%,7.4%,47600.0
2026-06-14,신중히 매수,CVX,CVX,거래가 조용해져 다음 움직임을 준비하는 모습입니다.,48.1%,-0.1%,187.22000122070312
2026-06-14,신중히 매수,한미반도체,042700,거래량 급증,64.5%,11.9%,361000.0
2026-06-14,신중히 매수,대한전선,001440,거래가 조용해져 다음 움직임을 준비하는 모습입니다.,77.3%,29.0%,37850.0
2026-06-14,신중히 매수,효성,004800,"거래가 조용해져 다음 움직임을 준비하는 모습입니다., 거래가 조용해지며 다음 변동성을 준비하는 구간입니다.",50.0%,9.8%,181200.0
2026-06-14,신중히 매수,효성중공업,298040,거래가 조용해지며 다음 변동성을 준비하는 구간입니다.,56.0%,12.2%,3376000.0
2026-06-14,신중히 매수,롯데에너지머티리얼즈,020150,바닥권 반등 신호(BB 하단),87.5%,35.2%,56500.0
2026-06-14,신중히 매수,COST,COST,거래가 조용해져 다음 움직임을 준비하는 모습입니다.,66.7%,2.2%,982.3499755859375
2026-06-14,신중히 매수,현대해상,001450,거래가 조용해져 다음 움직임을 준비하는 모습입니다.,75.0%,8.5%,39250.0
2026-06-14,신중히 매수,삼성증권,016360,거래가 조용해지며 다음 변동성을 준비하는 구간입니다.,62.5%,11.2%,118800.0
2026-06-14,신중히 매수,포스코스틸리온,058430,"거래가 조용해져 다음 움직임을 준비하는 모습입니다., 거래가 조용해지며 다음 변동성을 준비하는 구간입니다.",55.0%,3.5%,5610.0
2026-06-14,신중히 매수,한온시스템,018880,"최근 급등 뒤 숨고르기 구간에 진입했습니다., 과매도 반등 신호",93.5%,22.8%,4700.0
2026-06-14,신중히 매수,삼영,003720,"RSI 반전 신호(상승 가능성), 거래가 조용해져 다음 움직임을 준비하는 모습입니다.",89.3%,38.3%,8410.0
2026-06-14,신중히 매수,일진전기,103590,거래가 조용해져 다음 움직임을 준비하는 모습입니다.,81.0%,28.9%,81800.0
2026-06-14,신중히 매수,KG스틸,016380,거래가 조용해져 다음 움직임을 준비하는 모습입니다.,54.5%,2.0%,6120.0
2026-06-14,신중히 매수,한화갤러리아,452260,거래가 조용해져 다음 움직임을 준비하는 모습입니다.,69.0%,12.4%,2745.0
2026-06-14,신중히 매수,퍼스텍,010820,RSI 반전 신호(상승 가능성),57.6%,13.9%,7800.0
2026-06-14,신중히 매수,평화홀딩스,010770,거래가 조용해져 다음 움직임을 준비하는 모습입니다.,71.4%,8.9%,4280.0
2026-06-14,신중히 매수,HD현대에너지솔루션,322000,거래가 조용해져 다음 움직임을 준비하는 모습입니다.,58.6%,4.9%,150500.0
2026-06-14,신중히 매수,GS리테일,007070,거래가 조용해져 다음 움직임을 준비하는 모습입니다.,78.9%,15.7%,24550.0
2026-06-14,신중히 매수,한솔홀딩스,004150,과매도 반등 신호,88.9%,13.7%,3530.0
2026-06-14,신중히 매수,유안타증권,003470,거래가 조용해져 다음 움직임을 준비하는 모습입니다.,62.9%,13.0%,4985.0
2026-06-14,신중히 매수,LG화학,051910,"RSI 반전 신호(상승 가능성), 최근 급등 뒤 숨고르기 구간에 진입했습니다., 거래가 조용해지며 다음 변동성을 준비하는 구간입니다., 과매도 반등 신호",50.0%,3.6%,345000.0
2026-06-14,신중히 매수,계양전기,012200,거래가 조용해져 다음 움직임을 준비하는 모습입니다.,65.0%,29.3%,6120.0
2026-06-14,신중히 매수,자화전자,033240,거래가 조용해져 다음 움직임을 준비하는 모습입니다.,63.6%,4.8%,35050.0
2026-06-14,신중히 매수,현대제철,004020,"거래가 조용해져 다음 움직임을 준비하는 모습입니다., 과매도 반등 신호",61.5%,4.1%,34950.0
2026-06-14,신중히 매수,305720,305720,과매도 반등 신호,69.2%,14.2%,17200.0
2026-06-14,신중히 매수,유진투자증권,001200,거래가 조용해져 다음 움직임을 준비하는 모습입니다.,64.5%,4.3%,4695.0
2026-06-14,신중히 매수,문배철강,008420,거래가 조용해지며 다음 변동성을 준비하는 구간입니다.,59.1%,3.6%,2235.0
2026-06-14,신중히 매수,화신,010690,거래가 조용해져 다음 움직임을 준비하는 모습입니다.,60.7%,2.1%,10330.0
2026-06-14,신중히 매수,진흥기업,002780,"RSI 반전 신호(상승 가능성), 거래가 조용해지며 다음 변동성을 준비하는 구간입니다.",53.6%,9.7%,896.0
2026-06-14,신중히 매수,삼성FN리츠,448730,최근 급등 뒤 숨고르기 구간에 진입했습니다.,50.0%,1.7%,5020.0
2026-06-14,신중히 매수,이수스페셜티케미컬,457190,과매도 반등 신호,62.5%,9.5%,83300.0
2026-06-14,신중히 매수,동양고속,084670,거래가 조용해져 다음 움직임을 준비하는 모습입니다.,52.9%,12.3%,36150.0
2026-06-14,신중히 매수,티에이치엔,019180,"거래가 조용해져 다음 움직임을 준비하는 모습입니다., 최근 급등 뒤 숨고르기 구간에 진입했습니다., 과매도 반등 신호",75.9%,7.6%,7210.0
2026-06-14,신중히 매수,한화갤러리아우,45226K,거래가 조용해져 다음 움직임을 준비하는 모습입니다.,63.6%,5.8%,5590.0
2026-06-14,신중히 매수,SK증권,001510,거래가 조용해지며 다음 변동성을 준비하는 구간입니다.,68.6%,15.8%,3345.0
2026-06-14,추가 확인 후 매수,한솔테크닉스,004710,"RSI 반전 신호(상승 가능성), 거래가 조용해지며 다음 변동성을 준비하는 구간입니다.",42.9%,7.8%,12130.0
2026-06-14,추가 확인 후 매수,OCI홀딩스,010060,"최근 급등 뒤 숨고르기 구간에 진입했습니다., 과매도 반등 신호",40.0%,-2.1%,300000.0
2026-06-14,추가 확인 후 매수,솔루스첨단소재,336370,거래가 조용해지며 다음 변동성을 준비하는 구간입니다.,47.1%,6.0%,12200.0
2026-06-14,추가 확인 후 매수,LX하우시스,108670,거래가 조용해져 다음 움직임을 준비하는 모습입니다.,47.6%,-1.6%,33200.0
2026-06-14,추가 확인 후 매수,GS글로벌,001250,거래가 조용해지며 다음 변동성을 준비하는 구간입니다.,41.9%,0.2%,2980.0
2026-06-14,추가 확인 후 매수,코스맥스비티아이,044820,거래가 조용해져 다음 움직임을 준비하는 모습입니다.,40.0%,-1.6%,17760.0
2026-06-14,추가 확인 후 매수,성문전자우,014915,거래가 조용해져 다음 움직임을 준비하는 모습입니다.,54.5%,4.7%,4425.0
2026-06-14,추가 확인 후 매수,세우글로벌,013000,거래가 조용해져 다음 움직임을 준비하는 모습입니다.,47.8%,-2.7%,1361.0
2026-06-14,추가 확인 후 매수,동원수산,030720,"RSI 반전 신호(상승 가능성), 거래가 조용해지며 다음 변동성을 준비하는 구간입니다.",60.0%,0.4%,6070.0
2026-06-14,추가 확인 후 매수,일진홀딩스,015860,거래가 조용해져 다음 움직임을 준비하는 모습입니다.,91.3%,32.1%,7010.0
2026-06-14,추가 확인 후 매수,LG화학우,051915,과매도 반등 신호,45.5%,-4.1%,156800.0
2026-06-14,추가 확인 후 매수,대한유화,006650,"거래가 조용해져 다음 움직임을 준비하는 모습입니다., 거래가 조용해지며 다음 변동성을 준비하는 구간입니다.",66.7%,11.1%,124700.0
2026-06-14,추가 확인 후 매수,롯데정밀화학,004000,거래가 조용해지며 다음 변동성을 준비하는 구간입니다.,56.5%,7.1%,48150.0
2026-06-14,추가 확인 후 매수,서원,021050,거래가 조용해져 다음 움직임을 준비하는 모습입니다.,64.7%,12.1%,1131.0
2026-06-14,추가 확인 후 매수,솔루스첨단소재1우,33637K,거래가 조용해지며 다음 변동성을 준비하는 구간입니다.,87.0%,16.2%,1889.0
2026-06-14,추가 확인 후 매수,알루코,001780,거래가 조용해져 다음 움직임을 준비하는 모습입니다.,40.0%,-3.5%,2025.0
2026-06-14,추가 확인 후 매수,롯데케미칼,011170,"거래가 조용해져 다음 움직임을 준비하는 모습입니다., 거래가 조용해지며 다음 변동성을 준비하는 구간입니다.",65.7%,12.9%,76500.0
2026-06-14,추가 확인 후 매수,포스코퓨처엠,003670,과매도 반등 신호,75.0%,20.2%,199400.0
2026-06-14,추가 확인 후 매수,HD현대마린엔진,071970,거래가 조용해지며 다음 변동성을 준비하는 구간입니다.,75.0%,22.7%,66000.0
2026-06-14,추가 확인 후 매수,WISCOM,024070,거래가 조용해지며 다음 변동성을 준비하는 구간입니다.,68.0%,7.1%,1899.0
2026-06-14,추가 확인 후 매수,KSS해운,044450,거래가 조용해져 다음 움직임을 준비하는 모습입니다.,41.9%,-5.0%,9840.0
2026-06-14,추가 확인 후 매수,삼화전기,009470,"RSI 반전 신호(상승 가능성), 거래가 조용해져 다음 움직임을 준비하는 모습입니다., 최근 급등 뒤 숨고르기 구간에 진입했습니다., 과매도 반등 신호",56.5%,3.1%,32000.0
2026-06-14,추가 확인 후 매수,HS효성첨단소재,298050,"RSI 반전 신호(상승 가능성), 거래가 조용해지며 다음 변동성을 준비하는 구간입니다.",65.2%,6.7%,197900.0
2026-06-14,추가 확인 후 매수,SIMPAC,009160,거래가 조용해져 다음 움직임을 준비하는 모습입니다.,43.8%,-1.2%,4515.0
2026-06-14,추가 확인 후 매수,코스모신소재,005070,RSI 반전 신호(상승 가능성),42.3%,-3.6%,45050.0
2026-06-14,추가 확인 후 매수,에이블씨엔씨,078520,거래가 조용해져 다음 움직임을 준비하는 모습입니다.,56.2%,-1.2%,10700.0
2026-06-14,추가 확인 후 매수,한화투자증권,003530,거래가 조용해져 다음 움직임을 준비하는 모습입니다.,53.3%,1.3%,5850.0
2026-06-14,추가 확인 후 매수,미원화학,134380,거래가 조용해져 다음 움직임을 준비하는 모습입니다.,40.0%,-1.3%,10040.0
2026-06-14,추가 확인 후 매수,우진플라임,049800,거래가 조용해져 다음 움직임을 준비하는 모습입니다.,63.0%,1.8%,1987.0
2026-06-14,추가 확인 후 매수,에코프로머티,450080,RSI 반전 신호(상승 가능성),42.1%,-6.0%,56000.0
2026-06-14,추가 확인 후 매수,남해화학,025860,거래가 조용해져 다음 움직임을 준비하는 모습입니다.,64.0%,12.3%,6350.0
2026-06-14,추가 확인 후 매수,와이투솔루션,011690,거래가 조용해져 다음 움직임을 준비하는 모습입니다.,67.9%,22.5%,4340.0
2026-06-14,추가 확인 후 매수,SK증권우,001515,"RSI 반전 신호(상승 가능성), 거래가 조용해져 다음 움직임을 준비하는 모습입니다.",70.4%,18.8%,5500.0
2026-06-14,추가 확인 후 매수,KEC,092220,"RSI 반전 신호(상승 가능성), 거래가 조용해져 다음 움직임을 준비하는 모습입니다.",42.4%,-4.0%,4235.0
2026-06-15,신중히 매수,삼성전기,009150,"거래가 조용해져 다음 움직임을 준비하는 모습입니다., 과매도 반등 신호",86.7%,34.1%,1999000.0
2026-06-15,신중히 매수,LG이노텍,011070,과매도 반등 신호,92.3%,36.7%,1209000.0
2026-06-15,신중히 매수,삼성전기우,009155,"거래가 조용해져 다음 움직임을 준비하는 모습입니다., 과매도 반등 신호",88.2%,37.0%,627000.0
2026-06-15,신중히 매수,대원전선우,006345,거래가 조용해지며 다음 변동성을 준비하는 구간입니다.,53.3%,19.9%,12350.0
2026-06-15,신중히 매수,광전자,017900,거래가 조용해져 다음 움직임을 준비하는 모습입니다.,60.0%,4.2%,9000.0
2026-06-15,신중히 매수,AMD,AMD,거래가 조용해지며 다음 변동성을 준비하는 구간입니다.,53.3%,4.0%,547.260009765625
2026-06-15,신중히 매수,SK하이닉스,000660,거래가 조용해지며 다음 변동성을 준비하는 구간입니다.,61.5%,18.8%,2288000.0
2026-06-15,신중히 매수,삼화콘덴서,001820,거래가 조용해져 다음 움직임을 준비하는 모습입니다.,88.6%,32.4%,140600.0
2026-06-15,신중히 매수,가온전선,000500,거래가 조용해지며 다음 변동성을 준비하는 구간입니다.,62.5%,20.7%,252000.0
2026-06-15,신중히 매수,대덕전자,353200,거래가 조용해지며 다음 변동성을 준비하는 구간입니다.,87.5%,35.5%,167700.0
2026-06-15,신중히 매수,대덕전자1우,35320K,거래가 조용해지며 다음 변동성을 준비하는 구간입니다.,54.2%,7.5%,36100.0
2026-06-15,신중히 매수,대원전선,006340,거래가 조용해져 다음 움직임을 준비하는 모습입니다.,58.1%,25.1%,10690.0
2026-06-15,신중히 매수,SK,034730,"거래가 조용해져 다음 움직임을 준비하는 모습입니다., 거래가 조용해지며 다음 변동성을 준비하는 구간입니다., 과매도 반등 신호",83.3%,31.1%,646000.0
2026-06-15,신중히 매수,CSCO,CSCO,거래가 조용해지며 다음 변동성을 준비하는 구간입니다.,62.9%,2.6%,120.16999816894531
2026-06-15,신중히 매수,현대오토에버,307950,최근 급등 뒤 숨고르기 구간에 진입했습니다.,100.0%,44.1%,746000.0
2026-06-15,신중히 매수,DB하이텍,000990,거래가 조용해져 다음 움직임을 준비하는 모습입니다.,73.3%,25.3%,161200.0
2026-06-15,신중히 매수,삼성전자,005930,과매도 반등 신호,89.7%,24.6%,337000.0
2026-06-15,신중히 매수,삼성생명,032830,과매도 반등 신호,100.0%,34.2%,423000.0
2026-06-15,신중히 매수,CAT,CAT,최근 급등 뒤 숨고르기 구간에 진입했습니다.,55.3%,3.6%,933.9299926757812
2026-06-15,신중히 매수,산일전기,062040,"RSI 반전 신호(상승 가능성), 거래가 조용해지며 다음 변동성을 준비하는 구간입니다.",52.6%,13.1%,251000.0
2026-06-15,신중히 매수,LG전자우,066575,최근 급등 뒤 숨고르기 구간에 진입했습니다.,88.9%,26.5%,87100.0
2026-06-15,신중히 매수,LS ELECTRIC,010120,거래가 조용해지며 다음 변동성을 준비하는 구간입니다.,55.6%,13.1%,257500.0
2026-06-15,신중히 매수,대덕,008060,거래가 조용해져 다음 움직임을 준비하는 모습입니다.,60.0%,8.9%,21500.0
2026-06-15,신중히 매수,AVGO,AVGO,"최근 급등 뒤 숨고르기 구간에 진입했습니다., 과매도 반등 신호",59.4%,4.7%,393.94000244140625
2026-06-15,신중히 매수,현대모비스,012330,과매도 반등 신호,96.0%,32.1%,640000.0
2026-06-15,신중히 매수,삼성에스디에스,018260,최근 급등 뒤 숨고르기 구간에 진입했습니다.,93.8%,30.1%,239500.0
2026-06-15,신중히 매수,삼성화재,000810,최근 급등 뒤 숨고르기 구간에 진입했습니다.,100.0%,27.9%,676000.0
2026-06-15,신중히 매수,효성중공업,298040,거래가 조용해지며 다음 변동성을 준비하는 구간입니다.,53.8%,11.0%,3752000.0
2026-06-15,신중히 매수,한온시스템,018880,RSI 반전 신호(상승 가능성),93.5%,22.8%,5680.0
2026-06-15,신중히 매수,삼성물산우B,02826K,과매도 반등 신호,75.9%,17.2%,252000.0
2026-06-15,신중히 매수,대한전선,001440,"RSI 반전 신호(상승 가능성), 거래가 조용해져 다음 움직임을 준비하는 모습입니다.",77.3%,29.0%,39950.0
2026-06-15,신중히 매수,효성,004800,거래가 조용해지며 다음 변동성을 준비하는 구간입니다.,50.0%,9.8%,191400.0
2026-06-15,신중히 매수,삼성E&amp;A,028050,거래가 조용해지며 다음 변동성을 준비하는 구간입니다.,51.7%,7.4%,52100.0
2026-06-15,신중히 매수,현대차,005380,최근 급등 뒤 숨고르기 구간에 진입했습니다.,100.0%,29.2%,647000.0
2026-06-15,신중히 매수,COST,COST,거래가 조용해져 다음 움직임을 준비하는 모습입니다.,64.5%,1.9%,979.4500122070312
2026-06-15,신중히 매수,HD현대일렉트릭,267260,거래가 조용해지며 다음 변동성을 준비하는 구간입니다.,60.9%,13.7%,1194000.0
2026-06-15,신중히 매수,LG,003550,과매도 반등 신호,95.0%,25.4%,118400.0
2026-06-15,신중히 매수,한미반도체,042700,거래가 조용해지며 다음 변동성을 준비하는 구간입니다.,62.5%,10.9%,347000.0
2026-06-15,신중히 매수,SK텔레콤,017670,최근 급등 뒤 숨고르기 구간에 진입했습니다.,91.4%,21.5%,105400.0
2026-06-15,신중히 매수,롯데에너지머티리얼즈,020150,거래가 조용해지며 다음 변동성을 준비하는 구간입니다.,87.5%,35.2%,56800.0
2026-06-15,신중히 매수,한화엔진,082740,RSI 반전 신호(상승 가능성),64.3%,15.0%,59300.0
2026-06-15,신중히 매수,삼성증권,016360,거래가 조용해지며 다음 변동성을 준비하는 구간입니다.,61.0%,10.4%,122500.0
2026-06-15,신중히 매수,두산퓨얼셀1우,33626K,RSI 반전 신호(상승 가능성),63.6%,15.5%,8410.0
2026-06-15,신중히 매수,LG디스플레이,034220,최근 급등 뒤 숨고르기 구간에 진입했습니다.,100.0%,17.7%,14130.0
2026-06-15,신중히 매수,두산우,000155,과매도 반등 신호,76.9%,18.7%,564000.0
2026-06-15,신중히 매수,일진전기,103590,거래가 조용해져 다음 움직임을 준비하는 모습입니다.,77.3%,26.6%,88000.0
2026-06-15,신중히 매수,포스코스틸리온,058430,"거래가 조용해져 다음 움직임을 준비하는 모습입니다., 거래가 조용해지며 다음 변동성을 준비하는 구간입니다.",55.0%,3.5%,5670.0
2026-06-15,신중히 매수,삼영,003720,"RSI 반전 신호(상승 가능성), 거래가 조용해져 다음 움직임을 준비하는 모습입니다.",86.2%,36.3%,8660.0
2026-06-15,신중히 매수,DB,012030,거래가 조용해져 다음 움직임을 준비하는 모습입니다.,78.1%,13.9%,1961.0
2026-06-15,신중히 매수,LG화학,051910,"RSI 반전 신호(상승 가능성), 거래가 조용해지며 다음 변동성을 준비하는 구간입니다.",50.0%,3.6%,360500.0
2026-06-15,신중히 매수,KG스틸,016380,거래가 조용해져 다음 움직임을 준비하는 모습입니다.,54.5%,2.0%,6220.0
2026-06-15,신중히 매수,경인전자,009140,과매도 반등 신호,64.1%,3.7%,26600.0
2026-06-15,신중히 매수,POSCO홀딩스,005490,RSI 반전 신호(상승 가능성),81.0%,20.4%,395000.0
2026-06-15,신중히 매수,유안타증권,003470,거래가 조용해져 다음 움직임을 준비하는 모습입니다.,61.1%,12.0%,5190.0
2026-06-15,신중히 매수,테이팩스,055490,최근 급등 뒤 숨고르기 구간에 진입했습니다.,68.8%,9.7%,18150.0
2026-06-15,신중히 매수,동국제강,460860,거래가 조용해져 다음 움직임을 준비하는 모습입니다.,57.1%,10.6%,10380.0
2026-06-15,신중히 매수,DN오토모티브,007340,거래가 조용해져 다음 움직임을 준비하는 모습입니다.,68.0%,12.5%,43850.0
2026-06-15,신중히 매수,평화홀딩스,010770,거래가 조용해져 다음 움직임을 준비하는 모습입니다.,62.5%,5.3%,4250.0
2026-06-15,신중히 매수,GS리테일,007070,거래가 조용해져 다음 움직임을 준비하는 모습입니다.,78.9%,15.7%,24850.0
2026-06-15,신중히 매수,LG우,003555,과매도 반등 신호,87.0%,12.4%,71700.0
2026-06-15,신중히 매수,계양전기,012200,거래가 조용해져 다음 움직임을 준비하는 모습입니다.,63.4%,28.1%,6200.0
2026-06-15,신중히 매수,자화전자,033240,거래가 조용해져 다음 움직임을 준비하는 모습입니다.,63.6%,4.8%,35400.0
2026-06-15,신중히 매수,현대제철,004020,거래가 조용해져 다음 움직임을 준비하는 모습입니다.,61.5%,4.1%,36650.0
2026-06-15,신중히 매수,대한유화,006650,거래가 조용해지며 다음 변동성을 준비하는 구간입니다.,66.7%,11.1%,141500.0
2026-06-15,신중히 매수,유진투자증권,001200,거래가 조용해져 다음 움직임을 준비하는 모습입니다.,62.5%,3.6%,4795.0
2026-06-15,신중히 매수,TYM,002900,거래가 조용해져 다음 움직임을 준비하는 모습입니다.,95.5%,25.3%,6800.0
2026-06-15,신중히 매수,문배철강,008420,거래가 조용해지며 다음 변동성을 준비하는 구간입니다.,56.5%,2.6%,2235.0
2026-06-15,신중히 매수,롯데정밀화학,004000,거래가 조용해지며 다음 변동성을 준비하는 구간입니다.,54.2%,5.9%,49550.0
2026-06-15,신중히 매수,롯데케미칼,011170,거래가 조용해지며 다음 변동성을 준비하는 구간입니다.,65.7%,12.9%,80900.0
2026-06-15,신중히 매수,진흥기업,002780,거래가 조용해지며 다음 변동성을 준비하는 구간입니다.,51.7%,8.7%,904.0
2026-06-15,신중히 매수,티에이치엔,019180,거래가 조용해져 다음 움직임을 준비하는 모습입니다.,75.9%,7.6%,7360.0
2026-06-15,신중히 매수,동양고속,084670,거래가 조용해져 다음 움직임을 준비하는 모습입니다.,51.4%,11.4%,36700.0
2026-06-15,신중히 매수,SK증권,001510,거래가 조용해지며 다음 변동성을 준비하는 구간입니다.,68.6%,15.8%,3225.0
2026-06-15,추가 확인 후 매수,한솔테크닉스,004710,"RSI 반전 신호(상승 가능성), 거래가 조용해지며 다음 변동성을 준비하는 구간입니다.",40.9%,6.5%,12860.0
2026-06-15,추가 확인 후 매수,대우건설,047040,거래가 조용해져 다음 움직임을 준비하는 모습입니다.,40.0%,8.5%,22900.0
2026-06-15,추가 확인 후 매수,수산세보틱스,017550,거래가 조용해지며 다음 변동성을 준비하는 구간입니다.,40.0%,-2.0%,2560.0
2026-06-15,추가 확인 후 매수,삼성SDI,006400,과매도 반등 신호,47.1%,6.1%,553000.0
2026-06-15,추가 확인 후 매수,GS글로벌,001250,거래가 조용해지며 다음 변동성을 준비하는 구간입니다.,40.6%,-0.5%,3120.0
2026-06-15,추가 확인 후 매수,HD건설기계,267270,거래가 조용해지며 다음 변동성을 준비하는 구간입니다.,40.6%,3.2%,154500.0
2026-06-15,추가 확인 후 매수,두산2우B,000157,"최근 급등 뒤 숨고르기 구간에 진입했습니다., 과매도 반등 신호",70.6%,11.3%,438500.0
2026-06-15,추가 확인 후 매수,일진홀딩스,015860,거래가 조용해져 다음 움직임을 준비하는 모습입니다.,91.3%,32.1%,7400.0
2026-06-15,추가 확인 후 매수,성문전자우,014915,거래가 조용해져 다음 움직임을 준비하는 모습입니다.,54.5%,4.7%,4455.0
2026-06-15,추가 확인 후 매수,동원수산,030720,거래가 조용해지며 다음 변동성을 준비하는 구간입니다.,60.0%,0.4%,6070.0
2026-06-15,추가 확인 후 매수,HD현대마린엔진,071970,거래가 조용해지며 다음 변동성을 준비하는 구간입니다.,75.0%,22.7%,71000.0
2026-06-15,추가 확인 후 매수,서원,021050,거래가 조용해져 다음 움직임을 준비하는 모습입니다.,64.7%,12.1%,1161.0
2026-06-15,추가 확인 후 매수,삼화전기,009470,"RSI 반전 신호(상승 가능성), 거래가 조용해져 다음 움직임을 준비하는 모습입니다.",56.5%,3.1%,33300.0
2026-06-15,추가 확인 후 매수,삼성FN리츠,448730,"RSI 반전 신호(상승 가능성), 거래가 조용해지며 다음 변동성을 준비하는 구간입니다.",48.3%,1.0%,5380.0
2026-06-15,추가 확인 후 매수,솔루스첨단소재1우,33637K,거래가 조용해지며 다음 변동성을 준비하는 구간입니다.,87.0%,16.2%,1920.0
2026-06-15,추가 확인 후 매수,WISCOM,024070,거래가 조용해지며 다음 변동성을 준비하는 구간입니다.,68.0%,7.1%,1931.0
2026-06-15,추가 확인 후 매수,혜인,003010,"RSI 반전 신호(상승 가능성), 거래가 조용해져 다음 움직임을 준비하는 모습입니다.",60.7%,5.0%,5070.0
2026-06-15,추가 확인 후 매수,HS효성첨단소재,298050,"RSI 반전 신호(상승 가능성), 거래가 조용해져 다음 움직임을 준비하는 모습입니다., 거래가 조용해지며 다음 변동성을 준비하는 구간입니다.",65.2%,6.7%,206000.0
2026-06-15,추가 확인 후 매수,코스모신소재,005070,RSI 반전 신호(상승 가능성),42.3%,-3.6%,48200.0
2026-06-15,추가 확인 후 매수,에이블씨엔씨,078520,거래가 조용해져 다음 움직임을 준비하는 모습입니다.,56.2%,-1.2%,11100.0
2026-06-15,추가 확인 후 매수,KSS해운,044450,거래가 조용해져 다음 움직임을 준비하는 모습입니다.,41.9%,-5.0%,10050.0
2026-06-15,추가 확인 후 매수,명신산업,009900,"RSI 반전 신호(상승 가능성), 거래가 조용해져 다음 움직임을 준비하는 모습입니다.",73.1%,20.0%,8780.0
2026-06-15,추가 확인 후 매수,한화투자증권,003530,거래가 조용해져 다음 움직임을 준비하는 모습입니다.,53.3%,1.3%,5900.0
2026-06-15,추가 확인 후 매수,SIMPAC,009160,거래가 조용해져 다음 움직임을 준비하는 모습입니다.,43.8%,-1.2%,4540.0
2026-06-15,추가 확인 후 매수,인지컨트롤스,023800,거래가 조용해져 다음 움직임을 준비하는 모습입니다.,48.4%,1.3%,5900.0
2026-06-15,추가 확인 후 매수,아이티센씨티에스,031820,거래가 조용해져 다음 움직임을 준비하는 모습입니다.,76.9%,9.3%,6060.0
2026-06-15,추가 확인 후 매수,미원화학,134380,거래가 조용해져 다음 움직임을 준비하는 모습입니다.,40.0%,-1.3%,10330.0
2026-06-15,추가 확인 후 매수,남해화학,025860,거래가 조용해져 다음 움직임을 준비하는 모습입니다.,64.0%,12.3%,6480.0
2026-06-15,추가 확인 후 매수,우진플라임,049800,거래가 조용해져 다음 움직임을 준비하는 모습입니다.,63.0%,1.8%,1982.0
2026-06-15,추가 확인 후 매수,와이투솔루션,011690,거래가 조용해져 다음 움직임을 준비하는 모습입니다.,67.9%,22.5%,4290.0
2026-06-15,추가 확인 후 매수,알루코,001780,거래가 조용해져 다음 움직임을 준비하는 모습입니다.,40.0%,-3.5%,2010.0
2026-06-15,추가 확인 후 매수,무림P&amp;P,009580,"거래가 조용해져 다음 움직임을 준비하는 모습입니다., 거래가 조용해지며 다음 변동성을 준비하는 구간입니다.",58.3%,4.0%,1836.0
2026-06-15,추가 확인 후 매수,KEC,092220,"RSI 반전 신호(상승 가능성), 거래가 조용해져 다음 움직임을 준비하는 모습입니다.",42.4%,-4.0%,4335.0
2026-06-15,추가 확인 후 매수,SK증권우,001515,"RSI 반전 신호(상승 가능성), 거래가 조용해져 다음 움직임을 준비하는 모습입니다.",70.4%,18.8%,5660.0
2026-06-16,신중히 매수,삼성전기,009150,거래가 조용해져 다음 움직임을 준비하는 모습입니다.,81.2%,30.7%,2048000.0
2026-06-16,신중히 매수,삼성전기우,009155,거래가 조용해져 다음 움직임을 준비하는 모습입니다.,88.2%,37.0%,628000.0
2026-06-16,신중히 매수,LG이노텍,011070,거래가 조용해져 다음 움직임을 준비하는 모습입니다.,92.3%,36.7%,1236000.0
2026-06-16,신중히 매수,광전자,017900,거래가 조용해져 다음 움직임을 준비하는 모습입니다.,57.1%,3.1%,10710.0
2026-06-16,신중히 매수,대원전선우,006345,"거래가 조용해져 다음 움직임을 준비하는 모습입니다., 거래가 조용해지며 다음 변동성을 준비하는 구간입니다.",51.6%,18.6%,12080.0
2026-06-16,신중히 매수,AMD,AMD,거래가 조용해지며 다음 변동성을 준비하는 구간입니다.,51.6%,3.3%,507.2900085449219
2026-06-16,신중히 매수,SK하이닉스,000660,거래가 조용해지며 다음 변동성을 준비하는 구간입니다.,59.3%,17.4%,2382000.0
2026-06-16,신중히 매수,삼화콘덴서,001820,거래가 조용해져 다음 움직임을 준비하는 모습입니다.,88.6%,32.4%,147900.0
2026-06-16,신중히 매수,두산퓨얼셀,336260,거래가 조용해져 다음 움직임을 준비하는 모습입니다.,52.2%,16.0%,78100.0
2026-06-16,신중히 매수,CRWD,CRWD,거래가 조용해지며 다음 변동성을 준비하는 구간입니다.,75.0%,7.7%,679.489990234375
2026-06-16,신중히 매수,SK,034730,"거래가 조용해져 다음 움직임을 준비하는 모습입니다., 거래가 조용해지며 다음 변동성을 준비하는 구간입니다.",83.3%,31.1%,673000.0
2026-06-16,신중히 매수,LG전자,066570,과매도 반등 신호,100.0%,42.7%,234000.0
2026-06-16,신중히 매수,대원전선,006340,거래가 조용해져 다음 움직임을 준비하는 모습입니다.,56.2%,23.7%,11150.0
2026-06-16,신중히 매수,CSCO,CSCO,"최근 급등 뒤 숨고르기 구간에 진입했습니다., 거래가 조용해지며 다음 변동성을 준비하는 구간입니다.",61.1%,2.3%,119.56999969482422
2026-06-16,신중히 매수,대덕전자,353200,거래가 조용해지며 다음 변동성을 준비하는 구간입니다.,82.4%,32.3%,169900.0
2026-06-16,신중히 매수,대덕전자1우,35320K,"거래가 조용해져 다음 움직임을 준비하는 모습입니다., 거래가 조용해지며 다음 변동성을 준비하는 구간입니다.",52.0%,6.4%,36900.0
2026-06-16,신중히 매수,DB하이텍,000990,거래가 조용해져 다음 움직임을 준비하는 모습입니다.,71.0%,23.9%,158000.0
2026-06-16,신중히 매수,현대오토에버,307950,"거래가 조용해져 다음 움직임을 준비하는 모습입니다., 과매도 반등 신호",100.0%,44.1%,716000.0
2026-06-16,신중히 매수,삼성물산,028260,과매도 반등 신호,93.3%,30.8%,497000.0
2026-06-16,신중히 매수,산일전기,062040,"RSI 반전 신호(상승 가능성), 거래가 조용해지며 다음 변동성을 준비하는 구간입니다.",50.0%,11.4%,254000.0
2026-06-16,신중히 매수,ASML,ASML,최근 급등 뒤 숨고르기 구간에 진입했습니다.,88.5%,10.3%,1803.8900146484375
2026-06-16,신중히 매수,삼성전자우,005935,과매도 반등 신호,55.6%,7.2%,224000.0
2026-06-16,신중히 매수,GS,GS,거래가 조용해져 다음 움직임을 준비하는 모습입니다.,93.5%,9.7%,1090.6700439453125
2026-06-16,신중히 매수,069500,069500,거래가 조용해지며 다음 변동성을 준비하는 구간입니다.,66.7%,11.4%,139550.0
2026-06-16,신중히 매수,대덕,008060,"거래가 조용해져 다음 움직임을 준비하는 모습입니다., 거래가 조용해지며 다음 변동성을 준비하는 구간입니다.",60.0%,8.9%,21100.0
2026-06-16,신중히 매수,성문전자,014910,"거래가 조용해져 다음 움직임을 준비하는 모습입니다., 과매도 반등 신호",74.1%,20.1%,2755.0
2026-06-16,신중히 매수,LS ELECTRIC,010120,거래가 조용해지며 다음 변동성을 준비하는 구간입니다.,52.6%,11.3%,257500.0
2026-06-16,신중히 매수,LG전자우,066575,과매도 반등 신호,88.9%,26.5%,82000.0
2026-06-16,신중히 매수,삼성에스디에스,018260,거래가 조용해져 다음 움직임을 준비하는 모습입니다.,93.8%,30.1%,238000.0
2026-06-16,신중히 매수,두산,000150,거래가 조용해져 다음 움직임을 준비하는 모습입니다.,94.7%,36.6%,1699000.0
2026-06-16,신중히 매수,LS,006260,거래가 조용해져 다음 움직임을 준비하는 모습입니다.,60.9%,22.7%,424000.0
2026-06-16,신중히 매수,HL만도,204320,거래량 급증,95.0%,24.2%,76900.0
2026-06-16,신중히 매수,LS에코에너지,229640,거래가 조용해져 다음 움직임을 준비하는 모습입니다.,61.3%,16.2%,66500.0
2026-06-16,신중히 매수,대양금속,009190,거래가 조용해져 다음 움직임을 준비하는 모습입니다.,87.5%,21.0%,1905.0
2026-06-16,신중히 매수,삼성화재,000810,과매도 반등 신호,100.0%,27.9%,671000.0
2026-06-16,신중히 매수,해성디에스,195870,거래가 조용해져 다음 움직임을 준비하는 모습입니다.,61.5%,18.7%,82100.0
2026-06-16,신중히 매수,효성중공업,298040,거래가 조용해지며 다음 변동성을 준비하는 구간입니다.,51.9%,9.8%,3892000.0
2026-06-16,신중히 매수,COST,COST,거래가 조용해져 다음 움직임을 준비하는 모습입니다.,62.5%,1.7%,986.6799926757812
2026-06-16,신중히 매수,롯데에너지머티리얼즈,020150,거래가 조용해지며 다음 변동성을 준비하는 구간입니다.,82.4%,32.0%,57700.0
2026-06-16,신중히 매수,대한전선,001440,RSI 반전 신호(상승 가능성),73.9%,26.8%,40700.0
2026-06-16,신중히 매수,비에이치,090460,거래가 조용해져 다음 움직임을 준비하는 모습입니다.,64.0%,14.7%,29100.0
2026-06-16,신중히 매수,현대차,005380,"최근 급등 뒤 숨고르기 구간에 진입했습니다., 과매도 반등 신호",100.0%,29.2%,640000.0
2026-06-16,신중히 매수,LG,003550,"거래가 조용해져 다음 움직임을 준비하는 모습입니다., 최근 급등 뒤 숨고르기 구간에 진입했습니다.",95.0%,25.4%,114100.0
2026-06-16,신중히 매수,삼성증권,016360,거래가 조용해지며 다음 변동성을 준비하는 구간입니다.,59.5%,9.7%,124600.0
2026-06-16,신중히 매수,HD현대일렉트릭,267260,거래가 조용해지며 다음 변동성을 준비하는 구간입니다.,60.9%,13.7%,1114000.0
2026-06-16,신중히 매수,LG디스플레이,034220,"최근 급등 뒤 숨고르기 구간에 진입했습니다., 과매도 반등 신호",100.0%,17.7%,13930.0
2026-06-16,신중히 매수,두산퓨얼셀1우,33626K,"RSI 반전 신호(상승 가능성), 거래가 조용해져 다음 움직임을 준비하는 모습입니다.",63.6%,15.5%,8540.0
2026-06-16,신중히 매수,포스코스틸리온,058430,거래가 조용해지며 다음 변동성을 준비하는 구간입니다.,53.7%,2.9%,5610.0
2026-06-16,신중히 매수,한미반도체,042700,거래가 조용해지며 다음 변동성을 준비하는 구간입니다.,75.8%,16.6%,328500.0
2026-06-16,신중히 매수,경인전자,009140,최근 급등 뒤 숨고르기 구간에 진입했습니다.,64.1%,3.7%,27350.0
2026-06-16,신중히 매수,DB,012030,거래가 조용해져 다음 움직임을 준비하는 모습입니다.,78.1%,13.9%,2005.0
2026-06-16,신중히 매수,삼영,003720,"RSI 반전 신호(상승 가능성), 거래가 조용해져 다음 움직임을 준비하는 모습입니다.",83.3%,34.4%,8760.0
2026-06-16,신중히 매수,일진전기,103590,거래가 조용해지며 다음 변동성을 준비하는 구간입니다.,73.9%,24.6%,88400.0
2026-06-16,신중히 매수,NC,036570,최근 급등 뒤 숨고르기 구간에 진입했습니다.,74.1%,11.9%,261000.0
2026-06-16,신중히 매수,KG스틸,016380,거래가 조용해져 다음 움직임을 준비하는 모습입니다.,50.0%,0.1%,6110.0
2026-06-16,신중히 매수,평화홀딩스,010770,거래가 조용해져 다음 움직임을 준비하는 모습입니다.,55.6%,2.5%,4250.0
2026-06-16,신중히 매수,동국제강,460860,거래가 조용해져 다음 움직임을 준비하는 모습입니다.,57.1%,10.6%,10120.0
2026-06-16,신중히 매수,유안타증권,003470,"거래가 조용해져 다음 움직임을 준비하는 모습입니다., 거래가 조용해지며 다음 변동성을 준비하는 구간입니다.",59.5%,11.2%,5290.0
2026-06-16,신중히 매수,테이팩스,055490,최근 급등 뒤 숨고르기 구간에 진입했습니다.,68.8%,9.7%,17800.0
2026-06-16,신중히 매수,LG우,003555,최근 급등 뒤 숨고르기 구간에 진입했습니다.,87.0%,12.4%,70700.0
2026-06-16,신중히 매수,경인양행,012610,거래가 조용해져 다음 움직임을 준비하는 모습입니다.,80.8%,19.6%,4210.0
2026-06-16,신중히 매수,유진투자증권,001200,"거래가 조용해져 다음 움직임을 준비하는 모습입니다., 거래가 조용해지며 다음 변동성을 준비하는 구간입니다.",60.6%,2.8%,4880.0
2026-06-16,신중히 매수,롯데정밀화학,004000,거래가 조용해지며 다음 변동성을 준비하는 구간입니다.,54.2%,5.9%,50600.0
2026-06-16,신중히 매수,현대제철,004020,거래가 조용해져 다음 움직임을 준비하는 모습입니다.,59.3%,3.2%,35850.0
2026-06-16,신중히 매수,TYM,002900,거래가 조용해져 다음 움직임을 준비하는 모습입니다.,95.5%,25.3%,6740.0
2026-06-16,신중히 매수,NHN,181710,거래가 조용해져 다음 움직임을 준비하는 모습입니다.,97.2%,30.8%,38700.0
2026-06-16,신중히 매수,롯데케미칼,011170,거래가 조용해지며 다음 변동성을 준비하는 구간입니다.,65.7%,12.9%,80800.0
2026-06-16,신중히 매수,진흥기업,002780,거래가 조용해지며 다음 변동성을 준비하는 구간입니다.,50.0%,7.8%,948.0
2026-06-16,신중히 매수,자화전자,033240,거래가 조용해져 다음 움직임을 준비하는 모습입니다.,61.8%,4.1%,35350.0
2026-06-16,신중히 매수,티에이치엔,019180,거래가 조용해져 다음 움직임을 준비하는 모습입니다.,73.3%,6.7%,7500.0
2026-06-16,신중히 매수,대한해운,005880,거래가 조용해져 다음 움직임을 준비하는 모습입니다.,50.0%,-2.8%,2125.0
2026-06-16,신중히 매수,동양고속,084670,"거래가 조용해져 다음 움직임을 준비하는 모습입니다., 최근 급등 뒤 숨고르기 구간에 진입했습니다.",50.0%,10.5%,36450.0
2026-06-16,신중히 매수,SK증권,001510,거래가 조용해지며 다음 변동성을 준비하는 구간입니다.,66.7%,14.8%,3200.0
2026-06-16,추가 확인 후 매수,케이씨텍,281820,RSI 반전 신호(상승 가능성),47.4%,10.5%,90100.0
2026-06-16,추가 확인 후 매수,효성,004800,거래가 조용해지며 다음 변동성을 준비하는 구간입니다.,48.1%,8.7%,196800.0
2026-06-16,추가 확인 후 매수,대덕1우,00806K,거래가 조용해져 다음 움직임을 준비하는 모습입니다.,40.0%,-2.1%,12640.0
2026-06-16,추가 확인 후 매수,수산세보틱스,017550,거래가 조용해지며 다음 변동성을 준비하는 구간입니다.,40.0%,-2.0%,2635.0
2026-06-16,추가 확인 후 매수,LX하우시스,108670,"거래가 조용해져 다음 움직임을 준비하는 모습입니다., 거래가 조용해지며 다음 변동성을 준비하는 구간입니다.",43.5%,-3.2%,34900.0
2026-06-16,추가 확인 후 매수,LG화학,051910,"RSI 반전 신호(상승 가능성), 거래가 조용해지며 다음 변동성을 준비하는 구간입니다.",47.4%,2.3%,367500.0
2026-06-16,추가 확인 후 매수,OCI,456040,"바닥권 반등 신호(BB 하단), 과매도 반등 신호",45.5%,5.5%,106600.0
2026-06-16,추가 확인 후 매수,STX엔진,077970,거래가 조용해져 다음 움직임을 준비하는 모습입니다.,60.0%,15.9%,35600.0
2026-06-16,추가 확인 후 매수,HD건설기계,267270,거래가 조용해지며 다음 변동성을 준비하는 구간입니다.,40.6%,3.2%,154600.0
2026-06-16,추가 확인 후 매수,일진홀딩스,015860,거래가 조용해져 다음 움직임을 준비하는 모습입니다.,91.3%,32.1%,7440.0
2026-06-16,추가 확인 후 매수,대한유화,006650,거래가 조용해지며 다음 변동성을 준비하는 구간입니다.,66.7%,11.1%,138800.0
2026-06-16,추가 확인 후 매수,동원수산,030720,거래가 조용해지며 다음 변동성을 준비하는 구간입니다.,60.0%,0.4%,6070.0
2026-06-16,추가 확인 후 매수,HD현대마린엔진,071970,거래가 조용해지며 다음 변동성을 준비하는 구간입니다.,75.0%,22.7%,72000.0
2026-06-16,추가 확인 후 매수,서원,021050,거래가 조용해져 다음 움직임을 준비하는 모습입니다.,64.7%,12.1%,1220.0
2026-06-16,추가 확인 후 매수,문배철강,008420,거래가 조용해지며 다음 변동성을 준비하는 구간입니다.,54.2%,1.6%,2220.0
2026-06-16,추가 확인 후 매수,삼성FN리츠,448730,"RSI 반전 신호(상승 가능성), 거래가 조용해지며 다음 변동성을 준비하는 구간입니다.",46.7%,0.3%,5480.0
2026-06-16,추가 확인 후 매수,WISCOM,024070,"거래가 조용해져 다음 움직임을 준비하는 모습입니다., 거래가 조용해지며 다음 변동성을 준비하는 구간입니다.",68.0%,7.1%,1914.0
2026-06-16,추가 확인 후 매수,솔루스첨단소재1우,33637K,거래가 조용해지며 다음 변동성을 준비하는 구간입니다.,87.0%,16.2%,1900.0
2026-06-16,추가 확인 후 매수,HS효성첨단소재,298050,"RSI 반전 신호(상승 가능성), 거래가 조용해지며 다음 변동성을 준비하는 구간입니다.",65.2%,6.7%,207000.0
2026-06-16,추가 확인 후 매수,금호건설우,002995,RSI 반전 신호(상승 가능성),40.6%,-2.2%,12990.0
2026-06-16,추가 확인 후 매수,KSS해운,044450,거래가 조용해져 다음 움직임을 준비하는 모습입니다.,41.9%,-5.0%,10070.0
2026-06-16,추가 확인 후 매수,혜인,003010,RSI 반전 신호(상승 가능성),60.7%,5.0%,5100.0
2026-06-16,추가 확인 후 매수,삼화전기,009470,거래가 조용해져 다음 움직임을 준비하는 모습입니다.,56.5%,3.1%,33100.0
2026-06-16,추가 확인 후 매수,명신산업,009900,"RSI 반전 신호(상승 가능성), 거래가 조용해져 다음 움직임을 준비하는 모습입니다.",73.1%,20.0%,8800.0
2026-06-16,추가 확인 후 매수,에이블씨엔씨,078520,거래가 조용해져 다음 움직임을 준비하는 모습입니다.,56.2%,-1.2%,10800.0
2026-06-16,추가 확인 후 매수,인지컨트롤스,023800,거래가 조용해져 다음 움직임을 준비하는 모습입니다.,48.4%,1.3%,5880.0
2026-06-16,추가 확인 후 매수,SIMPAC,009160,거래가 조용해져 다음 움직임을 준비하는 모습입니다.,43.8%,-1.2%,4520.0
2026-06-16,추가 확인 후 매수,아이티센씨티에스,031820,거래가 조용해져 다음 움직임을 준비하는 모습입니다.,76.9%,9.3%,6000.0
2026-06-16,추가 확인 후 매수,알루코,001780,거래가 조용해져 다음 움직임을 준비하는 모습입니다.,40.0%,-3.5%,2030.0
2026-06-16,추가 확인 후 매수,남해화학,025860,거래가 조용해져 다음 움직임을 준비하는 모습입니다.,64.0%,12.3%,6530.0
2026-06-16,추가 확인 후 매수,와이투솔루션,011690,거래가 조용해져 다음 움직임을 준비하는 모습입니다.,67.9%,22.5%,4590.0
2026-06-16,추가 확인 후 매수,우진플라임,049800,거래가 조용해져 다음 움직임을 준비하는 모습입니다.,63.0%,1.8%,1945.0
2026-06-16,추가 확인 후 매수,무림P&amp;P,009580,"거래가 조용해져 다음 움직임을 준비하는 모습입니다., 거래가 조용해지며 다음 변동성을 준비하는 구간입니다.",58.3%,4.0%,1850.0
2026-06-16,추가 확인 후 매수,KEC,092220,"거래가 조용해져 다음 움직임을 준비하는 모습입니다., 과매도 반등 신호",42.4%,-4.0%,4180.0
2026-06-16,추가 확인 후 매수,SK증권우,001515,거래가 조용해져 다음 움직임을 준비하는 모습입니다.,70.4%,18.8%,5650.0
2026-06-17,신중히 매수,삼성전기,009150,거래가 조용해져 다음 움직임을 준비하는 모습입니다.,76.5%,27.7%,2032000.0
2026-06-17,신중히 매수,대원전선우,006345,"거래가 조용해져 다음 움직임을 준비하는 모습입니다., 거래가 조용해지며 다음 변동성을 준비하는 구간입니다., 거래량 급증",50.0%,17.4%,15700.0
2026-06-17,신중히 매수,삼성전기우,009155,거래가 조용해져 다음 움직임을 준비하는 모습입니다.,83.3%,33.8%,617000.0
2026-06-17,신중히 매수,LG이노텍,011070,거래가 조용해져 다음 움직임을 준비하는 모습입니다.,85.7%,32.7%,1248000.0
2026-06-17,신중히 매수,가온전선,000500,바닥권 반등 신호(BB 하단),58.8%,18.3%,341000.0
2026-06-17,신중히 매수,광전자,017900,거래가 조용해져 다음 움직임을 준비하는 모습입니다.,54.5%,2.0%,10240.0
2026-06-17,신중히 매수,AMD,AMD,거래가 조용해지며 다음 변동성을 준비하는 구간입니다.,48.4%,2.1%,512.47998046875
2026-06-17,신중히 매수,삼화콘덴서,001820,거래가 조용해져 다음 움직임을 준비하는 모습입니다.,86.1%,30.9%,151400.0
2026-06-17,신중히 매수,SK,034730,거래가 조용해지며 다음 변동성을 준비하는 구간입니다.,78.9%,28.4%,708000.0
2026-06-17,신중히 매수,대덕전자,353200,거래가 조용해지며 다음 변동성을 준비하는 구간입니다.,76.5%,29.8%,174200.0
2026-06-17,신중히 매수,두산퓨얼셀,336260,거래가 조용해져 다음 움직임을 준비하는 모습입니다.,50.0%,14.1%,76500.0
2026-06-17,신중히 매수,LG전자,066570,거래가 조용해져 다음 움직임을 준비하는 모습입니다.,100.0%,42.7%,234500.0
2026-06-17,신중히 매수,CRWD,CRWD,"거래가 조용해져 다음 움직임을 준비하는 모습입니다., 거래가 조용해지며 다음 변동성을 준비하는 구간입니다.",75.0%,7.7%,682.9600219726562
2026-06-17,신중히 매수,대덕전자1우,35320K,"거래가 조용해져 다음 움직임을 준비하는 모습입니다., 거래가 조용해지며 다음 변동성을 준비하는 구간입니다.",50.0%,5.4%,37300.0
2026-06-17,신중히 매수,삼성생명,032830,거래가 조용해져 다음 움직임을 준비하는 모습입니다.,95.5%,31.7%,447000.0
2026-06-17,신중히 매수,CSCO,CSCO,"최근 급등 뒤 숨고르기 구간에 진입했습니다., 거래가 조용해지며 다음 변동성을 준비하는 구간입니다., 과매도 반등 신호",58.3%,1.9%,117.33000183105469
2026-06-17,신중히 매수,삼성전자,005930,거래가 조용해지며 다음 변동성을 준비하는 구간입니다.,83.9%,21.7%,346500.0
2026-06-17,신중히 매수,삼성전자우,005935,거래가 조용해져 다음 움직임을 준비하는 모습입니다.,55.6%,7.2%,226500.0
2026-06-17,신중히 매수,DB하이텍,000990,거래가 조용해져 다음 움직임을 준비하는 모습입니다.,68.8%,22.5%,158500.0
2026-06-17,신중히 매수,현대오토에버,307950,"거래가 조용해져 다음 움직임을 준비하는 모습입니다., 최근 급등 뒤 숨고르기 구간에 진입했습니다.",95.5%,41.2%,691000.0
2026-06-17,신중히 매수,대덕,008060,"거래가 조용해져 다음 움직임을 준비하는 모습입니다., 거래가 조용해지며 다음 변동성을 준비하는 구간입니다.",57.1%,7.5%,21400.0
2026-06-17,신중히 매수,AVGO,AVGO,거래가 조용해져 다음 움직임을 준비하는 모습입니다.,54.5%,3.1%,392.8999938964844
2026-06-17,신중히 매수,LS ELECTRIC,010120,거래가 조용해지며 다음 변동성을 준비하는 구간입니다.,50.0%,9.7%,255000.0
2026-06-17,신중히 매수,LS에코에너지,229640,거래가 조용해져 다음 움직임을 준비하는 모습입니다.,61.3%,16.2%,72000.0
2026-06-17,신중히 매수,LS,006260,거래가 조용해져 다음 움직임을 준비하는 모습입니다.,60.9%,22.7%,433000.0
2026-06-17,신중히 매수,LG씨엔에스,064400,"거래가 조용해져 다음 움직임을 준비하는 모습입니다., 최근 급등 뒤 숨고르기 구간에 진입했습니다.",90.9%,21.7%,92400.0
2026-06-17,신중히 매수,LG전자우,066575,거래가 조용해져 다음 움직임을 준비하는 모습입니다.,84.2%,24.0%,79600.0
2026-06-17,신중히 매수,두산,000150,거래가 조용해져 다음 움직임을 준비하는 모습입니다.,94.7%,36.6%,1624000.0
2026-06-17,신중히 매수,해성디에스,195870,거래가 조용해져 다음 움직임을 준비하는 모습입니다.,61.5%,18.7%,81200.0
2026-06-17,신중히 매수,삼성에스디에스,018260,"거래가 조용해져 다음 움직임을 준비하는 모습입니다., 과매도 반등 신호",88.2%,27.2%,232500.0
2026-06-17,신중히 매수,효성중공업,298040,거래가 조용해지며 다음 변동성을 준비하는 구간입니다.,50.0%,8.8%,3855000.0
2026-06-17,신중히 매수,한화엔진,082740,RSI 반전 신호(상승 가능성),60.7%,12.6%,65500.0
2026-06-17,신중히 매수,COST,COST,거래가 조용해져 다음 움직임을 준비하는 모습입니다.,62.5%,1.6%,965.5900268554688
2026-06-17,신중히 매수,대한전선,001440,"RSI 반전 신호(상승 가능성), 거래가 조용해져 다음 움직임을 준비하는 모습입니다.",70.8%,24.9%,41150.0
2026-06-17,신중히 매수,포스코스틸리온,058430,거래가 조용해지며 다음 변동성을 준비하는 구간입니다.,52.4%,2.4%,6580.0
2026-06-17,신중히 매수,롯데에너지머티리얼즈,020150,거래가 조용해지며 다음 변동성을 준비하는 구간입니다.,77.8%,29.1%,55200.0
2026-06-17,신중히 매수,대양금속,009190,거래가 조용해져 다음 움직임을 준비하는 모습입니다.,87.5%,21.0%,1808.0
2026-06-17,신중히 매수,비에이치,090460,거래가 조용해져 다음 움직임을 준비하는 모습입니다.,64.0%,14.7%,28850.0
2026-06-17,신중히 매수,삼성증권,016360,거래가 조용해지며 다음 변동성을 준비하는 구간입니다.,58.1%,9.0%,123900.0
2026-06-17,신중히 매수,LG,003550,거래가 조용해져 다음 움직임을 준비하는 모습입니다.,90.5%,23.2%,112500.0
2026-06-17,신중히 매수,두산로보틱스,454910,최근 급등 뒤 숨고르기 구간에 진입했습니다.,87.5%,20.3%,106200.0
2026-06-17,신중히 매수,SK텔레콤,017670,거래가 조용해져 다음 움직임을 준비하는 모습입니다.,88.6%,19.8%,99000.0
2026-06-17,신중히 매수,일진전기,103590,"거래가 조용해져 다음 움직임을 준비하는 모습입니다., 거래가 조용해지며 다음 변동성을 준비하는 구간입니다.",70.8%,22.8%,88900.0
2026-06-17,신중히 매수,HD현대일렉트릭,267260,거래가 조용해지며 다음 변동성을 준비하는 구간입니다.,58.3%,12.3%,1120000.0
2026-06-17,신중히 매수,NC,036570,과매도 반등 신호,74.1%,11.9%,266500.0
2026-06-17,신중히 매수,한미반도체,042700,거래가 조용해지며 다음 변동성을 준비하는 구간입니다.,73.5%,15.5%,319500.0
2026-06-17,신중히 매수,두산우,000155,"거래가 조용해져 다음 움직임을 준비하는 모습입니다., 최근 급등 뒤 숨고르기 구간에 진입했습니다.",74.1%,17.3%,552000.0
2026-06-17,신중히 매수,두산퓨얼셀1우,33626K,거래가 조용해져 다음 움직임을 준비하는 모습입니다.,59.1%,11.8%,8470.0
2026-06-17,신중히 매수,삼영,003720,거래가 조용해져 다음 움직임을 준비하는 모습입니다.,80.6%,32.7%,8610.0
2026-06-17,신중히 매수,DN오토모티브,007340,거래가 조용해지며 다음 변동성을 준비하는 구간입니다.,65.4%,11.2%,45100.0
2026-06-17,신중히 매수,DB,012030,거래가 조용해져 다음 움직임을 준비하는 모습입니다.,75.8%,12.8%,1906.0
2026-06-17,신중히 매수,유안타증권,003470,"거래가 조용해져 다음 움직임을 준비하는 모습입니다., 거래가 조용해지며 다음 변동성을 준비하는 구간입니다.",56.8%,9.2%,5290.0
2026-06-17,신중히 매수,동국제강,460860,거래가 조용해지며 다음 변동성을 준비하는 구간입니다.,53.6%,8.2%,10090.0
2026-06-17,신중히 매수,한솔홀딩스,004150,거래가 조용해져 다음 움직임을 준비하는 모습입니다.,85.7%,12.5%,3625.0
2026-06-17,신중히 매수,POSCO홀딩스,005490,거래가 조용해지며 다음 변동성을 준비하는 구간입니다.,77.3%,18.6%,384500.0
2026-06-17,신중히 매수,평화홀딩스,010770,거래가 조용해져 다음 움직임을 준비하는 모습입니다.,50.0%,0.2%,4180.0
2026-06-17,신중히 매수,유진투자증권,001200,거래가 조용해지며 다음 변동성을 준비하는 구간입니다.,58.8%,2.2%,4895.0
2026-06-17,신중히 매수,테이팩스,055490,과매도 반등 신호,64.7%,8.0%,17160.0
2026-06-17,신중히 매수,NHN,181710,거래가 조용해져 다음 움직임을 준비하는 모습입니다.,97.2%,30.8%,38900.0
2026-06-17,신중히 매수,LG우,003555,거래가 조용해져 다음 움직임을 준비하는 모습입니다.,83.3%,11.1%,69500.0
2026-06-17,신중히 매수,롯데정밀화학,004000,거래가 조용해지며 다음 변동성을 준비하는 구간입니다.,52.0%,4.9%,50400.0
2026-06-17,신중히 매수,경인양행,012610,거래가 조용해져 다음 움직임을 준비하는 모습입니다.,80.8%,19.6%,4210.0
2026-06-17,신중히 매수,문배철강,008420,거래가 조용해지며 다음 변동성을 준비하는 구간입니다.,52.0%,0.8%,2280.0
2026-06-17,신중히 매수,계양전기우,012205,거래가 조용해져 다음 움직임을 준비하는 모습입니다.,67.4%,34.7%,9460.0
2026-06-17,신중히 매수,TYM,002900,거래가 조용해져 다음 움직임을 준비하는 모습입니다.,90.9%,22.9%,6730.0
2026-06-17,신중히 매수,롯데케미칼,011170,거래가 조용해지며 다음 변동성을 준비하는 구간입니다.,63.9%,12.0%,81900.0
2026-06-17,신중히 매수,자화전자,033240,거래가 조용해져 다음 움직임을 준비하는 모습입니다.,60.0%,3.4%,34600.0
2026-06-17,신중히 매수,에이엔피,015260,거래가 조용해져 다음 움직임을 준비하는 모습입니다.,51.6%,-0.8%,600.0
2026-06-17,신중히 매수,티에이치엔,019180,거래가 조용해져 다음 움직임을 준비하는 모습입니다.,71.0%,5.8%,7350.0
2026-06-17,신중히 매수,계양전기,012200,거래가 조용해져 다음 움직임을 준비하는 모습입니다.,60.5%,25.9%,6220.0
2026-06-17,신중히 매수,대한해운,005880,거래가 조용해져 다음 움직임을 준비하는 모습입니다.,50.0%,-2.8%,2110.0
2026-06-17,신중히 매수,한화갤러리아우,45226K,거래가 조용해져 다음 움직임을 준비하는 모습입니다.,60.0%,4.4%,5560.0
2026-06-17,신중히 매수,SK증권,001510,거래가 조용해지며 다음 변동성을 준비하는 구간입니다.,64.9%,13.9%,3160.0
2026-06-17,추가 확인 후 매수,케이씨텍,281820,RSI 반전 신호(상승 가능성),47.4%,10.5%,91600.0
2026-06-17,추가 확인 후 매수,산일전기,062040,거래가 조용해지며 다음 변동성을 준비하는 구간입니다.,47.6%,9.9%,251000.0
2026-06-17,추가 확인 후 매수,효성,004800,거래가 조용해지며 다음 변동성을 준비하는 구간입니다.,46.4%,7.6%,198400.0
2026-06-17,추가 확인 후 매수,대덕1우,00806K,거래가 조용해져 다음 움직임을 준비하는 모습입니다.,40.0%,-2.1%,12720.0
2026-06-17,추가 확인 후 매수,LX하우시스,108670,"거래가 조용해져 다음 움직임을 준비하는 모습입니다., 거래가 조용해지며 다음 변동성을 준비하는 구간입니다.",43.5%,-3.2%,34100.0
2026-06-17,추가 확인 후 매수,LG화학,051910,거래가 조용해지며 다음 변동성을 준비하는 구간입니다.,45.0%,1.2%,361000.0
2026-06-17,추가 확인 후 매수,STX엔진,077970,거래가 조용해져 다음 움직임을 준비하는 모습입니다.,60.0%,15.9%,37750.0
2026-06-17,추가 확인 후 매수,솔루엠,248070,거래가 조용해지며 다음 변동성을 준비하는 구간입니다.,44.0%,1.3%,18730.0
2026-06-17,추가 확인 후 매수,KG스틸,016380,거래가 조용해져 다음 움직임을 준비하는 모습입니다.,46.2%,-1.4%,5850.0
2026-06-17,추가 확인 후 매수,대한유화,006650,거래가 조용해지며 다음 변동성을 준비하는 구간입니다.,64.0%,9.9%,136900.0
2026-06-17,추가 확인 후 매수,일진홀딩스,015860,거래가 조용해져 다음 움직임을 준비하는 모습입니다.,91.3%,32.1%,7280.0
2026-06-17,추가 확인 후 매수,HD현대마린엔진,071970,거래가 조용해지며 다음 변동성을 준비하는 구간입니다.,75.0%,22.7%,75300.0
2026-06-17,추가 확인 후 매수,삼성FN리츠,448730,RSI 반전 신호(상승 가능성),45.2%,-0.4%,5610.0
2026-06-17,추가 확인 후 매수,서원,021050,거래가 조용해져 다음 움직임을 준비하는 모습입니다.,64.7%,12.1%,1216.0
2026-06-17,추가 확인 후 매수,동원수산,030720,"최근 급등 뒤 숨고르기 구간에 진입했습니다., 거래가 조용해지며 다음 변동성을 준비하는 구간입니다.",60.0%,0.4%,6010.0
2026-06-17,추가 확인 후 매수,진흥기업,002780,"거래가 조용해져 다음 움직임을 준비하는 모습입니다., 거래가 조용해지며 다음 변동성을 준비하는 구간입니다.",48.4%,6.9%,920.0
2026-06-17,추가 확인 후 매수,HS효성첨단소재,298050,"거래가 조용해져 다음 움직임을 준비하는 모습입니다., 거래가 조용해지며 다음 변동성을 준비하는 구간입니다.",63.6%,5.6%,204000.0
2026-06-17,추가 확인 후 매수,혜인,003010,"RSI 반전 신호(상승 가능성), 거래가 조용해져 다음 움직임을 준비하는 모습입니다.",60.7%,5.0%,5120.0
2026-06-17,추가 확인 후 매수,삼화전기,009470,거래가 조용해져 다음 움직임을 준비하는 모습입니다.,59.1%,4.2%,33000.0
2026-06-17,추가 확인 후 매수,WISCOM,024070,"거래가 조용해져 다음 움직임을 준비하는 모습입니다., 거래가 조용해지며 다음 변동성을 준비하는 구간입니다.",68.0%,7.1%,1914.0
2026-06-17,추가 확인 후 매수,솔루스첨단소재1우,33637K,거래가 조용해지며 다음 변동성을 준비하는 구간입니다.,87.0%,16.2%,1895.0
2026-06-17,추가 확인 후 매수,에이블씨엔씨,078520,거래가 조용해져 다음 움직임을 준비하는 모습입니다.,56.2%,-1.2%,10870.0
2026-06-17,추가 확인 후 매수,명신산업,009900,거래가 조용해져 다음 움직임을 준비하는 모습입니다.,73.1%,20.0%,8780.0
2026-06-17,추가 확인 후 매수,KSS해운,044450,거래가 조용해져 다음 움직임을 준비하는 모습입니다.,40.6%,-5.5%,10060.0
2026-06-17,추가 확인 후 매수,동양고속,084670,거래가 조용해져 다음 움직임을 준비하는 모습입니다.,48.6%,9.7%,35450.0
2026-06-17,추가 확인 후 매수,SIMPAC,009160,거래가 조용해져 다음 움직임을 준비하는 모습입니다.,43.8%,-1.2%,4560.0
2026-06-17,추가 확인 후 매수,상상인증권,001290,거래가 조용해지며 다음 변동성을 준비하는 구간입니다.,43.2%,-1.7%,945.0
2026-06-17,추가 확인 후 매수,인지컨트롤스,023800,거래가 조용해져 다음 움직임을 준비하는 모습입니다.,48.4%,1.3%,5780.0
2026-06-17,추가 확인 후 매수,알루코,001780,거래가 조용해져 다음 움직임을 준비하는 모습입니다.,40.0%,-3.5%,2080.0
2026-06-17,추가 확인 후 매수,아이티센씨티에스,031820,거래가 조용해져 다음 움직임을 준비하는 모습입니다.,76.9%,9.3%,5940.0
2026-06-17,추가 확인 후 매수,와이투솔루션,011690,거래가 조용해져 다음 움직임을 준비하는 모습입니다.,67.9%,22.5%,4515.0
2026-06-17,추가 확인 후 매수,남해화학,025860,거래가 조용해져 다음 움직임을 준비하는 모습입니다.,64.0%,12.3%,6530.0
2026-06-17,추가 확인 후 매수,우진플라임,049800,거래가 조용해져 다음 움직임을 준비하는 모습입니다.,63.0%,1.8%,1949.0
2026-06-17,추가 확인 후 매수,무림P&amp;P,009580,"거래가 조용해져 다음 움직임을 준비하는 모습입니다., 거래가 조용해지며 다음 변동성을 준비하는 구간입니다.",58.3%,4.0%,1840.0
2026-06-17,추가 확인 후 매수,KEC,092220,거래가 조용해져 다음 움직임을 준비하는 모습입니다.,42.4%,-4.0%,4045.0
2026-06-17,추가 확인 후 매수,SK증권우,001515,거래가 조용해져 다음 움직임을 준비하는 모습입니다.,70.4%,18.8%,5350.0
2026-06-18,신중히 매수,삼성전기,009150,거래가 조용해져 다음 움직임을 준비하는 모습입니다.,72.2%,25.1%,2200000.0
2026-06-18,신중히 매수,삼성전기우,009155,거래가 조용해져 다음 움직임을 준비하는 모습입니다.,78.9%,31.0%,726000.0
2026-06-18,신중히 매수,LG이노텍,011070,"거래가 조용해져 다음 움직임을 준비하는 모습입니다., 거래가 조용해지며 다음 변동성을 준비하는 구간입니다.",80.0%,29.2%,1283000.0
2026-06-18,신중히 매수,AMD,AMD,거래가 조용해지며 다음 변동성을 준비하는 구간입니다.,45.2%,0.8%,537.3699951171875
2026-06-18,신중히 매수,광전자,017900,거래가 조용해져 다음 움직임을 준비하는 모습입니다.,52.2%,1.1%,9930.0
2026-06-18,신중히 매수,SK,034730,거래가 조용해지며 다음 변동성을 준비하는 구간입니다.,75.0%,26.0%,687000.0
2026-06-18,신중히 매수,삼성생명,032830,거래가 조용해져 다음 움직임을 준비하는 모습입니다.,95.5%,31.7%,469000.0
2026-06-18,신중히 매수,CRWD,CRWD,"거래가 조용해져 다음 움직임을 준비하는 모습입니다., 거래가 조용해지며 다음 변동성을 준비하는 구간입니다.",60.0%,3.5%,684.8599853515625
2026-06-18,신중히 매수,LG전자,066570,"거래가 조용해져 다음 움직임을 준비하는 모습입니다., 최근 급등 뒤 숨고르기 구간에 진입했습니다.",94.1%,39.1%,228500.0
2026-06-18,신중히 매수,대덕전자,353200,거래가 조용해지며 다음 변동성을 준비하는 구간입니다.,72.2%,27.0%,167600.0
2026-06-18,신중히 매수,CSCO,CSCO,거래가 조용해지며 다음 변동성을 준비하는 구간입니다.,55.6%,1.5%,119.54000091552734
2026-06-18,신중히 매수,삼성전자,005930,거래가 조용해지며 다음 변동성을 준비하는 구간입니다.,83.9%,21.7%,362500.0
2026-06-18,신중히 매수,ASML,ASML,최근 급등 뒤 숨고르기 구간에 진입했습니다.,88.9%,10.4%,1929.6800537109375
2026-06-18,신중히 매수,삼성물산,028260,거래가 조용해져 다음 움직임을 준비하는 모습입니다.,90.3%,29.1%,485500.0
2026-06-18,신중히 매수,삼성전자우,005935,거래가 조용해져 다음 움직임을 준비하는 모습입니다.,52.6%,5.7%,228500.0
2026-06-18,신중히 매수,069500,069500,거래가 조용해지며 다음 변동성을 준비하는 구간입니다.,64.3%,10.3%,146945.0
2026-06-18,신중히 매수,현대오토에버,307950,거래가 조용해져 다음 움직임을 준비하는 모습입니다.,91.3%,38.6%,668000.0
2026-06-18,신중히 매수,DB하이텍,000990,거래가 조용해져 다음 움직임을 준비하는 모습입니다.,66.7%,21.2%,154500.0
2026-06-18,신중히 매수,대덕,008060,"거래가 조용해져 다음 움직임을 준비하는 모습입니다., 거래가 조용해지며 다음 변동성을 준비하는 구간입니다.",54.5%,6.3%,21000.0
2026-06-18,신중히 매수,AVGO,AVGO,거래가 조용해져 다음 움직임을 준비하는 모습입니다.,53.1%,2.6%,411.3500061035156
2026-06-18,신중히 매수,LG전자우,066575,"거래가 조용해져 다음 움직임을 준비하는 모습입니다., 최근 급등 뒤 숨고르기 구간에 진입했습니다.",80.0%,21.8%,77000.0
2026-06-18,신중히 매수,삼성화재,000810,거래가 조용해져 다음 움직임을 준비하는 모습입니다.,87.5%,21.1%,700000.0
2026-06-18,신중히 매수,LG씨엔에스,064400,거래가 조용해져 다음 움직임을 준비하는 모습입니다.,90.9%,21.7%,90000.0
2026-06-18,신중히 매수,LS,006260,거래가 조용해져 다음 움직임을 준비하는 모습입니다.,58.3%,20.9%,417500.0
2026-06-18,신중히 매수,현대모비스,012330,거래가 조용해져 다음 움직임을 준비하는 모습입니다.,92.3%,30.1%,603000.0
2026-06-18,신중히 매수,두산,000150,거래가 조용해져 다음 움직임을 준비하는 모습입니다.,90.0%,33.8%,1634000.0
2026-06-18,신중히 매수,해성디에스,195870,거래가 조용해져 다음 움직임을 준비하는 모습입니다.,59.3%,17.3%,79400.0
2026-06-18,신중히 매수,LS에코에너지,229640,거래가 조용해져 다음 움직임을 준비하는 모습입니다.,62.5%,16.3%,65100.0
2026-06-18,신중히 매수,삼성에스디에스,018260,거래가 조용해져 다음 움직임을 준비하는 모습입니다.,83.3%,24.5%,221000.0
2026-06-18,신중히 매수,대한전선,001440,거래가 조용해져 다음 움직임을 준비하는 모습입니다.,68.0%,23.1%,39500.0
2026-06-18,신중히 매수,대양금속,009190,거래가 조용해져 다음 움직임을 준비하는 모습입니다.,77.8%,16.4%,1821.0
2026-06-18,신중히 매수,삼성증권,016360,거래가 조용해지며 다음 변동성을 준비하는 구간입니다.,56.8%,8.3%,119200.0
2026-06-18,신중히 매수,LG,003550,거래가 조용해져 다음 움직임을 준비하는 모습입니다.,86.4%,21.3%,109900.0
2026-06-18,신중히 매수,포스코스틸리온,058430,거래가 조용해지며 다음 변동성을 준비하는 구간입니다.,55.8%,3.7%,5950.0
2026-06-18,신중히 매수,LG디스플레이,034220,거래가 조용해져 다음 움직임을 준비하는 모습입니다.,75.0%,8.3%,13530.0
2026-06-18,신중히 매수,일진전기,103590,거래가 조용해지며 다음 변동성을 준비하는 구간입니다.,68.0%,21.0%,88000.0
2026-06-18,신중히 매수,HD현대일렉트릭,267260,거래가 조용해지며 다음 변동성을 준비하는 구간입니다.,60.0%,12.5%,1087000.0
2026-06-18,신중히 매수,솔루스첨단소재,336370,최근 급등 뒤 숨고르기 구간에 진입했습니다.,54.3%,7.5%,11200.0
2026-06-18,신중히 매수,NC,036570,거래가 조용해져 다음 움직임을 준비하는 모습입니다.,71.4%,10.7%,258500.0
2026-06-18,신중히 매수,한미반도체,042700,거래가 조용해지며 다음 변동성을 준비하는 구간입니다.,71.4%,14.5%,315500.0
2026-06-18,신중히 매수,두산우,000155,거래가 조용해져 다음 움직임을 준비하는 모습입니다.,74.1%,17.3%,563000.0
2026-06-18,신중히 매수,삼화전기,009470,"RSI 반전 신호(상승 가능성), 거래량 급증",59.1%,4.2%,42900.0
2026-06-18,신중히 매수,두산2우B,000157,거래가 조용해져 다음 움직임을 준비하는 모습입니다.,70.6%,11.3%,459000.0
2026-06-18,신중히 매수,SK텔레콤,017670,거래가 조용해져 다음 움직임을 준비하는 모습입니다.,88.2%,19.8%,95900.0
2026-06-18,신중히 매수,비에이치,090460,거래가 조용해져 다음 움직임을 준비하는 모습입니다.,61.5%,13.4%,26650.0
2026-06-18,신중히 매수,DN오토모티브,007340,거래가 조용해지며 다음 변동성을 준비하는 구간입니다.,64.0%,10.0%,42700.0
2026-06-18,신중히 매수,DB,012030,거래가 조용해져 다음 움직임을 준비하는 모습입니다.,73.5%,11.9%,1885.0
2026-06-18,신중히 매수,삼영,003720,거래가 조용해져 다음 움직임을 준비하는 모습입니다.,77.4%,30.3%,8350.0
2026-06-18,신중히 매수,NHN,181710,"거래가 조용해져 다음 움직임을 준비하는 모습입니다., 최근 급등 뒤 숨고르기 구간에 진입했습니다.",94.4%,29.2%,40650.0
2026-06-18,신중히 매수,유안타증권,003470,"거래가 조용해져 다음 움직임을 준비하는 모습입니다., 거래가 조용해지며 다음 변동성을 준비하는 구간입니다.",55.3%,8.5%,5010.0
2026-06-18,신중히 매수,한솔홀딩스,004150,거래가 조용해져 다음 움직임을 준비하는 모습입니다.,85.7%,12.5%,3570.0
2026-06-18,신중히 매수,유진투자증권,001200,거래가 조용해지며 다음 변동성을 준비하는 구간입니다.,55.9%,1.2%,4850.0
2026-06-18,신중히 매수,제이에스코퍼레이션,194370,최근 급등 뒤 숨고르기 구간에 진입했습니다.,57.1%,1.9%,11920.0
2026-06-18,신중히 매수,테이팩스,055490,거래가 조용해져 다음 움직임을 준비하는 모습입니다.,61.1%,6.4%,17000.0
2026-06-18,신중히 매수,POSCO홀딩스,005490,거래가 조용해지며 다음 변동성을 준비하는 구간입니다.,77.3%,18.6%,367000.0
2026-06-18,신중히 매수,동국제강,460860,거래가 조용해지며 다음 변동성을 준비하는 구간입니다.,51.7%,7.2%,9640.0
2026-06-18,신중히 매수,롯데정밀화학,004000,거래가 조용해지며 다음 변동성을 준비하는 구간입니다.,50.0%,3.9%,49100.0
2026-06-18,신중히 매수,문배철강,008420,"최근 급등 뒤 숨고르기 구간에 진입했습니다., 거래가 조용해지며 다음 변동성을 준비하는 구간입니다.",52.0%,0.8%,2275.0
2026-06-18,신중히 매수,경인양행,012610,거래가 조용해져 다음 움직임을 준비하는 모습입니다.,76.9%,18.1%,4055.0
2026-06-18,신중히 매수,롯데케미칼,011170,거래가 조용해지며 다음 변동성을 준비하는 구간입니다.,62.2%,11.1%,79500.0
2026-06-18,신중히 매수,자화전자,033240,거래가 조용해져 다음 움직임을 준비하는 모습입니다.,57.1%,2.3%,33150.0
2026-06-18,신중히 매수,에이엔피,015260,거래가 조용해져 다음 움직임을 준비하는 모습입니다.,51.6%,-0.8%,597.0
2026-06-18,신중히 매수,계양전기,012200,거래가 조용해져 다음 움직임을 준비하는 모습입니다.,60.5%,25.9%,5940.0
2026-06-18,신중히 매수,계양전기우,012205,거래가 조용해져 다음 움직임을 준비하는 모습입니다.,67.4%,34.7%,9030.0
2026-06-18,신중히 매수,SK증권,001510,거래가 조용해지며 다음 변동성을 준비하는 구간입니다.,63.2%,13.0%,2995.0
2026-06-18,추가 확인 후 매수,대원전선우,006345,거래가 조용해지며 다음 변동성을 준비하는 구간입니다.,48.5%,16.3%,14700.0
2026-06-18,추가 확인 후 매수,대덕전자1우,35320K,"거래가 조용해져 다음 움직임을 준비하는 모습입니다., 거래가 조용해지며 다음 변동성을 준비하는 구간입니다.",48.1%,4.5%,36300.0
2026-06-18,추가 확인 후 매수,산일전기,062040,거래가 조용해지며 다음 변동성을 준비하는 구간입니다.,45.5%,8.5%,241500.0
2026-06-18,추가 확인 후 매수,COST,COST,거래가 조용해져 다음 움직임을 준비하는 모습입니다.,62.5%,1.5%,951.4500122070312
2026-06-18,추가 확인 후 매수,효성,004800,거래가 조용해지며 다음 변동성을 준비하는 구간입니다.,44.8%,6.7%,188700.0
2026-06-18,추가 확인 후 매수,주성코퍼레이션,109070,거래가 조용해져 다음 움직임을 준비하는 모습입니다.,40.0%,7.2%,1561.0
2026-06-18,추가 확인 후 매수,LX하우시스,108670,"거래가 조용해져 다음 움직임을 준비하는 모습입니다., 거래가 조용해지며 다음 변동성을 준비하는 구간입니다.",41.7%,-3.9%,32800.0
2026-06-18,추가 확인 후 매수,LG화학,051910,거래가 조용해지며 다음 변동성을 준비하는 구간입니다.,42.9%,0.2%,342500.0
2026-06-18,추가 확인 후 매수,평화홀딩스,010770,거래가 조용해져 다음 움직임을 준비하는 모습입니다.,45.5%,-1.6%,4170.0
2026-06-18,추가 확인 후 매수,세우글로벌,013000,거래가 조용해지며 다음 변동성을 준비하는 구간입니다.,44.0%,-4.1%,1334.0
2026-06-18,추가 확인 후 매수,일진홀딩스,015860,거래가 조용해져 다음 움직임을 준비하는 모습입니다.,91.3%,32.1%,7180.0
2026-06-18,추가 확인 후 매수,LG우,003555,거래가 조용해져 다음 움직임을 준비하는 모습입니다.,80.0%,9.8%,68200.0
2026-06-18,추가 확인 후 매수,동원수산,030720,"최근 급등 뒤 숨고르기 구간에 진입했습니다., 거래가 조용해지며 다음 변동성을 준비하는 구간입니다.",60.0%,0.4%,5980.0
2026-06-18,추가 확인 후 매수,TYM,002900,거래가 조용해져 다음 움직임을 준비하는 모습입니다.,87.0%,21.1%,6570.0
2026-06-18,추가 확인 후 매수,두산퓨얼셀1우,33626K,거래가 조용해져 다음 움직임을 준비하는 모습입니다.,56.5%,10.4%,7370.0
2026-06-18,추가 확인 후 매수,대한유화,006650,거래가 조용해지며 다음 변동성을 준비하는 구간입니다.,64.0%,9.9%,129100.0
2026-06-18,추가 확인 후 매수,서원,021050,거래가 조용해져 다음 움직임을 준비하는 모습입니다.,64.7%,12.1%,1189.0
2026-06-18,추가 확인 후 매수,WISCOM,024070,"거래가 조용해져 다음 움직임을 준비하는 모습입니다., 거래가 조용해지며 다음 변동성을 준비하는 구간입니다.",68.0%,7.1%,1911.0
2026-06-18,추가 확인 후 매수,STX엔진,077970,거래가 조용해져 다음 움직임을 준비하는 모습입니다.,60.0%,15.9%,34400.0
2026-06-18,추가 확인 후 매수,진흥기업,002780,"거래가 조용해져 다음 움직임을 준비하는 모습입니다., 거래가 조용해지며 다음 변동성을 준비하는 구간입니다.",46.9%,6.0%,892.0
2026-06-18,추가 확인 후 매수,티에이치엔,019180,거래가 조용해져 다음 움직임을 준비하는 모습입니다.,68.8%,5.0%,7050.0
2026-06-18,추가 확인 후 매수,HS효성첨단소재,298050,"거래가 조용해져 다음 움직임을 준비하는 모습입니다., 거래가 조용해지며 다음 변동성을 준비하는 구간입니다.",63.6%,5.6%,196100.0
2026-06-18,추가 확인 후 매수,에이블씨엔씨,078520,거래가 조용해져 다음 움직임을 준비하는 모습입니다.,56.2%,-1.2%,10390.0
2026-06-18,추가 확인 후 매수,HD현대마린엔진,071970,거래가 조용해지며 다음 변동성을 준비하는 구간입니다.,75.0%,22.7%,68800.0
2026-06-18,추가 확인 후 매수,솔루스첨단소재1우,33637K,거래가 조용해지며 다음 변동성을 준비하는 구간입니다.,87.0%,16.2%,1877.0
2026-06-18,추가 확인 후 매수,명신산업,009900,거래가 조용해져 다음 움직임을 준비하는 모습입니다.,73.1%,20.0%,8420.0
2026-06-18,추가 확인 후 매수,혜인,003010,거래가 조용해져 다음 움직임을 준비하는 모습입니다.,60.7%,5.0%,4860.0
2026-06-18,추가 확인 후 매수,상상인증권,001290,거래가 조용해지며 다음 변동성을 준비하는 구간입니다.,43.2%,-1.7%,937.0
2026-06-18,추가 확인 후 매수,대한해운,005880,거래가 조용해져 다음 움직임을 준비하는 모습입니다.,47.2%,-4.0%,2060.0
2026-06-18,추가 확인 후 매수,코스모신소재,005070,거래가 조용해져 다음 움직임을 준비하는 모습입니다.,42.3%,-3.6%,44050.0
2026-06-18,추가 확인 후 매수,SIMPAC,009160,거래가 조용해져 다음 움직임을 준비하는 모습입니다.,43.8%,-1.2%,4405.0
2026-06-18,추가 확인 후 매수,인지컨트롤스,023800,거래가 조용해져 다음 움직임을 준비하는 모습입니다.,48.4%,1.3%,5660.0
2026-06-18,추가 확인 후 매수,아이티센씨티에스,031820,거래가 조용해져 다음 움직임을 준비하는 모습입니다.,76.9%,9.3%,5740.0
2026-06-18,추가 확인 후 매수,한화갤러리아우,45226K,거래가 조용해져 다음 움직임을 준비하는 모습입니다.,61.8%,5.1%,5200.0
2026-06-18,추가 확인 후 매수,알루코,001780,거래가 조용해져 다음 움직임을 준비하는 모습입니다.,40.0%,-3.5%,1980.0
2026-06-18,추가 확인 후 매수,와이투솔루션,011690,거래가 조용해져 다음 움직임을 준비하는 모습입니다.,67.9%,22.5%,4285.0
2026-06-18,추가 확인 후 매수,우진플라임,049800,거래가 조용해져 다음 움직임을 준비하는 모습입니다.,61.5%,1.2%,1902.0
2026-06-18,추가 확인 후 매수,남해화학,025860,"거래가 조용해져 다음 움직임을 준비하는 모습입니다., 거래가 조용해지며 다음 변동성을 준비하는 구간입니다.",64.0%,12.3%,6290.0
2026-06-18,추가 확인 후 매수,무림P&amp;P,009580,"거래가 조용해져 다음 움직임을 준비하는 모습입니다., 거래가 조용해지며 다음 변동성을 준비하는 구간입니다.",58.3%,4.0%,1740.0
2026-06-18,추가 확인 후 매수,KEC,092220,거래가 조용해져 다음 움직임을 준비하는 모습입니다.,42.4%,-4.0%,3875.0
2026-06-18,추가 확인 후 매수,SK증권우,001515,거래가 조용해져 다음 움직임을 준비하는 모습입니다.,70.4%,18.8%,5000.0
