{
    "signals": {
        "최근 급등 뒤 숨고르기 구간에 진입했습니다.": {
            "total_count": 39,
            "win_count": 28,
            "total_return": 149.90970580461735,
            "avg_return": 3.843838610374804,
            "win_rate": 71.7948717948718
        },
        "거래가 조용해져 다음 움직임을 준비하는 모습입니다.": {
            "total_count": 20,
            "win_count": 16,
            "total_return": 133.18832169120793,
            "avg_return": 6.659416084560396,
            "win_rate": 80.0
        },
        "거래량 급증": {
            "total_count": 8,
            "win_count": 2,
            "total_return": -29.24061493154352,
            "avg_return": -3.65507686644294,
            "win_rate": 25.0
        },
        "바닥권 반등 신호(BB 하단)": {
            "total_count": 2,
            "win_count": 2,
            "total_return": 4.095350867030351,
            "avg_return": 2.0476754335151757,
            "win_rate": 100.0
        },
        "거래가 조용해지며 다음 변동성을 준비하는 구간입니다.": {
            "total_count": 13,
            "win_count": 12,
            "total_return": 138.71360054219332,
            "avg_return": 10.670276964784101,
            "win_rate": 92.3076923076923
        },
        "과매도 반등 신호": {
            "total_count": 12,
            "win_count": 10,
            "total_return": 37.86397035200333,
            "avg_return": 3.155330862666944,
            "win_rate": 83.33333333333334
        },
        "RSI 반전 신호(상승 가능성)": {
            "total_count": 2,
            "win_count": 2,
            "total_return": 19.733851276359605,
            "avg_return": 9.866925638179803,
            "win_rate": 100.0
        },
        "52주 신고가 돌파(모멘텀)": {
            "total_count": 2,
            "win_count": 2,
            "total_return": 65.79075142951096,
            "avg_return": 32.89537571475548,
            "win_rate": 100.0
        }
    },
    "market_conditions": {
        "bull": {
            "optimal_params": {},
            "performance": {
                "count": 0,
                "avg_return": 0.0,
                "win_rate": 0.0
            }
        },
        "bear": {
            "optimal_params": {},
            "performance": {
                "count": 0,
                "avg_return": 0.0,
                "win_rate": 0.0
            }
        },
        "neutral": {
            "optimal_params": {},
            "performance": {
                "count": 0,
                "avg_return": 0.0,
                "win_rate": 0.0
            }
        }
    },
    "failure_patterns": {
        "high_volatility_stocks": {
            "description": "변동성이 높은 종목에서의 실패율",
            "fail_count": 95,
            "total_count": 95,
            "fail_rate": 100.0
        },
        "low_volume_stocks": {
            "description": "거래량이 적은 종목에서의 실패율",
            "fail_count": 59,
            "total_count": 59,
            "fail_rate": 100.0
        },
        "false_breakouts": {
            "description": "가짜 돌파 후 실패",
            "fail_count": 0,
            "total_count": 0,
            "fail_rate": 0.0
        }
    },
    "last_updated": "2026-05-07 00:36:55"
}