{
    "signals": {
        "거래량 급증": {
            "total_count": 7,
            "win_count": 2,
            "total_return": -13.862792567473626,
            "avg_return": -1.980398938210518,
            "win_rate": 28.57142857142857
        },
        "최근 급등 뒤 숨고르기 구간에 진입했습니다.": {
            "total_count": 21,
            "win_count": 13,
            "total_return": 179.14108079771972,
            "avg_return": 8.530527657034273,
            "win_rate": 61.904761904761905
        },
        "거래가 조용해지며 다음 변동성을 준비하는 구간입니다.": {
            "total_count": 13,
            "win_count": 12,
            "total_return": 323.8163364896229,
            "avg_return": 24.908948960740226,
            "win_rate": 92.3076923076923
        },
        "바닥권 반등 신호(BB 하단)": {
            "total_count": 1,
            "win_count": 1,
            "total_return": 0.3476897895626862,
            "avg_return": 0.3476897895626862,
            "win_rate": 100.0
        },
        "과매도 반등 신호": {
            "total_count": 12,
            "win_count": 9,
            "total_return": 58.615839943449174,
            "avg_return": 4.8846533286207645,
            "win_rate": 75.0
        },
        "거래가 조용해져 다음 움직임을 준비하는 모습입니다.": {
            "total_count": 15,
            "win_count": 12,
            "total_return": 144.49179259783213,
            "avg_return": 9.632786173188808,
            "win_rate": 80.0
        },
        "RSI 반전 신호(상승 가능성)": {
            "total_count": 2,
            "win_count": 2,
            "total_return": 0.9787902330743451,
            "avg_return": 0.48939511653717255,
            "win_rate": 100.0
        },
        "52주 신고가 돌파(모멘텀)": {
            "total_count": 2,
            "win_count": 2,
            "total_return": 67.88009471309304,
            "avg_return": 33.94004735654652,
            "win_rate": 100.0
        }
    },
    "market_conditions": {
        "bull": {
            "optimal_params": {},
            "performance": {
                "count": 0,
                "avg_return": 0.0,
                "win_rate": 0.0
            }
        },
        "bear": {
            "optimal_params": {},
            "performance": {
                "count": 0,
                "avg_return": 0.0,
                "win_rate": 0.0
            }
        },
        "neutral": {
            "optimal_params": {},
            "performance": {
                "count": 0,
                "avg_return": 0.0,
                "win_rate": 0.0
            }
        }
    },
    "failure_patterns": {
        "high_volatility_stocks": {
            "description": "변동성이 높은 종목에서의 실패율",
            "fail_count": 133,
            "total_count": 133,
            "fail_rate": 100.0
        },
        "low_volume_stocks": {
            "description": "거래량이 적은 종목에서의 실패율",
            "fail_count": 76,
            "total_count": 76,
            "fail_rate": 100.0
        },
        "false_breakouts": {
            "description": "가짜 돌파 후 실패",
            "fail_count": 0,
            "total_count": 0,
            "fail_rate": 0.0
        }
    },
    "last_updated": "2026-05-16 05:51:14"
}