{
    "signals": {
        "최근 급등 뒤 숨고르기 구간에 진입했습니다.": {
            "total_count": 36,
            "win_count": 31,
            "total_return": 266.465083170773,
            "avg_return": 7.401807865854806,
            "win_rate": 86.11111111111111
        },
        "거래가 조용해져 다음 움직임을 준비하는 모습입니다.": {
            "total_count": 16,
            "win_count": 10,
            "total_return": 110.3456095921654,
            "avg_return": 6.896600599510338,
            "win_rate": 62.5
        },
        "거래량 급증": {
            "total_count": 8,
            "win_count": 3,
            "total_return": -57.86410541087956,
            "avg_return": -7.233013176359945,
            "win_rate": 37.5
        },
        "바닥권 반등 신호(BB 하단)": {
            "total_count": 2,
            "win_count": 1,
            "total_return": 0.7018244828838248,
            "avg_return": 0.3509122414419124,
            "win_rate": 50.0
        },
        "거래가 조용해지며 다음 변동성을 준비하는 구간입니다.": {
            "total_count": 10,
            "win_count": 9,
            "total_return": 104.59132289459755,
            "avg_return": 10.459132289459756,
            "win_rate": 90.0
        },
        "과매도 반등 신호": {
            "total_count": 9,
            "win_count": 6,
            "total_return": 67.86588450873839,
            "avg_return": 7.5406538343042655,
            "win_rate": 66.66666666666666
        },
        "RSI 반전 신호(상승 가능성)": {
            "total_count": 2,
            "win_count": 2,
            "total_return": 18.624254086637265,
            "avg_return": 9.312127043318633,
            "win_rate": 100.0
        },
        "52주 신고가 돌파(모멘텀)": {
            "total_count": 2,
            "win_count": 2,
            "total_return": 28.446645606604434,
            "avg_return": 14.223322803302217,
            "win_rate": 100.0
        }
    },
    "market_conditions": {
        "bull": {
            "optimal_params": {},
            "performance": {
                "count": 0,
                "avg_return": 0.0,
                "win_rate": 0.0
            }
        },
        "bear": {
            "optimal_params": {},
            "performance": {
                "count": 0,
                "avg_return": 0.0,
                "win_rate": 0.0
            }
        },
        "neutral": {
            "optimal_params": {},
            "performance": {
                "count": 0,
                "avg_return": 0.0,
                "win_rate": 0.0
            }
        }
    },
    "failure_patterns": {
        "high_volatility_stocks": {
            "description": "변동성이 높은 종목에서의 실패율",
            "fail_count": 18,
            "total_count": 18,
            "fail_rate": 100.0
        },
        "low_volume_stocks": {
            "description": "거래량이 적은 종목에서의 실패율",
            "fail_count": 3,
            "total_count": 3,
            "fail_rate": 100.0
        },
        "false_breakouts": {
            "description": "가짜 돌파 후 실패",
            "fail_count": 0,
            "total_count": 0,
            "fail_rate": 0.0
        }
    },
    "last_updated": "2026-04-28 11:34:08"
}